/****************************************************************************
** Resource object code
**
** Created by: The Resource Compiler for Qt version 5.6.3
**
** WARNING! All changes made in this file will be lost!
*****************************************************************************/

static const unsigned char qt_resource_data[] = {
  // /home/oles/sailfish/app-sources/harbour-amazfish/ui/qml/components/PAITile.qml
  0x0,0x0,0x9,0x2b,
  0x69,
  0x6d,0x70,0x6f,0x72,0x74,0x20,0x51,0x74,0x51,0x75,0x69,0x63,0x6b,0x20,0x32,0x2e,
  0x30,0xa,0x69,0x6d,0x70,0x6f,0x72,0x74,0x20,0x22,0x2e,0x2f,0x70,0x6c,0x61,0x74,
  0x66,0x6f,0x72,0x6d,0x22,0xa,0xa,0x54,0x69,0x6c,0x65,0x20,0x7b,0xa,0x20,0x20,
  0x20,0x20,0x74,0x65,0x78,0x74,0x3a,0x20,0x71,0x73,0x54,0x72,0x28,0x22,0x50,0x41,
  0x49,0x22,0x29,0xa,0xa,0x20,0x20,0x20,0x20,0x63,0x6f,0x6e,0x74,0x65,0x6e,0x74,
  0x49,0x74,0x65,0x6d,0x3a,0x20,0x50,0x65,0x72,0x63,0x65,0x6e,0x74,0x43,0x69,0x72,
  0x63,0x6c,0x65,0x20,0x7b,0xa,0x20,0x20,0x20,0x20,0x20,0x20,0x20,0x20,0x69,0x64,
  0x3a,0x20,0x70,0x61,0x69,0x43,0x69,0x72,0x63,0x6c,0x65,0xa,0x20,0x20,0x20,0x20,
  0x20,0x20,0x20,0x20,0x61,0x6e,0x63,0x68,0x6f,0x72,0x73,0x2e,0x68,0x6f,0x72,0x69,
  0x7a,0x6f,0x6e,0x74,0x61,0x6c,0x43,0x65,0x6e,0x74,0x65,0x72,0x3a,0x20,0x70,0x61,
  0x72,0x65,0x6e,0x74,0x2e,0x68,0x6f,0x72,0x69,0x7a,0x6f,0x6e,0x74,0x61,0x6c,0x43,
  0x65,0x6e,0x74,0x65,0x72,0xa,0x20,0x20,0x20,0x20,0x20,0x20,0x20,0x20,0x73,0x69,
  0x7a,0x65,0x3a,0x20,0x70,0x61,0x72,0x65,0x6e,0x74,0x2e,0x77,0x69,0x64,0x74,0x68,
  0x20,0x2d,0x20,0x73,0x74,0x79,0x6c,0x65,0x72,0x2e,0x74,0x68,0x65,0x6d,0x65,0x48,
  0x6f,0x72,0x69,0x7a,0x6f,0x6e,0x74,0x61,0x6c,0x50,0x61,0x67,0x65,0x4d,0x61,0x72,
  0x67,0x69,0x6e,0x20,0x2a,0x20,0x34,0xa,0x20,0x20,0x20,0x20,0x20,0x20,0x20,0x20,
  0x77,0x69,0x64,0x74,0x68,0x52,0x61,0x74,0x69,0x6f,0x3a,0x20,0x30,0x2e,0x30,0x38,
  0xa,0xa,0x20,0x20,0x20,0x20,0x20,0x20,0x20,0x20,0x49,0x74,0x65,0x6d,0x20,0x7b,
  0xa,0x20,0x20,0x20,0x20,0x20,0x20,0x20,0x20,0x20,0x20,0x20,0x20,0x61,0x6e,0x63,
  0x68,0x6f,0x72,0x73,0x2e,0x63,0x65,0x6e,0x74,0x65,0x72,0x49,0x6e,0x3a,0x20,0x70,
  0x61,0x72,0x65,0x6e,0x74,0xa,0x20,0x20,0x20,0x20,0x20,0x20,0x20,0x20,0x20,0x20,
  0x20,0x20,0x68,0x65,0x69,0x67,0x68,0x74,0x3a,0x20,0x6c,0x62,0x6c,0x50,0x41,0x49,
  0x54,0x6f,0x74,0x61,0x6c,0x2e,0x68,0x65,0x69,0x67,0x68,0x74,0x20,0x2b,0x20,0x6c,
  0x62,0x6c,0x50,0x41,0x49,0x54,0x6f,0x64,0x61,0x79,0x2e,0x68,0x65,0x69,0x67,0x68,
  0x74,0x20,0x2b,0x20,0x73,0x74,0x79,0x6c,0x65,0x72,0x2e,0x70,0x61,0x64,0x64,0x69,
  0x6e,0x67,0x53,0x6d,0x61,0x6c,0x6c,0xa,0x20,0x20,0x20,0x20,0x20,0x20,0x20,0x20,
  0x20,0x20,0x20,0x20,0x77,0x69,0x64,0x74,0x68,0x3a,0x20,0x4d,0x61,0x74,0x68,0x2e,
  0x6d,0x61,0x78,0x28,0x6c,0x62,0x6c,0x50,0x41,0x49,0x54,0x6f,0x74,0x61,0x6c,0x2e,
  0x77,0x69,0x64,0x74,0x68,0x2c,0x20,0x6c,0x62,0x6c,0x50,0x41,0x49,0x54,0x6f,0x64,
  0x61,0x79,0x2e,0x77,0x69,0x64,0x74,0x68,0x29,0xa,0xa,0x20,0x20,0x20,0x20,0x20,
  0x20,0x20,0x20,0x20,0x20,0x20,0x20,0x4c,0x61,0x62,0x65,0x6c,0x50,0x4c,0x20,0x7b,
  0xa,0x20,0x20,0x20,0x20,0x20,0x20,0x20,0x20,0x20,0x20,0x20,0x20,0x20,0x20,0x20,
  0x20,0x69,0x64,0x3a,0x20,0x6c,0x62,0x6c,0x50,0x41,0x49,0x54,0x6f,0x74,0x61,0x6c,
  0xa,0x20,0x20,0x20,0x20,0x20,0x20,0x20,0x20,0x20,0x20,0x20,0x20,0x20,0x20,0x20,
  0x20,0x61,0x6e,0x63,0x68,0x6f,0x72,0x73,0x20,0x7b,0xa,0x20,0x20,0x20,0x20,0x20,
  0x20,0x20,0x20,0x20,0x20,0x20,0x20,0x20,0x20,0x20,0x20,0x20,0x20,0x20,0x20,0x68,
  0x6f,0x72,0x69,0x7a,0x6f,0x6e,0x74,0x61,0x6c,0x43,0x65,0x6e,0x74,0x65,0x72,0x3a,
  0x20,0x70,0x61,0x72,0x65,0x6e,0x74,0x2e,0x68,0x6f,0x72,0x69,0x7a,0x6f,0x6e,0x74,
  0x61,0x6c,0x43,0x65,0x6e,0x74,0x65,0x72,0xa,0x20,0x20,0x20,0x20,0x20,0x20,0x20,
  0x20,0x20,0x20,0x20,0x20,0x20,0x20,0x20,0x20,0x20,0x20,0x20,0x20,0x62,0x6f,0x74,
  0x74,0x6f,0x6d,0x3a,0x20,0x70,0x61,0x69,0x43,0x65,0x6e,0x74,0x65,0x72,0x49,0x74,
  0x65,0x6d,0x2e,0x74,0x6f,0x70,0xa,0x20,0x20,0x20,0x20,0x20,0x20,0x20,0x20,0x20,
  0x20,0x20,0x20,0x20,0x20,0x20,0x20,0x7d,0xa,0x20,0x20,0x20,0x20,0x20,0x20,0x20,
  0x20,0x20,0x20,0x20,0x20,0x20,0x20,0x20,0x20,0x63,0x6f,0x6c,0x6f,0x72,0x3a,0x20,
  0x73,0x74,0x79,0x6c,0x65,0x72,0x2e,0x74,0x68,0x65,0x6d,0x65,0x48,0x69,0x67,0x68,
  0x6c,0x69,0x67,0x68,0x74,0x43,0x6f,0x6c,0x6f,0x72,0xa,0x20,0x20,0x20,0x20,0x20,
  0x20,0x20,0x20,0x20,0x20,0x20,0x20,0x20,0x20,0x20,0x20,0x66,0x6f,0x6e,0x74,0x2e,
  0x70,0x69,0x78,0x65,0x6c,0x53,0x69,0x7a,0x65,0x3a,0x20,0x73,0x74,0x79,0x6c,0x65,
  0x72,0x2e,0x74,0x68,0x65,0x6d,0x65,0x46,0x6f,0x6e,0x74,0x53,0x69,0x7a,0x65,0x48,
  0x75,0x67,0x65,0xa,0x20,0x20,0x20,0x20,0x20,0x20,0x20,0x20,0x20,0x20,0x20,0x20,
  0x20,0x20,0x20,0x20,0x76,0x65,0x72,0x74,0x69,0x63,0x61,0x6c,0x41,0x6c,0x69,0x67,
  0x6e,0x6d,0x65,0x6e,0x74,0x3a,0x20,0x54,0x65,0x78,0x74,0x2e,0x41,0x6c,0x69,0x67,
  0x6e,0x56,0x43,0x65,0x6e,0x74,0x65,0x72,0xa,0x20,0x20,0x20,0x20,0x20,0x20,0x20,
  0x20,0x20,0x20,0x20,0x20,0x7d,0xa,0xa,0x20,0x20,0x20,0x20,0x20,0x20,0x20,0x20,
  0x20,0x20,0x20,0x20,0x49,0x74,0x65,0x6d,0x20,0x7b,0xa,0x20,0x20,0x20,0x20,0x20,
  0x20,0x20,0x20,0x20,0x20,0x20,0x20,0x20,0x20,0x20,0x20,0x69,0x64,0x3a,0x20,0x70,
  0x61,0x69,0x43,0x65,0x6e,0x74,0x65,0x72,0x49,0x74,0x65,0x6d,0xa,0x20,0x20,0x20,
  0x20,0x20,0x20,0x20,0x20,0x20,0x20,0x20,0x20,0x20,0x20,0x20,0x20,0x77,0x69,0x64,
  0x74,0x68,0x3a,0x20,0x31,0xa,0x20,0x20,0x20,0x20,0x20,0x20,0x20,0x20,0x20,0x20,
  0x20,0x20,0x20,0x20,0x20,0x20,0x68,0x65,0x69,0x67,0x68,0x74,0x3a,0x20,0x31,0xa,
  0x20,0x20,0x20,0x20,0x20,0x20,0x20,0x20,0x20,0x20,0x20,0x20,0x20,0x20,0x20,0x20,
  0x61,0x6e,0x63,0x68,0x6f,0x72,0x73,0x2e,0x63,0x65,0x6e,0x74,0x65,0x72,0x49,0x6e,
  0x3a,0x20,0x70,0x61,0x72,0x65,0x6e,0x74,0xa,0x20,0x20,0x20,0x20,0x20,0x20,0x20,
  0x20,0x20,0x20,0x20,0x20,0x7d,0xa,0xa,0x20,0x20,0x20,0x20,0x20,0x20,0x20,0x20,
  0x20,0x20,0x20,0x20,0x4c,0x61,0x62,0x65,0x6c,0x50,0x4c,0x20,0x7b,0xa,0x20,0x20,
  0x20,0x20,0x20,0x20,0x20,0x20,0x20,0x20,0x20,0x20,0x20,0x20,0x20,0x20,0x69,0x64,
  0x3a,0x20,0x6c,0x62,0x6c,0x50,0x41,0x49,0x54,0x6f,0x64,0x61,0x79,0xa,0x20,0x20,
  0x20,0x20,0x20,0x20,0x20,0x20,0x20,0x20,0x20,0x20,0x20,0x20,0x20,0x20,0x61,0x6e,
  0x63,0x68,0x6f,0x72,0x73,0x20,0x7b,0xa,0x20,0x20,0x20,0x20,0x20,0x20,0x20,0x20,
  0x20,0x20,0x20,0x20,0x20,0x20,0x20,0x20,0x20,0x20,0x20,0x20,0x68,0x6f,0x72,0x69,
  0x7a,0x6f,0x6e,0x74,0x61,0x6c,0x43,0x65,0x6e,0x74,0x65,0x72,0x3a,0x20,0x70,0x61,
  0x72,0x65,0x6e,0x74,0x2e,0x68,0x6f,0x72,0x69,0x7a,0x6f,0x6e,0x74,0x61,0x6c,0x43,
  0x65,0x6e,0x74,0x65,0x72,0xa,0x20,0x20,0x20,0x20,0x20,0x20,0x20,0x20,0x20,0x20,
  0x20,0x20,0x20,0x20,0x20,0x20,0x20,0x20,0x20,0x20,0x74,0x6f,0x70,0x3a,0x20,0x70,
  0x61,0x69,0x43,0x65,0x6e,0x74,0x65,0x72,0x49,0x74,0x65,0x6d,0x2e,0x62,0x6f,0x74,
  0x74,0x6f,0x6d,0xa,0x20,0x20,0x20,0x20,0x20,0x20,0x20,0x20,0x20,0x20,0x20,0x20,
  0x20,0x20,0x20,0x20,0x20,0x20,0x20,0x20,0x74,0x6f,0x70,0x4d,0x61,0x72,0x67,0x69,
  0x6e,0x3a,0x20,0x73,0x74,0x79,0x6c,0x65,0x72,0x2e,0x74,0x68,0x65,0x6d,0x65,0x50,
  0x61,0x64,0x64,0x69,0x6e,0x67,0x53,0x6d,0x61,0x6c,0x6c,0xa,0x20,0x20,0x20,0x20,
  0x20,0x20,0x20,0x20,0x20,0x20,0x20,0x20,0x20,0x20,0x20,0x20,0x7d,0xa,0x20,0x20,
  0x20,0x20,0x20,0x20,0x20,0x20,0x20,0x20,0x20,0x20,0x20,0x20,0x20,0x20,0x63,0x6f,
  0x6c,0x6f,0x72,0x3a,0x20,0x73,0x74,0x79,0x6c,0x65,0x72,0x2e,0x62,0x6c,0x6f,0x63,
  0x6b,0x42,0x67,0xa,0x20,0x20,0x20,0x20,0x20,0x20,0x20,0x20,0x20,0x20,0x20,0x20,
  0x20,0x20,0x20,0x20,0x66,0x6f,0x6e,0x74,0x2e,0x70,0x69,0x78,0x65,0x6c,0x53,0x69,
  0x7a,0x65,0x3a,0x20,0x73,0x74,0x79,0x6c,0x65,0x72,0x2e,0x74,0x68,0x65,0x6d,0x65,
  0x46,0x6f,0x6e,0x74,0x53,0x69,0x7a,0x65,0x45,0x78,0x74,0x72,0x61,0x4c,0x61,0x72,
  0x67,0x65,0xa,0x20,0x20,0x20,0x20,0x20,0x20,0x20,0x20,0x20,0x20,0x20,0x20,0x20,
  0x20,0x20,0x20,0x76,0x65,0x72,0x74,0x69,0x63,0x61,0x6c,0x41,0x6c,0x69,0x67,0x6e,
  0x6d,0x65,0x6e,0x74,0x3a,0x20,0x54,0x65,0x78,0x74,0x2e,0x41,0x6c,0x69,0x67,0x6e,
  0x56,0x43,0x65,0x6e,0x74,0x65,0x72,0xa,0x20,0x20,0x20,0x20,0x20,0x20,0x20,0x20,
  0x20,0x20,0x20,0x20,0x7d,0xa,0x20,0x20,0x20,0x20,0x20,0x20,0x20,0x20,0x7d,0xa,
  0x20,0x20,0x20,0x20,0x7d,0xa,0xa,0x20,0x20,0x20,0x20,0x66,0x75,0x6e,0x63,0x74,
  0x69,0x6f,0x6e,0x20,0x75,0x70,0x64,0x61,0x74,0x65,0x28,0x29,0x20,0x7b,0xa,0x20,
  0x20,0x20,0x20,0x20,0x20,0x20,0x20,0x63,0x6f,0x6e,0x73,0x6f,0x6c,0x65,0x2e,0x6c,
  0x6f,0x67,0x28,0x22,0x52,0x65,0x66,0x72,0x65,0x73,0x68,0x69,0x6e,0x67,0x20,0x50,
  0x41,0x49,0x22,0x29,0x3b,0xa,0x20,0x20,0x20,0x20,0x20,0x20,0x20,0x20,0x50,0x61,
  0x69,0x4d,0x6f,0x64,0x65,0x6c,0x2e,0x75,0x70,0x64,0x61,0x74,0x65,0x28,0x29,0x3b,
  0xa,0xa,0x20,0x20,0x20,0x20,0x20,0x20,0x20,0x20,0x76,0x61,0x72,0x20,0x6d,0x61,
  0x79,0x62,0x65,0x54,0x6f,0x64,0x61,0x79,0x20,0x3d,0x20,0x50,0x61,0x69,0x4d,0x6f,
  0x64,0x65,0x6c,0x2e,0x67,0x65,0x74,0x28,0x50,0x61,0x69,0x4d,0x6f,0x64,0x65,0x6c,
  0x2e,0x72,0x6f,0x77,0x43,0x6f,0x75,0x6e,0x74,0x28,0x29,0x20,0x2d,0x20,0x31,0x29,
  0x3b,0xa,0x20,0x20,0x20,0x20,0x20,0x20,0x20,0x20,0x76,0x61,0x72,0x20,0x70,0x61,
  0x69,0x5f,0x74,0x6f,0x74,0x61,0x6c,0x20,0x3d,0x20,0x6d,0x61,0x79,0x62,0x65,0x54,
  0x6f,0x64,0x61,0x79,0x2e,0x70,0x61,0x69,0x5f,0x74,0x6f,0x74,0x61,0x6c,0x2e,0x74,
  0x6f,0x46,0x69,0x78,0x65,0x64,0x28,0x31,0x29,0x3b,0xa,0x20,0x20,0x20,0x20,0x20,
  0x20,0x20,0x20,0x6c,0x62,0x6c,0x50,0x41,0x49,0x54,0x6f,0x74,0x61,0x6c,0x2e,0x74,
  0x65,0x78,0x74,0x20,0x3d,0x20,0x70,0x61,0x69,0x5f,0x74,0x6f,0x74,0x61,0x6c,0xa,
  0x20,0x20,0x20,0x20,0x20,0x20,0x20,0x20,0x70,0x61,0x69,0x43,0x69,0x72,0x63,0x6c,
  0x65,0x2e,0x70,0x65,0x72,0x63,0x65,0x6e,0x74,0x20,0x3d,0x20,0x70,0x61,0x69,0x5f,
  0x74,0x6f,0x74,0x61,0x6c,0x20,0x2f,0x20,0x32,0x30,0x30,0x20,0x2f,0x2f,0x32,0x30,
  0x30,0x20,0x49,0x73,0x20,0x61,0x20,0x70,0x72,0x65,0x74,0x74,0x79,0x20,0x68,0x69,
  0x67,0x68,0x20,0x74,0x61,0x72,0x67,0x65,0x74,0x2c,0x20,0x75,0x73,0x75,0x61,0x6c,
  0x6c,0x79,0x20,0x3e,0x20,0x31,0x30,0x30,0x20,0x69,0x73,0x20,0x67,0x6f,0x6f,0x64,
  0xa,0xa,0x20,0x20,0x20,0x20,0x20,0x20,0x20,0x20,0x69,0x66,0x20,0x28,0x70,0x61,
  0x69,0x5f,0x74,0x6f,0x74,0x61,0x6c,0x20,0x3c,0x20,0x35,0x30,0x20,0x29,0x20,0x7b,
  0xa,0x20,0x20,0x20,0x20,0x20,0x20,0x20,0x20,0x20,0x20,0x20,0x20,0x70,0x61,0x69,
  0x43,0x69,0x72,0x63,0x6c,0x65,0x2e,0x67,0x72,0x61,0x64,0x69,0x65,0x6e,0x74,0x43,
  0x6f,0x6c,0x6f,0x72,0x20,0x3d,0x20,0x22,0x6f,0x72,0x61,0x6e,0x67,0x65,0x22,0xa,
  0x20,0x20,0x20,0x20,0x20,0x20,0x20,0x20,0x7d,0x20,0x65,0x6c,0x73,0x65,0x20,0x69,
  0x66,0x20,0x28,0x70,0x61,0x69,0x5f,0x74,0x6f,0x74,0x61,0x6c,0x20,0x3c,0x20,0x31,
  0x30,0x30,0x20,0x29,0x20,0x7b,0xa,0x20,0x20,0x20,0x20,0x20,0x20,0x20,0x20,0x20,
  0x20,0x20,0x20,0x70,0x61,0x69,0x43,0x69,0x72,0x63,0x6c,0x65,0x2e,0x67,0x72,0x61,
  0x64,0x69,0x65,0x6e,0x74,0x43,0x6f,0x6c,0x6f,0x72,0x20,0x3d,0x20,0x22,0x6c,0x69,
  0x67,0x68,0x74,0x62,0x6c,0x75,0x65,0x22,0xa,0x20,0x20,0x20,0x20,0x20,0x20,0x20,
  0x20,0x7d,0x20,0x65,0x6c,0x73,0x65,0x20,0x7b,0xa,0x20,0x20,0x20,0x20,0x20,0x20,
  0x20,0x20,0x20,0x20,0x20,0x20,0x70,0x61,0x69,0x43,0x69,0x72,0x63,0x6c,0x65,0x2e,
  0x67,0x72,0x61,0x64,0x69,0x65,0x6e,0x74,0x43,0x6f,0x6c,0x6f,0x72,0x20,0x3d,0x20,
  0x22,0x6c,0x69,0x67,0x68,0x74,0x67,0x72,0x65,0x65,0x6e,0x22,0xa,0x20,0x20,0x20,
  0x20,0x20,0x20,0x20,0x20,0x7d,0xa,0xa,0x20,0x20,0x20,0x20,0x20,0x20,0x20,0x20,
  0x76,0x61,0x72,0x20,0x6e,0x6f,0x77,0x20,0x3d,0x20,0x6e,0x65,0x77,0x20,0x44,0x61,
  0x74,0x65,0x28,0x29,0x3b,0xa,0x20,0x20,0x20,0x20,0x20,0x20,0x20,0x20,0x6e,0x6f,
  0x77,0x2e,0x73,0x65,0x74,0x48,0x6f,0x75,0x72,0x73,0x28,0x30,0x2c,0x30,0x2c,0x30,
  0x2c,0x30,0x29,0x3b,0xa,0xa,0x20,0x20,0x20,0x20,0x20,0x20,0x20,0x20,0x69,0x66,
  0x20,0x28,0x6d,0x61,0x79,0x62,0x65,0x54,0x6f,0x64,0x61,0x79,0x2e,0x70,0x61,0x69,
  0x5f,0x64,0x61,0x79,0x2e,0x67,0x65,0x74,0x54,0x69,0x6d,0x65,0x28,0x29,0x20,0x3d,
  0x3d,0x3d,0x20,0x6e,0x6f,0x77,0x2e,0x67,0x65,0x74,0x54,0x69,0x6d,0x65,0x28,0x29,
  0x29,0x20,0x7b,0xa,0x20,0x20,0x20,0x20,0x20,0x20,0x20,0x20,0x20,0x20,0x20,0x20,
  0x6c,0x62,0x6c,0x50,0x41,0x49,0x54,0x6f,0x64,0x61,0x79,0x2e,0x74,0x65,0x78,0x74,
  0x20,0x3d,0x20,0x50,0x61,0x69,0x4d,0x6f,0x64,0x65,0x6c,0x2e,0x67,0x65,0x74,0x28,
  0x50,0x61,0x69,0x4d,0x6f,0x64,0x65,0x6c,0x2e,0x72,0x6f,0x77,0x43,0x6f,0x75,0x6e,
  0x74,0x28,0x29,0x20,0x2d,0x20,0x31,0x29,0x2e,0x70,0x61,0x69,0x5f,0x74,0x6f,0x74,
  0x61,0x6c,0x5f,0x74,0x6f,0x64,0x61,0x79,0x2e,0x74,0x6f,0x46,0x69,0x78,0x65,0x64,
  0x28,0x31,0x29,0xa,0x20,0x20,0x20,0x20,0x20,0x20,0x20,0x20,0x7d,0x20,0x65,0x6c,
  0x73,0x65,0x20,0x7b,0xa,0x20,0x20,0x20,0x20,0x20,0x20,0x20,0x20,0x20,0x20,0x20,
  0x20,0x6c,0x62,0x6c,0x50,0x41,0x49,0x54,0x6f,0x64,0x61,0x79,0x2e,0x74,0x65,0x78,
  0x74,0x20,0x3d,0x20,0x30,0x2e,0x30,0xa,0x20,0x20,0x20,0x20,0x20,0x20,0x20,0x20,
  0x7d,0xa,0x20,0x20,0x20,0x20,0x7d,0xa,0x7d,0xa,
    // /home/oles/sailfish/app-sources/harbour-amazfish/ui/qml/components/Translation.js
  0x0,0x0,0xe,0xe8,
  0x0,
  0x0,0x3b,0xca,0x78,0x9c,0x9d,0x5b,0xcd,0x92,0xdc,0xb8,0xd,0xbe,0xcf,0x53,0x30,
  0x7b,0xf2,0x56,0xa5,0xe2,0x7b,0xb6,0xf6,0x30,0x7f,0xfe,0x9d,0x89,0xa7,0xa6,0x7b,
  0xd6,0x9b,0xa4,0x52,0x2e,0xb6,0xc4,0xee,0x66,0x5a,0x12,0x65,0x89,0x9a,0x99,0x76,
  0x6a,0x2f,0xfb,0x44,0x79,0x86,0x3c,0x4a,0x9e,0x24,0x20,0x45,0x12,0x0,0xa9,0xf6,
  0x7a,0xe3,0x83,0xcb,0xf8,0xf0,0x51,0xfc,0x3,0x41,0x0,0x6c,0xff,0xa9,0x1f,0xe4,
  0xae,0x95,0xa2,0xd1,0x9b,0x41,0xe,0xc7,0xb3,0xb3,0x47,0x39,0x8,0x59,0x59,0xfd,
  0xa8,0xed,0xf1,0xbd,0xee,0xea,0xf5,0x20,0xbb,0xb1,0x91,0x56,0x9b,0x6e,0x14,0x3f,
  0x8a,0x7f,0x9d,0x9,0xf8,0xf3,0xdd,0x43,0x77,0xe8,0xcc,0x53,0xf7,0xdd,0x9f,0xc5,
  0xe7,0x71,0x3d,0xbc,0x48,0xf2,0xf7,0x7f,0x9c,0xf5,0xe7,0xe1,0xb,0x89,0x90,0x80,
  0xc8,0xb8,0xd1,0xbb,0xbd,0x5d,0x35,0x4a,0xf5,0x89,0xe3,0x21,0x31,0x63,0x91,0x76,
  0x5,0x2,0x67,0x39,0x24,0x23,0xfd,0xc5,0xd8,0x8f,0x66,0xc0,0xd1,0x80,0x2c,0x3c,
  0x10,0x9,0xf7,0x53,0xd7,0xe9,0x6e,0x97,0x8,0x51,0x8e,0xfa,0x8f,0xb2,0x39,0x50,
  0x7d,0x94,0xa3,0x7e,0xf5,0xa4,0xdb,0x96,0x12,0x12,0x10,0x19,0x97,0xc7,0xaa,0xa1,
  0x84,0x28,0x47,0xfd,0x7a,0x50,0xb2,0x6e,0x75,0xd3,0x24,0x6,0x22,0x91,0x73,0xfd,
  0xac,0x86,0x4a,0x8f,0x2a,0x51,0x12,0x10,0x19,0x1f,0x7a,0xd5,0x15,0x63,0x71,0xa0,
  0x28,0x6,0xf4,0xb6,0xab,0x8d,0x19,0xf2,0x61,0xcd,0xa8,0xc8,0x47,0x77,0xdd,0x34,
  0xba,0xb7,0xba,0x92,0xd,0x6c,0xb7,0xee,0xd4,0x80,0x43,0x48,0x1a,0x11,0x55,0xb1,
  0xd1,0xbb,0xa9,0xed,0xef,0x4d,0x8f,0xc3,0x75,0x80,0xf0,0x48,0xa4,0xfc,0xd5,0xec,
  0x64,0x52,0x7b,0x21,0xad,0xa8,0xa9,0x2a,0xd2,0x4d,0x10,0xd3,0x7e,0x99,0x27,0x18,
  0xde,0xad,0xac,0xf6,0xd0,0x23,0xee,0x9a,0x47,0x45,0x84,0xd3,0xd2,0xf,0xba,0x3a,
  0x28,0x8b,0x4b,0x1f,0xe4,0xa8,0xbf,0x90,0x23,0x88,0x1b,0x49,0xd6,0x9e,0x40,0x91,
  0x75,0x7,0x9f,0xbe,0x33,0x64,0xa9,0x1c,0x20,0x3c,0x82,0x1f,0xaa,0xdd,0x12,0x5b,
  0xd3,0x91,0xf,0x25,0x28,0xcd,0xcc,0xe,0xa,0x90,0xbd,0x5f,0x2e,0x66,0x33,0x41,
  0x21,0x92,0x26,0x36,0x79,0xa3,0x99,0xf5,0x5,0x31,0xcd,0xaf,0xd1,0xed,0x86,0xd9,
  0x56,0x4,0xd2,0x72,0x5d,0xdf,0xf2,0x33,0x2,0x40,0x76,0x44,0xbc,0x74,0xde,0xe1,
  0x81,0xf4,0x80,0x70,0x48,0x3a,0xb3,0x4f,0xf2,0xa0,0xf8,0x77,0x3c,0x94,0x1f,0x36,
  0xf9,0xa8,0x77,0xd2,0xe2,0xb6,0x24,0x80,0x9b,0x1e,0xcc,0xb2,0x3a,0xe4,0x86,0x37,
  0x83,0x69,0xde,0xb2,0xab,0xab,0xcc,0x42,0x29,0x96,0xcc,0xf3,0x42,0x1f,0xc8,0xa9,
  0x10,0x5e,0x4c,0xbb,0x2,0xc2,0xa5,0x69,0xdb,0x89,0xc,0xc9,0x61,0x22,0x82,0xb,
  0xbd,0xcd,0xa3,0x59,0xea,0x53,0x4,0x15,0x9e,0x5b,0x70,0x7f,0xda,0x79,0x3f,0x72,
  0x70,0x13,0x14,0x59,0xaf,0xb4,0xed,0xd4,0x38,0x5e,0x7f,0x9e,0x74,0xdf,0xaa,0xe,
  0x6d,0x31,0x28,0x4,0x6a,0xd0,0x4c,0xa4,0x1e,0x56,0x56,0xf5,0x3d,0x3d,0x6,0xe,
  0x14,0x11,0x45,0xd3,0x4,0xff,0xab,0x46,0x62,0x99,0xb3,0x9c,0xf4,0xc6,0x34,0xee,
  0xfc,0x23,0x1,0x0,0xef,0x11,0x70,0x1a,0xa,0x1c,0x1e,0x7e,0x21,0x88,0xe9,0x3,
  0xf0,0xbd,0xad,0x19,0xda,0x8c,0x15,0x61,0x91,0xd1,0xd7,0x72,0xd3,0xa8,0xfc,0x8b,
  0xe,0xcb,0x89,0xe7,0xad,0x82,0xb3,0x28,0xbb,0x57,0xc6,0xf0,0xf3,0x17,0x15,0x22,
  0x69,0xc8,0x7a,0xf3,0x53,0x53,0x1c,0x96,0x4b,0x39,0xd4,0xda,0xe0,0x61,0x98,0xc5,
  0x64,0xd,0xe0,0x55,0xed,0xfe,0xc9,0xc,0x68,0x7a,0x4,0xe2,0x16,0x9a,0x7b,0xfd,
  0x60,0xa3,0xb9,0xf3,0xff,0xb9,0xba,0x6c,0xe4,0x38,0xea,0x6a,0x75,0xd0,0x89,0xfb,
  0xf3,0xa5,0x8,0xa8,0x70,0x70,0xda,0xd5,0x83,0x66,0x47,0x7e,0x16,0x93,0x16,0xee,
  0xc8,0x8d,0x71,0x3,0xa6,0x1c,0xa,0x72,0x7,0x98,0x79,0xbe,0xa4,0xbd,0x35,0x53,
  0x67,0x9d,0x33,0x86,0x55,0x24,0xac,0xc,0x4e,0xec,0xa9,0xb1,0x7a,0xec,0xcd,0x80,
  0x66,0x49,0xa0,0x64,0x3,0xb2,0xae,0xd9,0x41,0x4c,0x40,0x32,0xf2,0xe6,0x48,0xf5,
  0x41,0xc4,0x31,0x59,0x33,0xe4,0x87,0x99,0x81,0x69,0x8b,0xc,0x44,0x13,0x84,0x14,
  0xe5,0x74,0xe5,0xf,0x10,0x29,0x10,0x7d,0x94,0xa3,0xfe,0xb5,0x69,0xb6,0x49,0xe9,
  0x5,0x72,0xc2,0x77,0xaf,0x1b,0x5d,0x67,0xfe,0x64,0x27,0x22,0x98,0x88,0xb0,0x50,
  0x8c,0x14,0x64,0x3c,0xcf,0xe3,0x9e,0xcd,0x35,0xc8,0x68,0x3f,0x30,0x23,0xb5,0x3a,
  0xf0,0x89,0xcc,0xa8,0x88,0x30,0xee,0x65,0x75,0x28,0x7c,0xb8,0x3,0x45,0xe1,0xc8,
  0x3d,0x90,0x39,0x27,0x8f,0xe5,0x6e,0xe9,0xc2,0x4c,0x4d,0xcd,0x77,0x9f,0x40,0xc9,
  0xde,0xa4,0x6e,0xee,0x65,0x85,0x7e,0xd1,0x1,0xc2,0x23,0x94,0x72,0xfd,0xdc,0xab,
  0x9a,0xfb,0x38,0x4f,0x24,0x78,0x9a,0x78,0x55,0xce,0xba,0x2a,0xa7,0xbc,0x3a,0x1c,
  0xaf,0xf8,0x26,0x2,0x22,0xae,0xf8,0x3e,0x3a,0xc3,0x1f,0xf7,0x46,0xb1,0x93,0xe0,
  0x1,0xca,0x68,0xcd,0x46,0x37,0xf9,0x79,0x49,0x20,0xf1,0xa6,0x5d,0xfd,0xd0,0x7b,
  0x9b,0x55,0xe5,0x11,0x73,0x5a,0xf1,0xd0,0x8b,0x4c,0x9f,0x5a,0x4f,0xc3,0x96,0xf1,
  0x83,0x8c,0xe1,0xe1,0xa1,0xfc,0x28,0x3,0x91,0x69,0xd5,0x90,0x39,0x1,0x8f,0x89,
  0xcc,0x15,0xbc,0x97,0x47,0xc9,0x9c,0x4f,0x2,0x92,0xd9,0xc8,0x2d,0x5b,0xe7,0x28,
  0xa7,0xae,0x20,0x38,0x1f,0xb3,0x81,0x53,0x2c,0xf5,0xa4,0xe1,0xae,0xc8,0x78,0x14,
  0x43,0xaf,0x5e,0xf9,0x38,0x8f,0xb8,0xf4,0x0,0xd0,0x80,0xaf,0x95,0xa3,0x25,0x17,
  0x16,0x81,0xd0,0x34,0x9f,0xb9,0x59,0x3e,0x73,0x27,0xe2,0xa2,0xd2,0xfc,0x34,0x78,
  0xb4,0x3c,0xe,0x10,0xa6,0xa9,0x3c,0x6e,0x53,0xec,0xba,0x58,0x99,0x2d,0xbf,0x59,
  0x12,0x90,0x33,0x56,0x8d,0x79,0xba,0xd3,0xb6,0xda,0x17,0x54,0xe1,0x54,0x62,0xd6,
  0xa5,0x56,0x7b,0xb8,0x98,0x98,0x49,0x44,0x20,0xdd,0x6d,0x93,0x35,0x70,0x92,0x28,
  0xc7,0x41,0x22,0x60,0x64,0x97,0x9c,0x45,0x30,0xef,0x3b,0x63,0x62,0xc5,0xfc,0xef,
  0x6b,0x38,0xb9,0xcc,0xbe,0x12,0x90,0x9c,0x96,0x92,0x8d,0xdd,0xaf,0x3a,0xd9,0xc3,
  0x21,0xc1,0xaf,0xcd,0xb0,0x48,0x78,0x72,0xc8,0x72,0xa0,0xc1,0x73,0x10,0x31,0xe4,
  0xd4,0xe4,0x13,0x6f,0xdf,0xae,0x93,0xe6,0x27,0x5d,0x2b,0xf3,0x5a,0xb2,0x14,0xc3,
  0x63,0x22,0x80,0x68,0xa0,0x2c,0xec,0xe,0x22,0x6,0x2d,0xd5,0xa1,0xe1,0xbb,0x47,
  0x20,0x72,0xeb,0x28,0x42,0xf0,0x52,0xda,0x83,0xcf,0x93,0x1c,0xc9,0x76,0xcd,0x22,
  0xe9,0xfd,0xf3,0x94,0x85,0xf5,0x14,0x4b,0x3d,0x4c,0xe3,0xde,0xdd,0xe8,0xab,0x5e,
  0xa9,0x1a,0x7b,0x2,0xd4,0x5f,0xf4,0x62,0xc6,0x79,0x60,0xb0,0xdc,0x26,0x84,0x7,
  0xa7,0x9a,0x3a,0x1c,0xf2,0xca,0x85,0x7e,0x0,0x3d,0xd9,0x4d,0xd1,0x82,0xf6,0x52,
  0x36,0xbc,0x75,0xe,0x59,0x32,0x57,0x4d,0x20,0x5c,0xd5,0x41,0x72,0x93,0x73,0x48,
  0x66,0x70,0x57,0x7a,0xac,0xd8,0x55,0xea,0x0,0xc1,0xee,0xd3,0x7,0x88,0x12,0x5a,
  0xf0,0x5e,0x4e,0x83,0xa9,0x7e,0x0,0x85,0x47,0x31,0xc0,0x94,0x2d,0xef,0xd2,0x21,
  0x59,0x97,0xf7,0xd3,0x6e,0x83,0x19,0xc8,0x2c,0x25,0x83,0x84,0xb,0x51,0xa1,0x32,
  0x88,0xa9,0x5a,0x20,0xab,0xc1,0x8c,0x24,0x35,0x4e,0x40,0x32,0x5b,0xd3,0x34,0xea,
  0xc8,0xcc,0x81,0x40,0xcc,0x3f,0xaf,0xa7,0x4d,0xe9,0x9f,0x3,0x48,0x5d,0x7e,0xe1,
  0x5d,0x9,0x96,0x36,0x44,0x3f,0xab,0x1a,0xce,0x96,0xd5,0xb2,0x39,0x1f,0x2c,0x6,
  0xc4,0x5e,0x21,0x82,0x46,0x78,0x55,0x5a,0x79,0xd9,0x91,0x3b,0x79,0x96,0xf2,0xd0,
  0xee,0xd,0xcd,0x78,0x22,0x28,0xde,0xd0,0xc4,0xe7,0xd2,0x2d,0x40,0x9e,0xaf,0x7b,
  0xb0,0x48,0xd5,0x5f,0xd,0x4a,0x15,0x91,0xb5,0x3,0xcb,0x5c,0xf4,0xea,0xd8,0xc1,
  0x31,0xaf,0x5c,0x85,0x80,0x8c,0x71,0x6,0xc5,0x8c,0xe2,0xcd,0x52,0x1d,0x36,0xdc,
  0xdb,0x13,0x28,0xcf,0x8d,0x42,0x2d,0x3,0x57,0x28,0xe5,0x46,0x49,0xc3,0x66,0xb6,
  0xd5,0x96,0xcf,0xca,0x1,0xe9,0xa3,0x53,0x57,0x39,0x93,0xf,0x5,0xb,0x36,0xad,
  0xa4,0x2a,0x27,0x77,0xb7,0x3f,0x8e,0xa9,0xca,0xc1,0x82,0xdd,0xa0,0x28,0x9b,0xac,
  0xa5,0x3a,0x3c,0x19,0x38,0x94,0xe4,0x5e,0x8c,0x8,0xe1,0x5c,0x30,0xbd,0xb8,0x30,
  0x7c,0x32,0x97,0x6e,0x7,0x87,0x63,0x5e,0x87,0x9a,0x77,0x2b,0x28,0x45,0x5e,0x95,
  0x7a,0xf,0x87,0x96,0x24,0xb5,0x41,0x4c,0x4b,0xa0,0x3a,0x76,0xfb,0x44,0x39,0xf5,
  0x6b,0x86,0x72,0xcf,0x1d,0x58,0xce,0xf1,0xbd,0xa2,0xf3,0x9b,0x25,0x3c,0x97,0x83,
  0xfe,0x62,0xc0,0xfc,0x9a,0xb,0x49,0x32,0xe6,0x84,0xa,0x7,0x53,0xc7,0x3,0x67,
  0x8e,0x51,0x23,0xc6,0x88,0x97,0x90,0xa1,0xd6,0xb4,0x80,0x98,0x80,0xd2,0xba,0xcb,
  0x5,0x2b,0x26,0xb0,0xd2,0xf6,0xa1,0x47,0xcb,0x2,0x51,0x38,0x39,0x33,0xc1,0xec,
  0x52,0x8b,0xf6,0x97,0x5d,0x6b,0xe7,0x6a,0x80,0xe8,0xb2,0x2a,0x8a,0x71,0x1,0x17,
  0x45,0x51,0xee,0x1e,0xdc,0xc,0xf,0xed,0x9b,0x2c,0x6f,0x52,0xcf,0xda,0xc5,0xab,
  0xa4,0x1c,0x4a,0xb1,0x14,0x1,0x1c,0xdb,0xe,0x42,0x29,0x5d,0xe1,0x44,0x8,0x44,
  0x12,0xe4,0xea,0x70,0xde,0xd5,0xaf,0xb4,0x6a,0xf0,0xd6,0xf0,0xa8,0x0,0x58,0xcc,
  0x38,0xbd,0x94,0xe8,0xca,0xf8,0x6b,0x85,0x2e,0xcd,0x85,0xb4,0xb6,0x51,0xac,0x8c,
  0x37,0x43,0xbc,0x90,0xb7,0x6a,0xb5,0xdd,0xe7,0xf5,0x38,0xf,0x16,0xe5,0xb8,0xbb,
  0xa9,0x69,0x78,0x97,0x10,0x62,0xd1,0x2e,0xef,0x1a,0xd9,0x61,0x76,0x3e,0x4b,0x29,
  0xc4,0x94,0x8f,0xa,0x16,0xf,0xe3,0xcb,0x20,0xa7,0x7b,0xc0,0x74,0x3b,0x17,0x73,
  0xe2,0x3d,0x0,0x80,0xf0,0x8,0x46,0x36,0xbb,0x3d,0xa3,0x38,0x80,0x53,0x60,0xb5,
  0xda,0xde,0x34,0x74,0x2e,0x4,0x4a,0x9e,0x70,0x6a,0x37,0x1b,0x45,0xee,0x93,0x4,
  0xa4,0xc5,0x3,0xe1,0xc8,0xbd,0xb9,0x87,0x4,0xf7,0xe9,0xef,0xe4,0x97,0x2f,0x9c,
  0xe5,0x90,0x8c,0x74,0xe3,0x32,0x28,0xce,0xf2,0x50,0x46,0xbb,0x70,0x67,0xc9,0x92,
  0xbd,0xf2,0x22,0xa6,0x41,0xe0,0xd3,0x2d,0xff,0xca,0x8c,0x65,0x9f,0xf9,0x1b,0x4c,
  0x5,0x2b,0xb3,0xb3,0x44,0xed,0xd9,0x25,0x31,0x3c,0xcd,0x9b,0xd1,0x22,0xd3,0x5b,
  0xbc,0xfa,0x96,0x2e,0xbd,0xb5,0xd4,0x97,0x7b,0xac,0x9f,0x80,0x28,0x9c,0x8c,0x19,
  0x79,0x23,0xdf,0x18,0xd3,0xf3,0xac,0xbc,0x91,0x22,0x82,0x34,0x6c,0xf1,0x51,0x5,
  0xf6,0xe7,0x3,0x97,0x80,0xe1,0x1d,0xcb,0x18,0x92,0xea,0xce,0x87,0x6a,0xaf,0x6,
  0xf2,0x36,0x11,0x64,0xe2,0xf2,0x46,0x75,0x9f,0x95,0x11,0x1c,0x26,0xee,0x79,0x19,
  0xc1,0xa5,0x51,0x59,0x55,0xc4,0x41,0x22,0x2b,0x8d,0xac,0x58,0x2d,0x67,0xc5,0x4a,
  0x39,0xbe,0xe2,0x47,0x3c,0xd7,0x2c,0x62,0x74,0xd1,0xd5,0x70,0xa8,0x2f,0x4c,0x8d,
  0xa3,0x75,0x98,0x3f,0xe9,0x1e,0x4d,0xf1,0xca,0xa0,0x46,0xcb,0xdc,0x10,0x22,0x78,
  0x9f,0x6c,0x20,0xff,0xc5,0x3d,0x88,0x32,0xb9,0x6f,0xd8,0x96,0x47,0x39,0xd9,0x9e,
  0x6,0xc7,0x6,0x9,0x2f,0xe,0x17,0x11,0xcc,0xfe,0x9e,0xd8,0x28,0xa2,0x8c,0x89,
  0xd5,0xe4,0xbc,0x4b,0x65,0x48,0x6d,0x98,0x62,0xa4,0x94,0x53,0xb3,0x60,0x2e,0x1,
  0x69,0x87,0x4d,0xbd,0xe3,0xf9,0x5,0x22,0x98,0xa4,0x8d,0x16,0x6e,0x1f,0xbd,0x54,
  0x82,0x4c,0xaa,0xb2,0x8,0x19,0x82,0xcb,0x3c,0xd8,0xa4,0xd9,0xa1,0x25,0xa3,0x27,
  0x49,0xd7,0x85,0x2,0x6f,0x98,0xbd,0x6d,0x78,0x4c,0x64,0x2f,0x1c,0x1e,0x5c,0x88,
  0x59,0x67,0xf2,0x42,0xe4,0xfa,0x1a,0xee,0x7e,0xc6,0x4c,0x40,0x1a,0x95,0xea,0xe5,
  0x61,0x2d,0xf,0x83,0x7c,0xc2,0xc1,0x39,0x4c,0x4,0x90,0xd6,0x7c,0x98,0x45,0x4a,
  0x5e,0x4c,0x79,0xa7,0x6c,0x56,0xc2,0x0,0x24,0x2f,0x60,0xe4,0xfe,0x21,0x77,0xc,
  0x6f,0x2b,0x95,0x85,0xf4,0xae,0x50,0x94,0x85,0xf5,0x97,0xd3,0xc0,0x5f,0xcd,0x82,
  0xbc,0x14,0x3b,0x65,0x43,0xe2,0xa1,0xd3,0x42,0xa1,0x35,0x73,0x12,0xe,0xca,0x9d,
  0xc4,0xcd,0xb4,0x23,0xde,0xd6,0x9,0x74,0x76,0xb,0x75,0x24,0x86,0xd2,0xa0,0xa7,
  0x2,0x13,0xe6,0xc5,0x53,0xc4,0x8,0xef,0x60,0x26,0x16,0x18,0x79,0x99,0x27,0x85,
  0x79,0x88,0x18,0xf2,0xc1,0x3c,0x36,0xfc,0x30,0xd9,0x25,0x76,0x80,0x4f,0xd1,0xf3,
  0x8a,0x77,0xa4,0xe7,0x25,0xef,0x80,0xe7,0xaf,0x87,0x91,0x9e,0x3f,0x1f,0x86,0xd0,
  0xe8,0xd2,0xb4,0x1b,0xc,0x23,0x63,0xbc,0x34,0xa3,0x19,0x75,0xcc,0x69,0xc4,0x3b,
  0x6b,0x3f,0x4c,0x72,0x80,0x0,0x11,0x1,0x42,0x17,0x6e,0xb5,0x8b,0x8b,0x8a,0xc7,
  0xd0,0xa8,0x28,0x1f,0x44,0xdd,0x55,0x39,0x18,0xd3,0x66,0xf7,0x75,0x40,0xf3,0x6b,
  0xb6,0x7d,0x46,0xca,0xed,0xcf,0xc4,0xbd,0xc1,0xe6,0x43,0xc0,0x48,0x3e,0xe0,0x10,
  0xe1,0x21,0x24,0x55,0xb4,0x7,0x2f,0x25,0xdd,0xa0,0x78,0xdd,0x2f,0x1,0xc8,0xd0,
  0x35,0x31,0xcb,0x20,0xa6,0x13,0xe1,0x9f,0x3b,0xdc,0x9a,0x4a,0x92,0x1e,0x79,0x50,
  0x4,0x34,0x51,0xf7,0xa,0xe,0x1b,0xb9,0x5c,0x12,0x40,0x18,0x23,0x53,0x13,0x1f,
  0x77,0x35,0xc8,0x9d,0xe9,0x5c,0x6d,0x1e,0xfd,0xab,0x87,0x84,0xc7,0x22,0xed,0x7a,
  0xe4,0xc7,0x2c,0xca,0x18,0x7a,0x77,0x63,0xbe,0x47,0x14,0xc3,0x20,0xd9,0x3c,0xd,
  0xfc,0xca,0x25,0x50,0x62,0x99,0xe6,0xc0,0xf7,0xcf,0x21,0xd9,0xde,0xbd,0x1a,0xf4,
  0xb8,0x51,0x84,0x12,0x64,0xcc,0x1d,0xed,0x48,0xca,0x9c,0x41,0xc4,0x8b,0xa7,0x3a,
  0x1c,0x57,0xf4,0xe9,0xd2,0x23,0x62,0xc5,0x1e,0x2e,0x75,0xff,0xc6,0xd0,0x8,0xb3,
  0x17,0x4e,0xce,0x83,0x99,0x32,0x92,0xc9,0xe,0x7b,0x48,0x41,0xf2,0xc3,0x1e,0x61,
  0x4e,0x5e,0xaa,0xbd,0xcf,0xfc,0xa5,0x12,0xfc,0x3b,0xa9,0xcf,0x1b,0x89,0x97,0x3d,
  0xc8,0xc2,0x3,0x89,0x30,0x91,0x9c,0xcf,0xb,0xa8,0xf9,0xa7,0xb6,0xe3,0x44,0x94,
  0xb3,0x8c,0x31,0x1f,0xe4,0x52,0x65,0xb2,0xe2,0x60,0xb1,0x90,0xb1,0xdc,0x9a,0x5a,
  0xd,0x59,0x68,0x3b,0x63,0xd9,0xc6,0xdd,0x4e,0xf2,0xb8,0xde,0x93,0x31,0x3b,0x40,
  0x78,0x64,0x21,0xc1,0x24,0x19,0x6,0xc9,0x30,0xe9,0xab,0x68,0xa3,0x78,0xa7,0xe,
  0xc9,0xba,0x74,0x6f,0x21,0xb9,0x53,0x74,0x58,0xe1,0x11,0x21,0x46,0xd9,0x6e,0xc3,
  0xd3,0x1,0xd,0x5c,0x10,0x24,0x77,0xcf,0x70,0x50,0xf9,0x93,0x45,0x84,0x12,0xcb,
  0xb4,0xd2,0x9a,0x51,0x75,0xa3,0x19,0x8e,0xcc,0xa1,0x30,0xd,0x77,0x2c,0x2b,0x88,
  0x84,0xf9,0x4f,0xa,0x22,0x90,0x18,0x9f,0x27,0x39,0x64,0xd3,0x9e,0xb1,0x6c,0xe2,
  0x3e,0xd0,0xf4,0x5,0xf7,0xe2,0xf9,0x39,0xa2,0x48,0xcd,0x1f,0xa9,0xf9,0xf3,0xb4,
  0x4b,0x30,0x6c,0xc5,0xde,0xcb,0x8,0x84,0xf1,0xff,0xa6,0x51,0x45,0x14,0x36,0x3f,
  0x1b,0x97,0xaf,0xc0,0xd3,0xee,0xc3,0xf6,0x23,0x29,0x22,0x0,0x20,0x3e,0x6c,0xc5,
  0x47,0x52,0x42,0x80,0x1d,0x6a,0x2e,0xe8,0xb7,0x1c,0x20,0x2e,0x8a,0x6a,0x1f,0xec,
  0xba,0x21,0x1c,0x57,0xeb,0xf3,0x50,0x22,0x29,0xfd,0x19,0x4d,0x6e,0x96,0xd0,0x95,
  0x28,0xb5,0xea,0xe5,0xc0,0x1e,0xda,0x7c,0xdd,0x2c,0xa1,0xe8,0xf4,0xeb,0x63,0xe6,
  0x96,0x1d,0x94,0x3b,0x65,0x48,0x77,0xbf,0x48,0xb7,0x15,0x2c,0x5a,0x70,0xa0,0x88,
  0x28,0x46,0xa1,0xa3,0x1a,0xd6,0x12,0x69,0x1e,0x10,0xe,0x49,0xf7,0xf4,0x66,0xb4,
  0xb2,0x82,0xfc,0x9d,0x3e,0xf2,0x45,0x90,0x3f,0xf4,0xc5,0x50,0xdd,0xfd,0x36,0xa0,
  0x88,0xdf,0x85,0x47,0xf1,0x8e,0xe9,0x8c,0x62,0xb1,0x56,0x4,0xd8,0xc2,0xae,0x2a,
  0xd8,0x36,0x62,0x17,0xe1,0x9d,0x2b,0xa0,0xb8,0x2e,0x9b,0xb1,0x51,0x90,0x82,0x93,
  0x65,0x89,0x48,0xb2,0xa0,0x46,0xd5,0x3c,0xd0,0x8a,0x0,0x8e,0x5e,0xda,0x7d,0x43,
  0x7f,0x78,0x13,0x81,0xc4,0x98,0xba,0x9d,0x52,0x2e,0xcd,0x67,0xb7,0xab,0x47,0x45,
  0x84,0xd3,0xba,0xd,0x5a,0x75,0x36,0x7b,0x3e,0x67,0x20,0x96,0xa,0xd4,0x81,0x79,
  0x87,0x4,0x90,0x62,0x82,0x6e,0x20,0xde,0xa2,0xa5,0x4,0xf7,0xca,0x3a,0xe1,0xd8,
  0x1e,0xdc,0x79,0x61,0x49,0x9c,0x47,0x78,0x6,0x77,0x63,0x9e,0x32,0x92,0x47,0x38,
  0x9,0x3c,0x1c,0x2b,0x49,0x44,0x19,0x7,0x93,0x2f,0x14,0x22,0x69,0xf2,0x16,0xb2,
  0xdd,0x79,0x7,0xf9,0xdd,0xed,0x15,0x22,0x6c,0x23,0xbf,0xc6,0xe7,0x36,0xf8,0x96,
  0x55,0x34,0x22,0x4f,0x5a,0xd4,0x5,0xc3,0x4,0x36,0xd9,0x73,0x3f,0x3,0x31,0xab,
  0xe7,0x4f,0xfe,0xfc,0xa5,0xf8,0xdc,0x3e,0x62,0x80,0xb7,0xfe,0x89,0xdd,0x6,0xbb,
  0xec,0xbd,0x9f,0x62,0xe4,0x88,0xef,0xf6,0x90,0xb,0xf3,0x7,0x55,0x8e,0xa6,0x91,
  0x28,0x59,0x3b,0xc,0xc7,0x12,0x1,0xb4,0xb4,0xa1,0x27,0xe1,0x45,0x10,0xd3,0x58,
  0x37,0x24,0xb6,0xdd,0xd0,0x42,0x1b,0x9,0x29,0x2e,0x68,0x30,0xe1,0xfc,0x69,0x11,
  0x16,0x3b,0x50,0x14,0xb1,0xf1,0xf5,0xe7,0x9,0x92,0x7a,0xd8,0x51,0xdc,0x5f,0x2,
  0xe1,0x72,0xed,0x1b,0xc5,0xae,0x66,0x44,0xbe,0x3f,0xfb,0xe5,0x87,0xb3,0xb3,0xb3,
  0x6d,0x28,0x92,0xb,0x1b,0x7e,0xde,0xa9,0xfc,0xd6,0xb9,0x1f,0x7c,0xbe,0xf0,0x11,
  0x1c,0x98,0x78,0xfd,0x7d,0xf8,0xb5,0xa7,0xde,0x8a,0x17,0xa7,0x7e,0x12,0xfa,0xf7,
  0xc4,0xfe,0x87,0xf8,0xc3,0x8f,0x3f,0x8a,0xa9,0xab,0xd5,0x56,0x77,0x2a,0x35,0x76,
  0x7f,0xe0,0x32,0x98,0xe0,0xb6,0xff,0x86,0x6f,0xfc,0xe0,0xdb,0xfc,0x72,0x76,0x46,
  0x9a,0x25,0xed,0xf,0x67,0xbf,0x7c,0x65,0xe8,0xea,0xf8,0x2,0x52,0xcb,0xd8,0xad,
  0xfb,0x19,0xab,0x5d,0xfa,0xe9,0xaa,0x5f,0x21,0x3f,0x12,0xb5,0x52,0x95,0xe9,0x48,
  0x35,0xc3,0xff,0x46,0x55,0x89,0xb5,0xc6,0x2b,0x77,0x66,0xcf,0xdb,0x10,0xab,0xce,
  0xd7,0xdb,0xad,0xaa,0xd0,0x3e,0x62,0x9e,0x13,0xd5,0x22,0xe8,0xd9,0x17,0xba,0xdf,
  0xf8,0x46,0xd4,0x7f,0xfd,0x2b,0x63,0x5,0xe,0xea,0x56,0x59,0x1a,0xd4,0x9f,0x7b,
  0x70,0x81,0x97,0xcf,0xce,0x4d,0x4b,0x78,0x36,0x3d,0x1b,0x73,0x83,0x47,0x5,0x87,
  0x46,0xbd,0x51,0x72,0xb0,0xf7,0xf4,0xc9,0xe1,0x7c,0x56,0x8,0xaf,0x11,0xf7,0xe4,
  0xf9,0x81,0xb5,0xbb,0xff,0x9d,0xd,0xde,0xdf,0xde,0xc1,0xd5,0x54,0x2c,0x7f,0x68,
  0x7b,0x47,0xae,0x2d,0xda,0xea,0x46,0xf6,0x77,0xf4,0x9e,0x8b,0x7c,0xc0,0x4f,0xb6,
  0xe1,0x6f,0xab,0xb1,0x5,0x7b,0x53,0x65,0x74,0x38,0x48,0x75,0xd9,0x43,0x80,0x97,
  0x1b,0x98,0x83,0x7b,0x1f,0xb5,0x2c,0xe4,0x22,0xd,0x41,0x2d,0x92,0xfe,0xe4,0x17,
  0xc6,0x3b,0x70,0xac,0x7e,0x3d,0x4e,0x7d,0x63,0x61,0x2d,0x77,0xe7,0x8d,0xd5,0x76,
  0x5a,0x18,0x70,0x52,0x64,0xd,0x2e,0x65,0xad,0x96,0xc6,0x19,0xf1,0x8c,0xfe,0x7f,
  0x18,0xc4,0x6e,0xd5,0xd0,0xb7,0x84,0x34,0x89,0x86,0xbc,0x26,0x44,0xea,0x5a,0x91,
  0x2a,0x7d,0x64,0x3a,0x10,0xfe,0x5,0x27,0x9f,0xf3,0x2b,0xd9,0x18,0xb8,0xa0,0x47,
  0x70,0xb7,0x1d,0xcd,0x7c,0x67,0x74,0x91,0xfa,0x1b,0xac,0x69,0x18,0xe0,0x98,0x7c,
  0x34,0xae,0xa,0x63,0x6f,0x8c,0xc4,0xa5,0xbf,0x9c,0x55,0x22,0xe8,0x84,0x57,0xd2,
  0xb6,0xb5,0x5a,0x3a,0x8a,0x57,0xaa,0x3c,0x8b,0x81,0xb9,0x78,0x18,0x67,0x7e,0x71,
  0x1a,0xeb,0x60,0x2d,0xf9,0xd7,0x97,0x8c,0xc8,0x3d,0x99,0xed,0x21,0x88,0xf3,0x3e,
  0xb,0xeb,0xa0,0x33,0x58,0x7a,0x32,0xd5,0xa8,0x47,0xef,0xf,0x5f,0x4b,0xf2,0xc8,
  0x72,0x1d,0x51,0xe1,0xe1,0xc5,0x6,0x37,0xb4,0x1e,0x8a,0xd,0x6e,0x48,0x59,0xd4,
  0x37,0xd8,0x82,0xbf,0x5d,0x9c,0x2c,0x90,0x5f,0x35,0x92,0x2f,0x4e,0x23,0x7b,0x5a,
  0x64,0xed,0xf9,0xa7,0x5a,0xf9,0x5c,0x18,0xf8,0xad,0x7c,0x5e,0x36,0x6e,0x20,0xe7,
  0xc6,0xed,0xb8,0x4b,0x86,0xd,0xd4,0xd2,0xb0,0x1d,0xf9,0x84,0x51,0x3b,0xfe,0xfd,
  0x37,0x12,0x75,0x3b,0xb5,0x1f,0x9e,0x8f,0x3b,0xd5,0x3d,0xf4,0x56,0x92,0x27,0xfc,
  0x9f,0x3e,0xfc,0xf7,0xd7,0x5f,0x5,0x34,0xce,0x5b,0xb8,0x47,0x9e,0x62,0x8a,0x9,
  0xcc,0xc9,0xa6,0xdb,0x2d,0xb0,0x13,0x9a,0xd1,0x99,0xbb,0x74,0xcc,0xc2,0x4d,0x2,
  0x89,0xbb,0x48,0xc7,0x2a,0xdd,0x23,0xd0,0xd8,0x61,0x75,0xac,0x53,0x7,0xb5,0xd5,
  0x5d,0xb9,0x6d,0xba,0x3b,0xb1,0x6d,0xba,0x5b,0xd8,0xb,0xf7,0x4b,0x87,0x13,0x4b,
  0xac,0xbb,0x72,0xc1,0x80,0xbe,0xbc,0x60,0x40,0x2e,0x17,0xcc,0xb1,0x97,0x17,0x4c,
  0x77,0x7c,0xc1,0x80,0x59,0x2e,0x98,0xee,0xf8,0x4a,0x0,0xe9,0xe4,0x4a,0x98,0x47,
  0xe5,0x7e,0xf3,0x7d,0x9,0xf1,0x7,0x1c,0x5e,0x30,0x44,0xf2,0x8a,0x63,0x1e,0x5,
  0xc5,0x4f,0xb4,0x83,0xd0,0x74,0xa2,0xef,0xc6,0xa1,0x59,0x84,0x97,0x5a,0xdd,0xef,
  0x8f,0x76,0xdf,0xb2,0x16,0x1,0x5a,0x62,0xfb,0xbd,0xbe,0x52,0x95,0xe4,0x7d,0x78,
  0x58,0xcc,0xf8,0x62,0x33,0x2b,0xb3,0x17,0x6d,0xdf,0x2a,0xa1,0xb4,0x4d,0xf,0x6b,
  0x78,0xfe,0x48,0x4a,0xb4,0xa7,0xee,0x79,0x47,0xbc,0x80,0x60,0x16,0xc3,0x64,0x10,
  0x96,0x68,0xd3,0xa8,0xae,0xa6,0x81,0xff,0xc,0xea,0xce,0xa1,0x22,0xc1,0xb4,0x1,
  0x2c,0x71,0xcf,0x23,0xeb,0xb1,0xd4,0x9f,0xff,0xbe,0xdb,0x31,0xb6,0xf9,0xf6,0x88,
  0xc1,0xb7,0xb8,0xfd,0x76,0x37,0x35,0xce,0x81,0x1,0xad,0xa9,0x78,0x99,0x71,0x9e,
  0x74,0xb,0x83,0xb8,0xea,0xcb,0x28,0x2a,0x5e,0x17,0xc2,0x25,0x9a,0x73,0xdb,0xa5,
  0xa6,0xd0,0x7b,0xe1,0x7,0x4f,0x45,0x1c,0xa1,0xc9,0xac,0x5e,0xc,0xb,0xbe,0xd6,
  0xf2,0x46,0x76,0xea,0xc6,0xff,0x7,0x18,0xe2,0xf2,0x3b,0x8,0xdf,0x66,0xac,0xa4,
  0xd3,0x3d,0x3,0x40,0x14,0x17,0x84,0xa3,0xad,0xf2,0x55,0x72,0xcc,0x53,0x4b,0xb5,
  0xb2,0x47,0xf2,0xa3,0xa6,0x40,0x3d,0x36,0xf9,0x58,0x4d,0xb3,0x7d,0xb,0x69,0xc,
  0xbe,0x0,0xac,0x3e,0x7e,0xb8,0x79,0x25,0x66,0x8c,0x52,0xad,0xb1,0xb2,0x29,0x7e,
  0xcc,0xba,0x76,0x68,0xf1,0x63,0x56,0x6c,0x50,0x98,0xee,0xdc,0x60,0xd1,0x74,0x7d,
  0x83,0xcc,0xc6,0x66,0xfa,0x82,0x85,0x4d,0x7d,0x11,0xa,0x3c,0xf4,0xcb,0x81,0xc0,
  0xd3,0x1c,0xd9,0x14,0x43,0x89,0x11,0xf,0xe,0x66,0x4e,0xc8,0x7e,0x48,0x89,0x20,
  0x4d,0xaa,0xfe,0xe,0x9,0xd7,0x6f,0xa7,0x7d,0x45,0x8b,0xa5,0x24,0xf,0x70,0x9f,
  0xde,0x9d,0xc8,0xee,0x1e,0x3a,0x6d,0x5f,0x4c,0xf0,0xd7,0xb7,0xe5,0x77,0x9b,0x1e,
  0x1d,0xa0,0xfb,0xf7,0x57,0xa3,0xc3,0x3,0xf9,0x8d,0x33,0x63,0x7c,0x72,0x1d,0x7e,
  0x85,0x86,0x7d,0x54,0xbc,0x8b,0x5a,0xa1,0x35,0xfc,0xe7,0xdf,0xa7,0x43,0x9e,0xa6,
  0x8,0x79,0x78,0xc8,0xd7,0x2e,0x28,0x3f,0x8d,0x3c,0x4d,0x68,0x5f,0x66,0x9f,0xd0,
  0xdd,0xa7,0x3,0x8e,0xc,0xc4,0x97,0x87,0xec,0x3b,0xcd,0xa7,0xc3,0xee,0x53,0x4b,
  0x2,0xc0,0xb6,0x79,0x79,0xd8,0xbd,0x6c,0xb3,0xd8,0x6f,0xcc,0xc2,0xb8,0x71,0x49,
  0x4b,0xfb,0x1a,0xf3,0x9e,0x22,0x87,0x52,0xda,0xaf,0xb8,0xe6,0x71,0xd9,0x35,0xb3,
  0xb1,0x7a,0xa4,0x1c,0xab,0xe7,0xb1,0xfd,0x5a,0xfa,0x18,0xf7,0x15,0xe3,0x92,0x9b,
  0x98,0xb1,0x7c,0x95,0x3,0xfc,0x32,0xf7,0x29,0xe0,0x2a,0x3e,0xe9,0xd2,0x57,0x44,
  0xd6,0xa9,0x73,0xe3,0x6,0xfa,0x3b,0xf,0x8e,0x6f,0xb2,0x74,0x72,0x9c,0xc2,0x1d,
  0x9d,0xff,0x1,0xf4,0x68,0xdb,0x40,
    // /home/oles/sailfish/app-sources/harbour-amazfish/ui/qml/components/DateNavigation.qml
  0x0,0x0,0x5,0x96,
  0x69,
  0x6d,0x70,0x6f,0x72,0x74,0x20,0x51,0x74,0x51,0x75,0x69,0x63,0x6b,0x20,0x32,0x2e,
  0x30,0xa,0x69,0x6d,0x70,0x6f,0x72,0x74,0x20,0x51,0x74,0x51,0x75,0x69,0x63,0x6b,
  0x2e,0x4c,0x61,0x79,0x6f,0x75,0x74,0x73,0x20,0x31,0x2e,0x31,0xa,0x69,0x6d,0x70,
  0x6f,0x72,0x74,0x20,0x22,0x2e,0x2f,0x70,0x6c,0x61,0x74,0x66,0x6f,0x72,0x6d,0x22,
  0xa,0xa,0x52,0x6f,0x77,0x4c,0x61,0x79,0x6f,0x75,0x74,0x20,0x7b,0xa,0x20,0x20,
  0x20,0x20,0x69,0x64,0x3a,0x20,0x64,0x61,0x74,0x65,0x4e,0x61,0x76,0x69,0x67,0x61,
  0x74,0x69,0x6f,0x6e,0xa,0x20,0x20,0x20,0x20,0x73,0x70,0x61,0x63,0x69,0x6e,0x67,
  0x3a,0x20,0x73,0x74,0x79,0x6c,0x65,0x72,0x2e,0x74,0x68,0x65,0x6d,0x65,0x50,0x61,
  0x64,0x64,0x69,0x6e,0x67,0x4c,0x61,0x72,0x67,0x65,0xa,0x20,0x20,0x20,0x20,0x77,
  0x69,0x64,0x74,0x68,0x3a,0x20,0x70,0x61,0x72,0x65,0x6e,0x74,0x2e,0x77,0x69,0x64,
  0x74,0x68,0xa,0x20,0x20,0x20,0x20,0x70,0x72,0x6f,0x70,0x65,0x72,0x74,0x79,0x20,
  0x64,0x61,0x74,0x65,0x20,0x64,0x61,0x79,0xa,0x20,0x20,0x20,0x20,0x73,0x69,0x67,
  0x6e,0x61,0x6c,0x20,0x62,0x61,0x63,0x6b,0x77,0x61,0x72,0x64,0xa,0x20,0x20,0x20,
  0x20,0x73,0x69,0x67,0x6e,0x61,0x6c,0x20,0x66,0x6f,0x72,0x77,0x61,0x72,0x64,0xa,
  0xa,0x20,0x20,0x20,0x20,0x49,0x63,0x6f,0x6e,0x42,0x75,0x74,0x74,0x6f,0x6e,0x50,
  0x4c,0x20,0x7b,0xa,0x20,0x20,0x20,0x20,0x20,0x20,0x20,0x20,0x69,0x64,0x3a,0x20,
  0x62,0x74,0x6e,0x50,0x72,0x65,0x76,0xa,0x20,0x20,0x20,0x20,0x20,0x20,0x20,0x20,
  0x69,0x63,0x6f,0x6e,0x4e,0x61,0x6d,0x65,0x3a,0x20,0x73,0x74,0x79,0x6c,0x65,0x72,
  0x2e,0x69,0x63,0x6f,0x6e,0x42,0x61,0x63,0x6b,0x77,0x61,0x72,0x64,0xa,0x20,0x20,
  0x20,0x20,0x20,0x20,0x20,0x20,0x69,0x63,0x6f,0x6e,0x48,0x65,0x69,0x67,0x68,0x74,
  0x3a,0x20,0x73,0x74,0x79,0x6c,0x65,0x72,0x2e,0x74,0x68,0x65,0x6d,0x65,0x49,0x63,
  0x6f,0x6e,0x53,0x69,0x7a,0x65,0x53,0x6d,0x61,0x6c,0x6c,0xa,0x20,0x20,0x20,0x20,
  0x20,0x20,0x20,0x20,0x69,0x63,0x6f,0x6e,0x57,0x69,0x64,0x74,0x68,0x3a,0x20,0x73,
  0x74,0x79,0x6c,0x65,0x72,0x2e,0x74,0x68,0x65,0x6d,0x65,0x49,0x63,0x6f,0x6e,0x53,
  0x69,0x7a,0x65,0x53,0x6d,0x61,0x6c,0x6c,0xa,0xa,0x20,0x20,0x20,0x20,0x20,0x20,
  0x20,0x20,0x6f,0x6e,0x43,0x6c,0x69,0x63,0x6b,0x65,0x64,0x3a,0x20,0x7b,0xa,0x20,
  0x20,0x20,0x20,0x20,0x20,0x20,0x20,0x20,0x20,0x20,0x20,0x62,0x61,0x63,0x6b,0x77,
  0x61,0x72,0x64,0x28,0x29,0x3b,0xa,0x20,0x20,0x20,0x20,0x20,0x20,0x20,0x20,0x7d,
  0xa,0x20,0x20,0x20,0x20,0x7d,0xa,0xa,0x20,0x20,0x20,0x20,0x42,0x75,0x74,0x74,
  0x6f,0x6e,0x50,0x4c,0x20,0x7b,0xa,0x20,0x20,0x20,0x20,0x20,0x20,0x20,0x20,0x69,
  0x64,0x3a,0x20,0x6c,0x62,0x6c,0x44,0x61,0x79,0xa,0x20,0x20,0x20,0x20,0x20,0x20,
  0x20,0x20,0x4c,0x61,0x79,0x6f,0x75,0x74,0x2e,0x66,0x69,0x6c,0x6c,0x57,0x69,0x64,
  0x74,0x68,0x3a,0x20,0x74,0x72,0x75,0x65,0xa,0xa,0x20,0x20,0x20,0x20,0x20,0x20,
  0x20,0x20,0x2f,0x2f,0x20,0x77,0x69,0x64,0x74,0x68,0x3a,0x20,0x70,0x61,0x72,0x65,
  0x6e,0x74,0x2e,0x77,0x69,0x64,0x74,0x68,0x20,0x2d,0x20,0x6c,0x62,0x6c,0x44,0x61,
  0x79,0x2e,0x77,0x69,0x64,0x74,0x68,0x20,0x2d,0x20,0x73,0x74,0x79,0x6c,0x65,0x72,
  0x2e,0x74,0x68,0x65,0x6d,0x65,0x50,0x61,0x64,0x64,0x69,0x6e,0x67,0x4c,0x61,0x72,
  0x67,0x65,0xa,0x20,0x20,0x20,0x20,0x20,0x20,0x20,0x20,0x68,0x65,0x69,0x67,0x68,
  0x74,0x3a,0x20,0x62,0x74,0x6e,0x50,0x72,0x65,0x76,0x2e,0x68,0x65,0x69,0x67,0x68,
  0x74,0xa,0xa,0x20,0x20,0x20,0x20,0x20,0x20,0x20,0x20,0x74,0x65,0x78,0x74,0x3a,
  0x20,0x64,0x61,0x79,0x2e,0x74,0x6f,0x4c,0x6f,0x63,0x61,0x6c,0x65,0x44,0x61,0x74,
  0x65,0x53,0x74,0x72,0x69,0x6e,0x67,0x28,0x29,0x3b,0xa,0xa,0x20,0x20,0x20,0x20,
  0x20,0x20,0x20,0x20,0x6f,0x6e,0x43,0x6c,0x69,0x63,0x6b,0x65,0x64,0x3a,0x20,0x7b,
  0xa,0x20,0x20,0x20,0x20,0x20,0x20,0x20,0x20,0x20,0x20,0x20,0x20,0x76,0x61,0x72,
  0x20,0x64,0x61,0x74,0x65,0x61,0x72,0x67,0x20,0x3d,0x20,0x6e,0x65,0x77,0x20,0x44,
  0x61,0x74,0x65,0x28,0x64,0x61,0x79,0x29,0x3b,0xa,0x20,0x20,0x20,0x20,0x20,0x20,
  0x20,0x20,0x20,0x20,0x20,0x20,0x76,0x61,0x72,0x20,0x64,0x69,0x61,0x6c,0x6f,0x67,
  0x20,0x3d,0x20,0x61,0x70,0x70,0x2e,0x70,0x61,0x67,0x65,0x73,0x2e,0x70,0x75,0x73,
  0x68,0x28,0x70,0x69,0x63,0x6b,0x65,0x72,0x43,0x6f,0x6d,0x70,0x6f,0x6e,0x65,0x6e,
  0x74,0x2c,0x20,0x7b,0xa,0x20,0x20,0x20,0x20,0x20,0x20,0x20,0x20,0x20,0x20,0x20,
  0x20,0x20,0x20,0x20,0x20,0x20,0x20,0x20,0x20,0x20,0x20,0x20,0x20,0x20,0x20,0x20,
  0x20,0x20,0x20,0x20,0x20,0x20,0x20,0x20,0x20,0x20,0x20,0x20,0x20,0x20,0x20,0x20,
  0x20,0x64,0x61,0x74,0x65,0x3a,0x20,0x21,0x69,0x73,0x4e,0x61,0x4e,0x28,0x64,0x61,
  0x74,0x65,0x61,0x72,0x67,0x29,0x20,0x3f,0x20,0x64,0x61,0x74,0x65,0x61,0x72,0x67,
  0x20,0x3a,0x20,0x6e,0x65,0x77,0x20,0x44,0x61,0x74,0x65,0x28,0x29,0xa,0x20,0x20,
  0x20,0x20,0x20,0x20,0x20,0x20,0x20,0x20,0x20,0x20,0x20,0x20,0x20,0x20,0x20,0x20,
  0x20,0x20,0x20,0x20,0x20,0x20,0x20,0x20,0x20,0x20,0x20,0x20,0x20,0x20,0x20,0x20,
  0x20,0x20,0x20,0x20,0x20,0x20,0x7d,0x29,0xa,0x20,0x20,0x20,0x20,0x20,0x20,0x20,
  0x20,0x20,0x20,0x20,0x20,0x64,0x69,0x61,0x6c,0x6f,0x67,0x2e,0x61,0x63,0x63,0x65,
  0x70,0x74,0x65,0x64,0x2e,0x63,0x6f,0x6e,0x6e,0x65,0x63,0x74,0x28,0x66,0x75,0x6e,
  0x63,0x74,0x69,0x6f,0x6e,0x28,0x29,0x20,0x7b,0xa,0x20,0x20,0x20,0x20,0x20,0x20,
  0x20,0x20,0x20,0x20,0x20,0x20,0x20,0x20,0x20,0x20,0x64,0x61,0x74,0x65,0x4e,0x61,
  0x76,0x69,0x67,0x61,0x74,0x69,0x6f,0x6e,0x2e,0x64,0x61,0x79,0x20,0x3d,0x20,0x64,
  0x69,0x61,0x6c,0x6f,0x67,0x2e,0x64,0x61,0x74,0x65,0x3b,0xa,0x20,0x20,0x20,0x20,
  0x20,0x20,0x20,0x20,0x20,0x20,0x20,0x20,0x20,0x20,0x20,0x20,0x2f,0x2f,0x20,0x63,
  0x6f,0x6e,0x73,0x6f,0x6c,0x65,0x2e,0x6c,0x6f,0x67,0x28,0x64,0x61,0x74,0x65,0x4e,
  0x61,0x76,0x69,0x67,0x61,0x74,0x69,0x6f,0x6e,0x2e,0x64,0x61,0x79,0x29,0xa,0x20,
  0x20,0x20,0x20,0x20,0x20,0x20,0x20,0x20,0x20,0x20,0x20,0x7d,0x29,0xa,0x20,0x20,
  0x20,0x20,0x20,0x20,0x20,0x20,0x7d,0xa,0xa,0x20,0x20,0x20,0x20,0x20,0x20,0x20,
  0x20,0x43,0x6f,0x6d,0x70,0x6f,0x6e,0x65,0x6e,0x74,0x20,0x7b,0xa,0x20,0x20,0x20,
  0x20,0x20,0x20,0x20,0x20,0x20,0x20,0x20,0x20,0x69,0x64,0x3a,0x20,0x70,0x69,0x63,
  0x6b,0x65,0x72,0x43,0x6f,0x6d,0x70,0x6f,0x6e,0x65,0x6e,0x74,0xa,0x20,0x20,0x20,
  0x20,0x20,0x20,0x20,0x20,0x20,0x20,0x20,0x20,0x44,0x61,0x74,0x65,0x50,0x69,0x63,
  0x6b,0x65,0x72,0x44,0x69,0x61,0x6c,0x6f,0x67,0x50,0x4c,0x20,0x7b,0x7d,0xa,0x20,
  0x20,0x20,0x20,0x20,0x20,0x20,0x20,0x7d,0xa,0x20,0x20,0x20,0x20,0x7d,0xa,0xa,
  0x20,0x20,0x20,0x20,0x49,0x63,0x6f,0x6e,0x42,0x75,0x74,0x74,0x6f,0x6e,0x50,0x4c,
  0x20,0x7b,0xa,0x20,0x20,0x20,0x20,0x20,0x20,0x20,0x20,0x69,0x64,0x3a,0x20,0x62,
  0x74,0x6e,0x4e,0x65,0x78,0x74,0xa,0x20,0x20,0x20,0x20,0x20,0x20,0x20,0x20,0x69,
  0x63,0x6f,0x6e,0x4e,0x61,0x6d,0x65,0x3a,0x20,0x73,0x74,0x79,0x6c,0x65,0x72,0x2e,
  0x69,0x63,0x6f,0x6e,0x46,0x6f,0x72,0x77,0x61,0x72,0x64,0xa,0x20,0x20,0x20,0x20,
  0x20,0x20,0x20,0x20,0x69,0x63,0x6f,0x6e,0x48,0x65,0x69,0x67,0x68,0x74,0x3a,0x20,
  0x73,0x74,0x79,0x6c,0x65,0x72,0x2e,0x74,0x68,0x65,0x6d,0x65,0x49,0x63,0x6f,0x6e,
  0x53,0x69,0x7a,0x65,0x53,0x6d,0x61,0x6c,0x6c,0xa,0x20,0x20,0x20,0x20,0x20,0x20,
  0x20,0x20,0x69,0x63,0x6f,0x6e,0x57,0x69,0x64,0x74,0x68,0x3a,0x20,0x73,0x74,0x79,
  0x6c,0x65,0x72,0x2e,0x74,0x68,0x65,0x6d,0x65,0x49,0x63,0x6f,0x6e,0x53,0x69,0x7a,
  0x65,0x53,0x6d,0x61,0x6c,0x6c,0xa,0x20,0x20,0x20,0x20,0x20,0x20,0x20,0x20,0x6f,
  0x6e,0x43,0x6c,0x69,0x63,0x6b,0x65,0x64,0x3a,0x20,0x7b,0xa,0x20,0x20,0x20,0x20,
  0x20,0x20,0x20,0x20,0x20,0x20,0x20,0x20,0x66,0x6f,0x72,0x77,0x61,0x72,0x64,0x28,
  0x29,0x3b,0xa,0x20,0x20,0x20,0x20,0x20,0x20,0x20,0x20,0x7d,0xa,0x20,0x20,0x20,
  0x20,0x7d,0xa,0x7d,0xa,
    // /home/oles/sailfish/app-sources/harbour-amazfish/ui/qml/components/DraggableItem.qml
  0x0,0x0,0xd,0x7b,
  0x2f,
  0x2a,0xa,0x20,0x2a,0x20,0x6c,0x69,0x73,0x74,0x76,0x69,0x65,0x77,0x64,0x72,0x61,
  0x67,0x69,0x74,0x65,0x6d,0xa,0x20,0x2a,0xa,0x20,0x2a,0x20,0x41,0x6e,0x20,0x65,
  0x78,0x61,0x6d,0x70,0x6c,0x65,0x20,0x6f,0x66,0x20,0x72,0x65,0x6f,0x72,0x64,0x65,
  0x72,0x69,0x6e,0x67,0x20,0x69,0x74,0x65,0x6d,0x73,0x20,0x69,0x6e,0x20,0x61,0x20,
  0x4c,0x69,0x73,0x74,0x56,0x69,0x65,0x77,0x20,0x76,0x69,0x61,0x20,0x64,0x72,0x61,
  0x67,0x27,0x6e,0x27,0x64,0x72,0x6f,0x70,0x2e,0xa,0x20,0x2a,0xa,0x20,0x2a,0x20,
  0x41,0x75,0x74,0x68,0x6f,0x72,0x3a,0x20,0x41,0x75,0x72,0xc3,0xa9,0x6c,0x69,0x65,
  0x6e,0x20,0x47,0xc3,0xa2,0x74,0x65,0x61,0x75,0xa,0x20,0x2a,0x20,0x4c,0x69,0x63,
  0x65,0x6e,0x73,0x65,0x3a,0x20,0x42,0x53,0x44,0xa,0x20,0x2a,0x2f,0xa,0x69,0x6d,
  0x70,0x6f,0x72,0x74,0x20,0x51,0x74,0x51,0x75,0x69,0x63,0x6b,0x20,0x32,0x2e,0x30,
  0xa,0x69,0x6d,0x70,0x6f,0x72,0x74,0x20,0x22,0x70,0x6c,0x61,0x74,0x66,0x6f,0x72,
  0x6d,0x22,0xa,0xa,0x49,0x74,0x65,0x6d,0x20,0x7b,0xa,0x20,0x20,0x20,0x20,0x69,
  0x64,0x3a,0x20,0x72,0x6f,0x6f,0x74,0xa,0xa,0x20,0x20,0x20,0x20,0x64,0x65,0x66,
  0x61,0x75,0x6c,0x74,0x20,0x70,0x72,0x6f,0x70,0x65,0x72,0x74,0x79,0x20,0x49,0x74,
  0x65,0x6d,0x20,0x63,0x6f,0x6e,0x74,0x65,0x6e,0x74,0x49,0x74,0x65,0x6d,0xa,0xa,
  0x20,0x20,0x20,0x20,0x2f,0x2f,0x20,0x54,0x68,0x69,0x73,0x20,0x69,0x74,0x65,0x6d,
  0x20,0x77,0x69,0x6c,0x6c,0x20,0x62,0x65,0x63,0x6f,0x6d,0x65,0x20,0x74,0x68,0x65,
  0x20,0x70,0x61,0x72,0x65,0x6e,0x74,0x20,0x6f,0x66,0x20,0x74,0x68,0x65,0x20,0x64,
  0x72,0x61,0x67,0x67,0x65,0x64,0x20,0x69,0x74,0x65,0x6d,0x20,0x64,0x75,0x72,0x69,
  0x6e,0x67,0x20,0x74,0x68,0x65,0x20,0x64,0x72,0x61,0x67,0x20,0x6f,0x70,0x65,0x72,
  0x61,0x74,0x69,0x6f,0x6e,0xa,0x20,0x20,0x20,0x20,0x70,0x72,0x6f,0x70,0x65,0x72,
  0x74,0x79,0x20,0x49,0x74,0x65,0x6d,0x20,0x64,0x72,0x61,0x67,0x67,0x65,0x64,0x49,
  0x74,0x65,0x6d,0x50,0x61,0x72,0x65,0x6e,0x74,0xa,0xa,0x20,0x20,0x20,0x20,0x73,
  0x69,0x67,0x6e,0x61,0x6c,0x20,0x6d,0x6f,0x76,0x65,0x49,0x74,0x65,0x6d,0x52,0x65,
  0x71,0x75,0x65,0x73,0x74,0x65,0x64,0x28,0x69,0x6e,0x74,0x20,0x66,0x72,0x6f,0x6d,
  0x2c,0x20,0x69,0x6e,0x74,0x20,0x74,0x6f,0x29,0xa,0xa,0x20,0x20,0x20,0x20,0x77,
  0x69,0x64,0x74,0x68,0x3a,0x20,0x63,0x6f,0x6e,0x74,0x65,0x6e,0x74,0x49,0x74,0x65,
  0x6d,0x2e,0x77,0x69,0x64,0x74,0x68,0xa,0x20,0x20,0x20,0x20,0x68,0x65,0x69,0x67,
  0x68,0x74,0x3a,0x20,0x63,0x6f,0x6e,0x74,0x65,0x6e,0x74,0x49,0x74,0x65,0x6d,0x2e,
  0x68,0x65,0x69,0x67,0x68,0x74,0xa,0xa,0x20,0x20,0x20,0x20,0x2f,0x2f,0x20,0x4d,
  0x61,0x6b,0x65,0x20,0x63,0x6f,0x6e,0x74,0x65,0x6e,0x74,0x49,0x74,0x65,0x6d,0x20,
  0x61,0x20,0x63,0x68,0x69,0x6c,0x64,0x20,0x6f,0x66,0x20,0x63,0x6f,0x6e,0x74,0x65,
  0x6e,0x74,0x49,0x74,0x65,0x6d,0x57,0x72,0x61,0x70,0x70,0x65,0x72,0xa,0x20,0x20,
  0x20,0x20,0x6f,0x6e,0x43,0x6f,0x6e,0x74,0x65,0x6e,0x74,0x49,0x74,0x65,0x6d,0x43,
  0x68,0x61,0x6e,0x67,0x65,0x64,0x3a,0x20,0x7b,0xa,0x20,0x20,0x20,0x20,0x20,0x20,
  0x20,0x20,0x63,0x6f,0x6e,0x74,0x65,0x6e,0x74,0x49,0x74,0x65,0x6d,0x2e,0x70,0x61,
  0x72,0x65,0x6e,0x74,0x20,0x3d,0x20,0x63,0x6f,0x6e,0x74,0x65,0x6e,0x74,0x49,0x74,
  0x65,0x6d,0x57,0x72,0x61,0x70,0x70,0x65,0x72,0x3b,0xa,0x20,0x20,0x20,0x20,0x7d,
  0xa,0xa,0x20,0x20,0x20,0x20,0x49,0x74,0x65,0x6d,0x20,0x7b,0xa,0x20,0x20,0x20,
  0x20,0x20,0x20,0x20,0x20,0x69,0x64,0x3a,0x20,0x63,0x6f,0x6e,0x74,0x65,0x6e,0x74,
  0x49,0x74,0x65,0x6d,0x57,0x72,0x61,0x70,0x70,0x65,0x72,0xa,0x20,0x20,0x20,0x20,
  0x20,0x20,0x20,0x20,0x61,0x6e,0x63,0x68,0x6f,0x72,0x73,0x2e,0x66,0x69,0x6c,0x6c,
  0x3a,0x20,0x70,0x61,0x72,0x65,0x6e,0x74,0xa,0x20,0x20,0x20,0x20,0x20,0x20,0x20,
  0x20,0x44,0x72,0x61,0x67,0x2e,0x61,0x63,0x74,0x69,0x76,0x65,0x3a,0x20,0x64,0x72,
  0x61,0x67,0x41,0x72,0x65,0x61,0x2e,0x64,0x72,0x61,0x67,0x2e,0x61,0x63,0x74,0x69,
  0x76,0x65,0xa,0xa,0x20,0x20,0x20,0x20,0x20,0x20,0x20,0x20,0x44,0x72,0x61,0x67,
  0x2e,0x68,0x6f,0x74,0x53,0x70,0x6f,0x74,0x20,0x7b,0xa,0x20,0x20,0x20,0x20,0x20,
  0x20,0x20,0x20,0x20,0x20,0x20,0x20,0x78,0x3a,0x20,0x63,0x6f,0x6e,0x74,0x65,0x6e,
  0x74,0x49,0x74,0x65,0x6d,0x2e,0x77,0x69,0x64,0x74,0x68,0x20,0x2f,0x20,0x32,0xa,
  0x20,0x20,0x20,0x20,0x20,0x20,0x20,0x20,0x20,0x20,0x20,0x20,0x79,0x3a,0x20,0x63,
  0x6f,0x6e,0x74,0x65,0x6e,0x74,0x49,0x74,0x65,0x6d,0x2e,0x68,0x65,0x69,0x67,0x68,
  0x74,0x20,0x2f,0x20,0x32,0xa,0x20,0x20,0x20,0x20,0x20,0x20,0x20,0x20,0x7d,0xa,
  0xa,0x20,0x20,0x20,0x20,0x20,0x20,0x20,0x20,0x49,0x63,0x6f,0x6e,0x50,0x4c,0x20,
  0x7b,0xa,0x20,0x20,0x20,0x20,0x20,0x20,0x20,0x20,0x20,0x20,0x20,0x20,0x68,0x65,
  0x69,0x67,0x68,0x74,0x3a,0x20,0x70,0x61,0x72,0x65,0x6e,0x74,0x2e,0x68,0x65,0x69,
  0x67,0x68,0x74,0x20,0x2d,0x20,0x34,0xa,0x20,0x20,0x20,0x20,0x20,0x20,0x20,0x20,
  0x20,0x20,0x20,0x20,0x77,0x69,0x64,0x74,0x68,0x3a,0x20,0x68,0x65,0x69,0x67,0x68,
  0x74,0xa,0x20,0x20,0x20,0x20,0x20,0x20,0x20,0x20,0x20,0x20,0x20,0x20,0x69,0x63,
  0x6f,0x6e,0x4e,0x61,0x6d,0x65,0x3a,0x20,0x73,0x74,0x79,0x6c,0x65,0x72,0x2e,0x69,
  0x63,0x6f,0x6e,0x55,0x70,0x44,0x6f,0x77,0x6e,0xa,0x20,0x20,0x20,0x20,0x20,0x20,
  0x20,0x20,0x20,0x20,0x20,0x20,0x69,0x63,0x6f,0x6e,0x48,0x65,0x69,0x67,0x68,0x74,
  0x3a,0x20,0x73,0x74,0x79,0x6c,0x65,0x72,0x2e,0x74,0x68,0x65,0x6d,0x65,0x49,0x63,
  0x6f,0x6e,0x53,0x69,0x7a,0x65,0x4d,0x65,0x64,0x69,0x75,0x6d,0xa,0x20,0x20,0x20,
  0x20,0x20,0x20,0x20,0x20,0x20,0x20,0x20,0x20,0x61,0x6e,0x63,0x68,0x6f,0x72,0x73,
  0x2e,0x72,0x69,0x67,0x68,0x74,0x3a,0x20,0x70,0x61,0x72,0x65,0x6e,0x74,0x2e,0x72,
  0x69,0x67,0x68,0x74,0xa,0x20,0x20,0x20,0x20,0x20,0x20,0x20,0x20,0x20,0x20,0x20,
  0x20,0x61,0x6e,0x63,0x68,0x6f,0x72,0x73,0x2e,0x72,0x69,0x67,0x68,0x74,0x4d,0x61,
  0x72,0x67,0x69,0x6e,0x3a,0x20,0x32,0xa,0xa,0x20,0x20,0x20,0x20,0x20,0x20,0x20,
  0x20,0x20,0x20,0x20,0x20,0x4d,0x6f,0x75,0x73,0x65,0x41,0x72,0x65,0x61,0x20,0x7b,
  0xa,0x20,0x20,0x20,0x20,0x20,0x20,0x20,0x20,0x20,0x20,0x20,0x20,0x20,0x20,0x20,
  0x20,0x69,0x64,0x3a,0x20,0x64,0x72,0x61,0x67,0x41,0x72,0x65,0x61,0xa,0x20,0x20,
  0x20,0x20,0x20,0x20,0x20,0x20,0x20,0x20,0x20,0x20,0x20,0x20,0x20,0x20,0x61,0x6e,
  0x63,0x68,0x6f,0x72,0x73,0x2e,0x66,0x69,0x6c,0x6c,0x3a,0x20,0x70,0x61,0x72,0x65,
  0x6e,0x74,0xa,0x20,0x20,0x20,0x20,0x20,0x20,0x20,0x20,0x20,0x20,0x20,0x20,0x20,
  0x20,0x20,0x20,0x64,0x72,0x61,0x67,0x2e,0x74,0x61,0x72,0x67,0x65,0x74,0x3a,0x20,
  0x63,0x6f,0x6e,0x74,0x65,0x6e,0x74,0x49,0x74,0x65,0x6d,0x57,0x72,0x61,0x70,0x70,
  0x65,0x72,0xa,0x20,0x20,0x20,0x20,0x20,0x20,0x20,0x20,0x20,0x20,0x20,0x20,0x20,
  0x20,0x20,0x20,0x2f,0x2f,0x20,0x4b,0x65,0x65,0x70,0x20,0x74,0x68,0x65,0x20,0x64,
  0x72,0x61,0x67,0x67,0x65,0x64,0x20,0x69,0x74,0x65,0x6d,0x20,0x61,0x74,0x20,0x74,
  0x68,0x65,0x20,0x73,0x61,0x6d,0x65,0x20,0x58,0x20,0x70,0x6f,0x73,0x69,0x74,0x69,
  0x6f,0x6e,0x2e,0x20,0x4e,0x69,0x63,0x65,0x20,0x66,0x6f,0x72,0x20,0x6c,0x69,0x73,
  0x74,0x73,0x2c,0x20,0x62,0x75,0x74,0x20,0x6e,0x6f,0x74,0x20,0x6d,0x61,0x6e,0x64,
  0x61,0x74,0x6f,0x72,0x79,0xa,0x20,0x20,0x20,0x20,0x20,0x20,0x20,0x20,0x20,0x20,
  0x20,0x20,0x20,0x20,0x20,0x20,0x64,0x72,0x61,0x67,0x2e,0x61,0x78,0x69,0x73,0x3a,
  0x20,0x44,0x72,0x61,0x67,0x2e,0x59,0x41,0x78,0x69,0x73,0xa,0x20,0x20,0x20,0x20,
  0x20,0x20,0x20,0x20,0x20,0x20,0x20,0x20,0x20,0x20,0x20,0x20,0x2f,0x2f,0x20,0x44,
  0x69,0x73,0x61,0x62,0x6c,0x65,0x20,0x73,0x6d,0x6f,0x6f,0x74,0x68,0x65,0x64,0x20,
  0x73,0x6f,0x20,0x74,0x68,0x61,0x74,0x20,0x74,0x68,0x65,0x20,0x49,0x74,0x65,0x6d,
  0x20,0x70,0x69,0x78,0x65,0x6c,0x20,0x66,0x72,0x6f,0x6d,0x20,0x77,0x68,0x65,0x72,
  0x65,0x20,0x77,0x65,0x20,0x73,0x74,0x61,0x72,0x74,0x65,0x64,0x20,0x74,0x68,0x65,
  0x20,0x64,0x72,0x61,0x67,0x20,0x72,0x65,0x6d,0x61,0x69,0x6e,0x73,0x20,0x75,0x6e,
  0x64,0x65,0x72,0x20,0x74,0x68,0x65,0x20,0x6d,0x6f,0x75,0x73,0x65,0x20,0x63,0x75,
  0x72,0x73,0x6f,0x72,0xa,0x20,0x20,0x20,0x20,0x20,0x20,0x20,0x20,0x20,0x20,0x20,
  0x20,0x20,0x20,0x20,0x20,0x64,0x72,0x61,0x67,0x2e,0x73,0x6d,0x6f,0x6f,0x74,0x68,
  0x65,0x64,0x3a,0x20,0x66,0x61,0x6c,0x73,0x65,0xa,0xa,0x20,0x20,0x20,0x20,0x20,
  0x20,0x20,0x20,0x20,0x20,0x20,0x20,0x20,0x20,0x20,0x20,0x6f,0x6e,0x52,0x65,0x6c,
  0x65,0x61,0x73,0x65,0x64,0x3a,0x20,0x7b,0xa,0x20,0x20,0x20,0x20,0x20,0x20,0x20,
  0x20,0x20,0x20,0x20,0x20,0x20,0x20,0x20,0x20,0x20,0x20,0x20,0x20,0x69,0x66,0x20,
  0x28,0x64,0x72,0x61,0x67,0x2e,0x61,0x63,0x74,0x69,0x76,0x65,0x29,0x20,0x7b,0xa,
  0x20,0x20,0x20,0x20,0x20,0x20,0x20,0x20,0x20,0x20,0x20,0x20,0x20,0x20,0x20,0x20,
  0x20,0x20,0x20,0x20,0x20,0x20,0x20,0x20,0x65,0x6d,0x69,0x74,0x4d,0x6f,0x76,0x65,
  0x49,0x74,0x65,0x6d,0x52,0x65,0x71,0x75,0x65,0x73,0x74,0x65,0x64,0x28,0x29,0x3b,
  0xa,0x20,0x20,0x20,0x20,0x20,0x20,0x20,0x20,0x20,0x20,0x20,0x20,0x20,0x20,0x20,
  0x20,0x20,0x20,0x20,0x20,0x7d,0xa,0x20,0x20,0x20,0x20,0x20,0x20,0x20,0x20,0x20,
  0x20,0x20,0x20,0x20,0x20,0x20,0x20,0x7d,0xa,0x20,0x20,0x20,0x20,0x20,0x20,0x20,
  0x20,0x20,0x20,0x20,0x20,0x7d,0xa,0x20,0x20,0x20,0x20,0x20,0x20,0x20,0x20,0x7d,
  0xa,0x20,0x20,0x20,0x20,0x7d,0xa,0xa,0xa,0x20,0x20,0x20,0x20,0x73,0x74,0x61,
  0x74,0x65,0x73,0x3a,0x20,0x5b,0xa,0x20,0x20,0x20,0x20,0x20,0x20,0x20,0x20,0x53,
  0x74,0x61,0x74,0x65,0x20,0x7b,0xa,0x20,0x20,0x20,0x20,0x20,0x20,0x20,0x20,0x20,
  0x20,0x20,0x20,0x77,0x68,0x65,0x6e,0x3a,0x20,0x64,0x72,0x61,0x67,0x41,0x72,0x65,
  0x61,0x2e,0x64,0x72,0x61,0x67,0x2e,0x61,0x63,0x74,0x69,0x76,0x65,0xa,0x20,0x20,
  0x20,0x20,0x20,0x20,0x20,0x20,0x20,0x20,0x20,0x20,0x6e,0x61,0x6d,0x65,0x3a,0x20,
  0x22,0x64,0x72,0x61,0x67,0x67,0x69,0x6e,0x67,0x22,0xa,0xa,0x20,0x20,0x20,0x20,
  0x20,0x20,0x20,0x20,0x20,0x20,0x20,0x20,0x50,0x61,0x72,0x65,0x6e,0x74,0x43,0x68,
  0x61,0x6e,0x67,0x65,0x20,0x7b,0xa,0x20,0x20,0x20,0x20,0x20,0x20,0x20,0x20,0x20,
  0x20,0x20,0x20,0x20,0x20,0x20,0x20,0x74,0x61,0x72,0x67,0x65,0x74,0x3a,0x20,0x63,
  0x6f,0x6e,0x74,0x65,0x6e,0x74,0x49,0x74,0x65,0x6d,0x57,0x72,0x61,0x70,0x70,0x65,
  0x72,0xa,0x20,0x20,0x20,0x20,0x20,0x20,0x20,0x20,0x20,0x20,0x20,0x20,0x20,0x20,
  0x20,0x20,0x70,0x61,0x72,0x65,0x6e,0x74,0x3a,0x20,0x64,0x72,0x61,0x67,0x67,0x65,
  0x64,0x49,0x74,0x65,0x6d,0x50,0x61,0x72,0x65,0x6e,0x74,0xa,0x20,0x20,0x20,0x20,
  0x20,0x20,0x20,0x20,0x20,0x20,0x20,0x20,0x7d,0xa,0x20,0x20,0x20,0x20,0x20,0x20,
  0x20,0x20,0x20,0x20,0x20,0x20,0x50,0x72,0x6f,0x70,0x65,0x72,0x74,0x79,0x43,0x68,
  0x61,0x6e,0x67,0x65,0x73,0x20,0x7b,0xa,0x20,0x20,0x20,0x20,0x20,0x20,0x20,0x20,
  0x20,0x20,0x20,0x20,0x20,0x20,0x20,0x20,0x74,0x61,0x72,0x67,0x65,0x74,0x3a,0x20,
  0x63,0x6f,0x6e,0x74,0x65,0x6e,0x74,0x49,0x74,0x65,0x6d,0x57,0x72,0x61,0x70,0x70,
  0x65,0x72,0xa,0x20,0x20,0x20,0x20,0x20,0x20,0x20,0x20,0x20,0x20,0x20,0x20,0x20,
  0x20,0x20,0x20,0x6f,0x70,0x61,0x63,0x69,0x74,0x79,0x3a,0x20,0x30,0x2e,0x39,0xa,
  0x20,0x20,0x20,0x20,0x20,0x20,0x20,0x20,0x20,0x20,0x20,0x20,0x20,0x20,0x20,0x20,
  0x61,0x6e,0x63,0x68,0x6f,0x72,0x73,0x2e,0x66,0x69,0x6c,0x6c,0x3a,0x20,0x75,0x6e,
  0x64,0x65,0x66,0x69,0x6e,0x65,0x64,0xa,0x20,0x20,0x20,0x20,0x20,0x20,0x20,0x20,
  0x20,0x20,0x20,0x20,0x20,0x20,0x20,0x20,0x77,0x69,0x64,0x74,0x68,0x3a,0x20,0x63,
  0x6f,0x6e,0x74,0x65,0x6e,0x74,0x49,0x74,0x65,0x6d,0x2e,0x77,0x69,0x64,0x74,0x68,
  0xa,0x20,0x20,0x20,0x20,0x20,0x20,0x20,0x20,0x20,0x20,0x20,0x20,0x20,0x20,0x20,
  0x20,0x68,0x65,0x69,0x67,0x68,0x74,0x3a,0x20,0x63,0x6f,0x6e,0x74,0x65,0x6e,0x74,
  0x49,0x74,0x65,0x6d,0x2e,0x68,0x65,0x69,0x67,0x68,0x74,0xa,0x20,0x20,0x20,0x20,
  0x20,0x20,0x20,0x20,0x20,0x20,0x20,0x20,0x7d,0xa,0x20,0x20,0x20,0x20,0x20,0x20,
  0x20,0x20,0x20,0x20,0x20,0x20,0x50,0x72,0x6f,0x70,0x65,0x72,0x74,0x79,0x43,0x68,
  0x61,0x6e,0x67,0x65,0x73,0x20,0x7b,0xa,0x20,0x20,0x20,0x20,0x20,0x20,0x20,0x20,
  0x20,0x20,0x20,0x20,0x20,0x20,0x20,0x20,0x74,0x61,0x72,0x67,0x65,0x74,0x3a,0x20,
  0x72,0x6f,0x6f,0x74,0xa,0x20,0x20,0x20,0x20,0x20,0x20,0x20,0x20,0x20,0x20,0x20,
  0x20,0x20,0x20,0x20,0x20,0x68,0x65,0x69,0x67,0x68,0x74,0x3a,0x20,0x30,0xa,0x20,
  0x20,0x20,0x20,0x20,0x20,0x20,0x20,0x20,0x20,0x20,0x20,0x7d,0xa,0x20,0x20,0x20,
  0x20,0x20,0x20,0x20,0x20,0x7d,0xa,0x20,0x20,0x20,0x20,0x5d,0xa,0xa,0x20,0x20,
  0x20,0x20,0x4c,0x6f,0x61,0x64,0x65,0x72,0x20,0x7b,0xa,0x20,0x20,0x20,0x20,0x20,
  0x20,0x20,0x20,0x69,0x64,0x3a,0x20,0x74,0x6f,0x70,0x44,0x72,0x6f,0x70,0x41,0x72,
  0x65,0x61,0x4c,0x6f,0x61,0x64,0x65,0x72,0xa,0x20,0x20,0x20,0x20,0x20,0x20,0x20,
  0x20,0x61,0x63,0x74,0x69,0x76,0x65,0x3a,0x20,0x6d,0x6f,0x64,0x65,0x6c,0x2e,0x69,
  0x6e,0x64,0x65,0x78,0x20,0x3d,0x3d,0x3d,0x20,0x30,0xa,0x20,0x20,0x20,0x20,0x20,
  0x20,0x20,0x20,0x61,0x6e,0x63,0x68,0x6f,0x72,0x73,0x20,0x7b,0xa,0x20,0x20,0x20,
  0x20,0x20,0x20,0x20,0x20,0x20,0x20,0x20,0x20,0x6c,0x65,0x66,0x74,0x3a,0x20,0x70,
  0x61,0x72,0x65,0x6e,0x74,0x2e,0x6c,0x65,0x66,0x74,0xa,0x20,0x20,0x20,0x20,0x20,
  0x20,0x20,0x20,0x20,0x20,0x20,0x20,0x72,0x69,0x67,0x68,0x74,0x3a,0x20,0x70,0x61,
  0x72,0x65,0x6e,0x74,0x2e,0x72,0x69,0x67,0x68,0x74,0xa,0x20,0x20,0x20,0x20,0x20,
  0x20,0x20,0x20,0x20,0x20,0x20,0x20,0x62,0x6f,0x74,0x74,0x6f,0x6d,0x3a,0x20,0x72,
  0x6f,0x6f,0x74,0x2e,0x76,0x65,0x72,0x74,0x69,0x63,0x61,0x6c,0x43,0x65,0x6e,0x74,
  0x65,0x72,0xa,0x20,0x20,0x20,0x20,0x20,0x20,0x20,0x20,0x7d,0xa,0x20,0x20,0x20,
  0x20,0x20,0x20,0x20,0x20,0x68,0x65,0x69,0x67,0x68,0x74,0x3a,0x20,0x63,0x6f,0x6e,
  0x74,0x65,0x6e,0x74,0x49,0x74,0x65,0x6d,0x2e,0x68,0x65,0x69,0x67,0x68,0x74,0xa,
  0x20,0x20,0x20,0x20,0x20,0x20,0x20,0x20,0x73,0x6f,0x75,0x72,0x63,0x65,0x43,0x6f,
  0x6d,0x70,0x6f,0x6e,0x65,0x6e,0x74,0x3a,0x20,0x43,0x6f,0x6d,0x70,0x6f,0x6e,0x65,
  0x6e,0x74,0x20,0x7b,0xa,0x20,0x20,0x20,0x20,0x20,0x20,0x20,0x20,0x20,0x20,0x20,
  0x20,0x44,0x72,0x61,0x67,0x67,0x61,0x62,0x6c,0x65,0x49,0x74,0x65,0x6d,0x44,0x72,
  0x6f,0x70,0x41,0x72,0x65,0x61,0x20,0x7b,0xa,0x20,0x20,0x20,0x20,0x20,0x20,0x20,
  0x20,0x20,0x20,0x20,0x20,0x20,0x20,0x20,0x20,0x64,0x72,0x6f,0x70,0x49,0x6e,0x64,
  0x65,0x78,0x3a,0x20,0x30,0xa,0x20,0x20,0x20,0x20,0x20,0x20,0x20,0x20,0x20,0x20,
  0x20,0x20,0x7d,0xa,0x20,0x20,0x20,0x20,0x20,0x20,0x20,0x20,0x7d,0xa,0x20,0x20,
  0x20,0x20,0x7d,0xa,0xa,0x20,0x20,0x20,0x20,0x44,0x72,0x61,0x67,0x67,0x61,0x62,
  0x6c,0x65,0x49,0x74,0x65,0x6d,0x44,0x72,0x6f,0x70,0x41,0x72,0x65,0x61,0x20,0x7b,
  0xa,0x20,0x20,0x20,0x20,0x20,0x20,0x20,0x20,0x61,0x6e,0x63,0x68,0x6f,0x72,0x73,
  0x20,0x7b,0xa,0x20,0x20,0x20,0x20,0x20,0x20,0x20,0x20,0x20,0x20,0x20,0x20,0x6c,
  0x65,0x66,0x74,0x3a,0x20,0x70,0x61,0x72,0x65,0x6e,0x74,0x2e,0x6c,0x65,0x66,0x74,
  0xa,0x20,0x20,0x20,0x20,0x20,0x20,0x20,0x20,0x20,0x20,0x20,0x20,0x72,0x69,0x67,
  0x68,0x74,0x3a,0x20,0x70,0x61,0x72,0x65,0x6e,0x74,0x2e,0x72,0x69,0x67,0x68,0x74,
  0xa,0x20,0x20,0x20,0x20,0x20,0x20,0x20,0x20,0x20,0x20,0x20,0x20,0x74,0x6f,0x70,
  0x3a,0x20,0x72,0x6f,0x6f,0x74,0x2e,0x76,0x65,0x72,0x74,0x69,0x63,0x61,0x6c,0x43,
  0x65,0x6e,0x74,0x65,0x72,0xa,0x20,0x20,0x20,0x20,0x20,0x20,0x20,0x20,0x7d,0xa,
  0x20,0x20,0x20,0x20,0x20,0x20,0x20,0x20,0x68,0x65,0x69,0x67,0x68,0x74,0x3a,0x20,
  0x63,0x6f,0x6e,0x74,0x65,0x6e,0x74,0x49,0x74,0x65,0x6d,0x2e,0x68,0x65,0x69,0x67,
  0x68,0x74,0xa,0x20,0x20,0x20,0x20,0x20,0x20,0x20,0x20,0x64,0x72,0x6f,0x70,0x49,
  0x6e,0x64,0x65,0x78,0x3a,0x20,0x6d,0x6f,0x64,0x65,0x6c,0x2e,0x69,0x6e,0x64,0x65,
  0x78,0x20,0x2b,0x20,0x31,0xa,0x20,0x20,0x20,0x20,0x7d,0xa,0xa,0x20,0x20,0x20,
  0x20,0x66,0x75,0x6e,0x63,0x74,0x69,0x6f,0x6e,0x20,0x65,0x6d,0x69,0x74,0x4d,0x6f,
  0x76,0x65,0x49,0x74,0x65,0x6d,0x52,0x65,0x71,0x75,0x65,0x73,0x74,0x65,0x64,0x28,
  0x29,0x20,0x7b,0xa,0x20,0x20,0x20,0x20,0x20,0x20,0x20,0x20,0x76,0x61,0x72,0x20,
  0x64,0x72,0x6f,0x70,0x41,0x72,0x65,0x61,0x20,0x3d,0x20,0x63,0x6f,0x6e,0x74,0x65,
  0x6e,0x74,0x49,0x74,0x65,0x6d,0x57,0x72,0x61,0x70,0x70,0x65,0x72,0x2e,0x44,0x72,
  0x61,0x67,0x2e,0x74,0x61,0x72,0x67,0x65,0x74,0x3b,0xa,0x20,0x20,0x20,0x20,0x20,
  0x20,0x20,0x20,0x69,0x66,0x20,0x28,0x21,0x64,0x72,0x6f,0x70,0x41,0x72,0x65,0x61,
  0x29,0x20,0x7b,0xa,0x20,0x20,0x20,0x20,0x20,0x20,0x20,0x20,0x20,0x20,0x20,0x20,
  0x72,0x65,0x74,0x75,0x72,0x6e,0x3b,0xa,0x20,0x20,0x20,0x20,0x20,0x20,0x20,0x20,
  0x7d,0xa,0x20,0x20,0x20,0x20,0x20,0x20,0x20,0x20,0x76,0x61,0x72,0x20,0x64,0x72,
  0x6f,0x70,0x49,0x6e,0x64,0x65,0x78,0x20,0x3d,0x20,0x64,0x72,0x6f,0x70,0x41,0x72,
  0x65,0x61,0x2e,0x64,0x72,0x6f,0x70,0x49,0x6e,0x64,0x65,0x78,0x3b,0xa,0xa,0x20,
  0x20,0x20,0x20,0x20,0x20,0x20,0x20,0x2f,0x2f,0x20,0x49,0x66,0x20,0x74,0x68,0x65,
  0x20,0x74,0x61,0x72,0x67,0x65,0x74,0x20,0x69,0x74,0x65,0x6d,0x20,0x69,0x73,0x20,
  0x62,0x65,0x6c,0x6f,0x77,0x20,0x75,0x73,0x2c,0x20,0x74,0x68,0x65,0x6e,0x20,0x64,
  0x65,0x63,0x72,0x65,0x6d,0x65,0x6e,0x74,0x20,0x64,0x72,0x6f,0x70,0x49,0x6e,0x64,
  0x65,0x78,0x20,0x62,0x65,0x63,0x61,0x75,0x73,0x65,0x20,0x74,0x68,0x65,0x20,0x74,
  0x61,0x72,0x67,0x65,0x74,0x20,0x69,0x74,0x65,0x6d,0x20,0x69,0x73,0x20,0x67,0x6f,
  0x69,0x6e,0x67,0x20,0x74,0x6f,0x20,0x6d,0x6f,0x76,0x65,0x20,0x75,0x70,0x20,0x77,
  0x68,0x65,0x6e,0xa,0x20,0x20,0x20,0x20,0x20,0x20,0x20,0x20,0x2f,0x2f,0x20,0x6f,
  0x75,0x72,0x20,0x69,0x74,0x65,0x6d,0x20,0x6c,0x65,0x61,0x76,0x65,0x73,0x20,0x69,
  0x74,0x73,0x20,0x70,0x6c,0x61,0x63,0x65,0xa,0x20,0x20,0x20,0x20,0x20,0x20,0x20,
  0x20,0x69,0x66,0x20,0x28,0x6d,0x6f,0x64,0x65,0x6c,0x2e,0x69,0x6e,0x64,0x65,0x78,
  0x20,0x3c,0x20,0x64,0x72,0x6f,0x70,0x49,0x6e,0x64,0x65,0x78,0x29,0x20,0x7b,0xa,
  0x20,0x20,0x20,0x20,0x20,0x20,0x20,0x20,0x20,0x20,0x20,0x20,0x64,0x72,0x6f,0x70,
  0x49,0x6e,0x64,0x65,0x78,0x2d,0x2d,0x3b,0xa,0x20,0x20,0x20,0x20,0x20,0x20,0x20,
  0x20,0x7d,0xa,0x20,0x20,0x20,0x20,0x20,0x20,0x20,0x20,0x69,0x66,0x20,0x28,0x6d,
  0x6f,0x64,0x65,0x6c,0x2e,0x69,0x6e,0x64,0x65,0x78,0x20,0x3d,0x3d,0x3d,0x20,0x64,
  0x72,0x6f,0x70,0x49,0x6e,0x64,0x65,0x78,0x29,0x20,0x7b,0xa,0x20,0x20,0x20,0x20,
  0x20,0x20,0x20,0x20,0x20,0x20,0x20,0x20,0x72,0x65,0x74,0x75,0x72,0x6e,0x3b,0xa,
  0x20,0x20,0x20,0x20,0x20,0x20,0x20,0x20,0x7d,0xa,0x20,0x20,0x20,0x20,0x20,0x20,
  0x20,0x20,0x72,0x6f,0x6f,0x74,0x2e,0x6d,0x6f,0x76,0x65,0x49,0x74,0x65,0x6d,0x52,
  0x65,0x71,0x75,0x65,0x73,0x74,0x65,0x64,0x28,0x6d,0x6f,0x64,0x65,0x6c,0x2e,0x69,
  0x6e,0x64,0x65,0x78,0x2c,0x20,0x64,0x72,0x6f,0x70,0x49,0x6e,0x64,0x65,0x78,0x29,
  0x3b,0xa,0x20,0x20,0x20,0x20,0x7d,0xa,0x7d,0xa,
    // /home/oles/sailfish/app-sources/harbour-amazfish/ui/qml/components/Alarm.qml
  0x0,0x0,0x3,0xed,
  0x0,
  0x0,0x15,0xd,0x78,0x9c,0xd5,0x58,0x61,0x6f,0x9b,0x3a,0x14,0xfd,0xce,0xaf,0xb0,
  0x22,0xed,0x95,0xa8,0x79,0xac,0xc9,0xab,0xba,0x8a,0xa9,0xab,0xf2,0xb2,0x75,0x9d,
  0xd4,0x4c,0x5d,0x13,0xa9,0x9f,0x5d,0x70,0xc1,0xb,0xd8,0x3c,0x63,0xda,0x35,0xaf,
  0xf9,0xef,0xbb,0x36,0x24,0x40,0x30,0xb4,0x6f,0xdb,0xd3,0x52,0x7f,0x2,0xfb,0xdc,
  0xeb,0x73,0xec,0xe3,0x1b,0x13,0x1a,0x27,0x5c,0x48,0xf4,0x45,0x7e,0xc9,0xa8,0xb7,
  0x40,0x23,0xe7,0xc0,0xa2,0x79,0x57,0xb6,0x70,0x3c,0xee,0x24,0x34,0x8,0x96,0xe,
  0x8e,0xf1,0xf2,0x96,0xa6,0x21,0x1a,0x96,0xe3,0x3d,0xa7,0x57,0x3e,0xbe,0x4e,0x22,
  0x2c,0x6f,0xb9,0x88,0x7b,0x96,0xf5,0x49,0x92,0x18,0xfd,0x6b,0x21,0x68,0xd4,0x77,
  0x11,0x95,0xf1,0x38,0xc2,0x22,0xb6,0x74,0x4f,0x22,0x78,0x42,0x84,0x7c,0x40,0x38,
  0xa2,0x38,0x45,0x84,0xe1,0x9b,0x88,0x0,0xca,0xb,0x17,0x1f,0xf2,0x67,0xc7,0xb,
  0x89,0xb7,0x20,0x7e,0x1d,0x4e,0x99,0x44,0x21,0xcf,0x84,0x8b,0xe,0x9a,0x3,0x31,
  0x65,0x99,0x24,0x8d,0xa1,0x54,0xa,0xca,0x2,0x98,0x9,0x66,0xff,0x8c,0x63,0x0,
  0xf4,0x34,0x13,0x34,0xec,0x35,0x73,0x68,0xd4,0x27,0x60,0x32,0xcc,0x89,0x86,0x84,
  0x6,0xa1,0x54,0xc4,0x68,0xe4,0xb,0xc2,0xae,0x88,0x27,0x9d,0xbc,0x13,0xed,0x43,
  0xea,0x87,0x88,0x8,0x47,0x86,0x24,0x26,0x97,0xd8,0xf7,0x61,0x9e,0xb,0x2c,0x2,
  0xa2,0x43,0xef,0xa9,0x2f,0x43,0x17,0x25,0x18,0xc2,0xa4,0xa3,0xdf,0xf2,0x9c,0x13,
  0x1e,0x65,0x31,0x2b,0xd6,0xa6,0xd,0xb9,0x1e,0xeb,0x20,0x60,0x6d,0x40,0x69,0x82,
  0x3d,0x98,0xdb,0xed,0x26,0xa4,0xda,0xc,0xc2,0x29,0x67,0xe7,0x4,0xfb,0x44,0x5c,
  0x5e,0x54,0x48,0xa8,0x26,0xc9,0x37,0x98,0x6a,0xb3,0x52,0x9b,0xb1,0x55,0x39,0xd5,
  0x15,0xbf,0xdf,0xa,0xea,0x9a,0x7c,0x4a,0x7c,0x9a,0xc5,0x35,0x78,0x97,0xd8,0x67,
  0xb,0x56,0x6d,0xe,0x64,0x67,0xf7,0x54,0x7a,0x61,0x43,0xc7,0xda,0x74,0xa5,0x9d,
  0x1a,0xc3,0xb9,0xd4,0x7f,0xd2,0xb9,0xb0,0x7b,0x5,0xa6,0xd7,0x6f,0xa0,0xc,0x64,
  0xd1,0x6b,0x34,0xaa,0xe1,0x56,0xb5,0xb7,0xbf,0x33,0x29,0x39,0x6b,0x65,0x74,0xa3,
  0x87,0x3b,0xd9,0xcc,0xa9,0xf2,0xe8,0xab,0xa1,0xfb,0x6a,0xd4,0xeb,0x3b,0xb0,0x7b,
  0x76,0x82,0x7d,0x5b,0xb9,0x7e,0x80,0x46,0xfd,0xb2,0x27,0xb7,0xbb,0xee,0xb3,0x1a,
  0x9,0x39,0x9b,0x44,0x54,0x9d,0x1f,0xd7,0x40,0x44,0xb5,0x3b,0x2c,0x90,0x4f,0x71,
  0xc4,0x3,0x74,0x2,0xfa,0x2,0x32,0x93,0xd8,0x5b,0x38,0x49,0x96,0x86,0x76,0xa2,
  0x22,0xc5,0x84,0xc3,0xb1,0x66,0xa0,0x7b,0xd0,0x92,0xe2,0xa9,0x96,0x1f,0xd4,0xf5,
  0xc1,0x77,0xb4,0x82,0x1f,0x4a,0x54,0x1c,0xec,0x4d,0xa6,0x42,0xf9,0x7f,0xce,0xb5,
  0x6a,0x6e,0xb0,0x6a,0xf9,0x32,0x38,0xd8,0xf3,0x48,0x22,0x55,0xe5,0xe1,0x8c,0x81,
  0xe9,0xec,0xdb,0x8c,0xe9,0xc3,0x62,0xf7,0x3b,0x16,0xa0,0x26,0xf,0x96,0xb2,0x48,
  0xa6,0xde,0xde,0x3e,0x1d,0x94,0x2b,0x29,0xc3,0xf2,0x77,0x73,0xa0,0x81,0xfd,0xaa,
  0xd1,0xb3,0xd9,0xb4,0x16,0xca,0xca,0x83,0x5b,0xdb,0x6b,0xc4,0x29,0x13,0x5e,0x6a,
  0xdc,0x7b,0xcd,0x4c,0x19,0xba,0x39,0xdb,0xaa,0xe5,0x20,0x94,0x4f,0x1f,0x5,0xf5,
  0xb7,0xa8,0x78,0xba,0xfc,0xa5,0x2e,0x7a,0xf3,0xec,0x32,0x32,0x8b,0x71,0x14,0xfd,
  0xce,0x2a,0x32,0xe5,0x6d,0xa5,0xc1,0xae,0xd5,0x86,0x3f,0xdb,0x8b,0x60,0x1f,0xa,
  0xc7,0x71,0x47,0xe1,0x78,0x1e,0x91,0x79,0xb6,0x23,0x44,0xae,0xc9,0x8e,0x10,0x99,
  0x87,0x3b,0x42,0xe4,0x4c,0xec,0x8,0x91,0x19,0xde,0x15,0x22,0xff,0xbf,0x59,0x2f,
  0xf0,0xd,0x89,0x8c,0x1c,0xaa,0x3f,0xa9,0x53,0xce,0xda,0x7f,0xdc,0x7f,0x82,0x8b,
  0x6a,0x21,0x17,0x74,0xc9,0x99,0xc4,0xd1,0x38,0xa2,0x1,0x8b,0x21,0x95,0xab,0xd7,
  0xc7,0xd1,0xef,0xe7,0x13,0xe8,0x20,0xc2,0xfa,0x69,0xd,0xf3,0x8c,0xbc,0x78,0xd,
  0xd7,0x5d,0x97,0xac,0x17,0xa2,0x61,0x1e,0x66,0xbf,0x48,0xc3,0x9b,0xdf,0xa6,0xe1,
  0x4c,0xd0,0x17,0xaf,0x61,0x86,0xe5,0xcb,0xd7,0x90,0xfd,0xaa,0xba,0xf4,0xc3,0x1a,
  0xcc,0x12,0xf2,0xa7,0xe2,0xb3,0x6f,0x7d,0xf,0x86,0xf,0x64,0x2a,0x6b,0x97,0xe1,
  0xe6,0xe7,0x3a,0x5c,0x65,0xc7,0xc5,0xbf,0x4,0x13,0xce,0x6e,0x29,0x5c,0xab,0xd5,
  0x45,0xb7,0x40,0xd9,0xc5,0xe7,0x75,0xbf,0xbc,0xe1,0x16,0xd7,0x66,0x53,0xd0,0x39,
  0xc,0x19,0x22,0x36,0x77,0x66,0x53,0xcc,0x54,0xf,0x56,0xa2,0x36,0x61,0xea,0x83,
  0x47,0x90,0x84,0x60,0xd9,0x12,0x7a,0xa5,0x7,0xa7,0x38,0x5d,0x98,0xc2,0xf5,0x25,
  0xb0,0xa2,0xb2,0x48,0xf5,0x7,0x1a,0xbe,0xad,0x62,0xe6,0x99,0x9,0x33,0xaa,0x61,
  0xae,0x89,0x9,0x73,0x58,0xcf,0x13,0x9a,0x30,0xc7,0x35,0xcc,0x99,0x30,0xf2,0x39,
  0xaa,0x81,0x66,0xd8,0x4,0xfa,0xab,0xce,0x68,0x66,0x64,0x7d,0x74,0x58,0xe8,0xdf,
  0xf6,0x41,0x8a,0xef,0x48,0xcd,0x7,0x5b,0xcb,0x99,0x12,0x39,0x36,0xec,0xfa,0xc0,
  0xe0,0x97,0xfe,0x53,0x39,0xaa,0x26,0x18,0x68,0xb7,0x54,0xac,0xd0,0x12,0x53,0x37,
  0xc1,0xa0,0x70,0x4c,0xab,0x19,0xe,0xca,0x84,0x45,0xdf,0xe3,0xc9,0xd6,0x7e,0x9f,
  0xa2,0x21,0x72,0x5b,0x81,0x95,0x4d,0x3f,0x45,0xa3,0xe,0x60,0x65,0xe7,0x4f,0xd1,
  0x61,0x57,0xc6,0xb0,0x2,0x3c,0xee,0x0,0x56,0x3c,0x0,0x1c,0x8f,0x3a,0x90,0x15,
  0x23,0x9c,0xc2,0xfe,0x77,0x21,0xab,0x72,0x8e,0xa,0x9a,0x4f,0xad,0x79,0xf3,0xf4,
  0xc,0x8a,0xac,0xc5,0x7e,0x81,0x89,0xea,0x2e,0x52,0xff,0x61,0xb0,0x41,0x5e,0xed,
  0x6,0x68,0x59,0xf5,0xd3,0x12,0x76,0x65,0x89,0x1e,0x1f,0xd1,0xde,0xc1,0x5e,0x49,
  0x92,0x41,0x2f,0x43,0xfb,0x68,0x6f,0xaf,0x4a,0x5c,0x66,0x82,0x21,0xe6,0x44,0x84,
  0x5,0x50,0x26,0xdf,0x9d,0xe4,0x9,0x81,0x39,0x3,0xe2,0x8c,0xdc,0xa3,0xb1,0x10,
  0xf8,0xc1,0x5e,0x57,0xd1,0xd,0x72,0x1f,0xd,0xfb,0xce,0x57,0x4e,0x99,0xd,0x53,
  0xef,0x23,0xb6,0x66,0xb9,0xb2,0xbe,0x3,0x4a,0x65,0x9f,0xde,
    // /home/oles/sailfish/app-sources/harbour-amazfish/ui/qml/components/Graph.qml
  0x0,0x0,0x2,0x7,
  0x69,
  0x6d,0x70,0x6f,0x72,0x74,0x20,0x51,0x74,0x51,0x75,0x69,0x63,0x6b,0x20,0x32,0x2e,
  0x30,0xd,0xa,0x69,0x6d,0x70,0x6f,0x72,0x74,0x20,0x22,0x2e,0x22,0xd,0xa,0xd,
  0xa,0x47,0x72,0x61,0x70,0x68,0x44,0x61,0x74,0x61,0x20,0x7b,0xd,0xa,0x20,0x20,
  0x20,0x20,0x69,0x64,0x3a,0x20,0x67,0x72,0x61,0x70,0x68,0x44,0x61,0x74,0x61,0xd,
  0xa,0xd,0xa,0x20,0x20,0x20,0x20,0x70,0x72,0x6f,0x70,0x65,0x72,0x74,0x79,0x20,
  0x69,0x6e,0x74,0x20,0x74,0x79,0x70,0x65,0x3a,0x20,0x30,0xd,0xa,0x20,0x20,0x20,
  0x20,0x70,0x72,0x6f,0x70,0x65,0x72,0x74,0x79,0x20,0x61,0x6c,0x69,0x61,0x73,0x20,
  0x67,0x72,0x61,0x70,0x68,0x54,0x79,0x70,0x65,0x3a,0x20,0x67,0x72,0x61,0x70,0x68,
  0x44,0x61,0x74,0x61,0x2e,0x67,0x72,0x61,0x70,0x68,0x54,0x79,0x70,0x65,0xd,0xa,
  0x20,0x20,0x20,0x20,0x70,0x72,0x6f,0x70,0x65,0x72,0x74,0x79,0x20,0x61,0x6c,0x69,
  0x61,0x73,0x20,0x6c,0x61,0x73,0x74,0x56,0x61,0x6c,0x75,0x65,0x3a,0x20,0x67,0x72,
  0x61,0x70,0x68,0x44,0x61,0x74,0x61,0x2e,0x6c,0x61,0x73,0x74,0x56,0x61,0x6c,0x75,
  0x65,0xd,0xa,0x20,0x20,0x20,0x20,0x70,0x72,0x6f,0x70,0x65,0x72,0x74,0x79,0x20,
  0x61,0x6c,0x69,0x61,0x73,0x20,0x6c,0x61,0x73,0x74,0x59,0x3a,0x20,0x67,0x72,0x61,
  0x70,0x68,0x44,0x61,0x74,0x61,0x2e,0x6c,0x61,0x73,0x74,0x59,0xd,0xa,0x20,0x20,
  0x20,0x20,0x70,0x72,0x6f,0x70,0x65,0x72,0x74,0x79,0x20,0x61,0x6c,0x69,0x61,0x73,
  0x20,0x6c,0x61,0x73,0x74,0x5a,0x3a,0x20,0x67,0x72,0x61,0x70,0x68,0x44,0x61,0x74,
  0x61,0x2e,0x6c,0x61,0x73,0x74,0x5a,0xd,0xa,0x20,0x20,0x20,0x20,0x70,0x72,0x6f,
  0x70,0x65,0x72,0x74,0x79,0x20,0x61,0x6c,0x69,0x61,0x73,0x20,0x63,0x6f,0x6c,0x6f,
  0x72,0x4d,0x61,0x70,0x3a,0x20,0x67,0x72,0x61,0x70,0x68,0x44,0x61,0x74,0x61,0x2e,
  0x63,0x6f,0x6c,0x6f,0x72,0x4d,0x61,0x70,0xd,0xa,0x20,0x20,0x20,0x20,0x70,0x72,
  0x6f,0x70,0x65,0x72,0x74,0x79,0x20,0x61,0x6c,0x69,0x61,0x73,0x20,0x64,0x65,0x66,
  0x61,0x75,0x6c,0x74,0x43,0x6f,0x6c,0x6f,0x72,0x3a,0x20,0x67,0x72,0x61,0x70,0x68,
  0x44,0x61,0x74,0x61,0x2e,0x64,0x65,0x66,0x61,0x75,0x6c,0x74,0x43,0x6f,0x6c,0x6f,
  0x72,0xd,0xa,0xd,0xa,0x20,0x20,0x20,0x20,0x66,0x75,0x6e,0x63,0x74,0x69,0x6f,
  0x6e,0x20,0x75,0x70,0x64,0x61,0x74,0x65,0x47,0x72,0x61,0x70,0x68,0x28,0x64,0x61,
  0x79,0x29,0x20,0x7b,0xd,0xa,0x20,0x20,0x20,0x20,0x20,0x20,0x20,0x20,0x76,0x61,
  0x72,0x20,0x64,0x61,0x74,0x61,0x50,0x6f,0x69,0x6e,0x74,0x73,0x20,0x3d,0x20,0x64,
  0x61,0x74,0x61,0x53,0x6f,0x75,0x72,0x63,0x65,0x2e,0x64,0x61,0x74,0x61,0x28,0x74,
  0x79,0x70,0x65,0x2c,0x20,0x64,0x61,0x79,0x29,0x3b,0xd,0xa,0x20,0x20,0x20,0x20,
  0x20,0x20,0x20,0x20,0x73,0x65,0x74,0x50,0x6f,0x69,0x6e,0x74,0x73,0x28,0x64,0x61,
  0x74,0x61,0x50,0x6f,0x69,0x6e,0x74,0x73,0x29,0x3b,0xd,0xa,0x20,0x20,0x20,0x20,
  0x7d,0xd,0xa,0x7d,0xd,0xa,
    // /home/oles/sailfish/app-sources/harbour-amazfish/ui/qml/components/DraggableItemDropArea.qml
  0x0,0x0,0x2,0x46,
  0x2f,
  0x2a,0xa,0x20,0x2a,0x20,0x6c,0x69,0x73,0x74,0x76,0x69,0x65,0x77,0x64,0x72,0x61,
  0x67,0x69,0x74,0x65,0x6d,0xa,0x20,0x2a,0xa,0x20,0x2a,0x20,0x41,0x6e,0x20,0x65,
  0x78,0x61,0x6d,0x70,0x6c,0x65,0x20,0x6f,0x66,0x20,0x72,0x65,0x6f,0x72,0x64,0x65,
  0x72,0x69,0x6e,0x67,0x20,0x69,0x74,0x65,0x6d,0x73,0x20,0x69,0x6e,0x20,0x61,0x20,
  0x4c,0x69,0x73,0x74,0x56,0x69,0x65,0x77,0x20,0x76,0x69,0x61,0x20,0x64,0x72,0x61,
  0x67,0x27,0x6e,0x27,0x64,0x72,0x6f,0x70,0x2e,0xa,0x20,0x2a,0xa,0x20,0x2a,0x20,
  0x41,0x75,0x74,0x68,0x6f,0x72,0x3a,0x20,0x41,0x75,0x72,0xc3,0xa9,0x6c,0x69,0x65,
  0x6e,0x20,0x47,0xc3,0xa2,0x74,0x65,0x61,0x75,0xa,0x20,0x2a,0x20,0x4c,0x69,0x63,
  0x65,0x6e,0x73,0x65,0x3a,0x20,0x42,0x53,0x44,0xa,0x20,0x2a,0x2f,0xa,0x69,0x6d,
  0x70,0x6f,0x72,0x74,0x20,0x51,0x74,0x51,0x75,0x69,0x63,0x6b,0x20,0x32,0x2e,0x30,
  0xa,0xa,0x44,0x72,0x6f,0x70,0x41,0x72,0x65,0x61,0x20,0x7b,0xa,0x20,0x20,0x20,
  0x20,0x69,0x64,0x3a,0x20,0x72,0x6f,0x6f,0x74,0xa,0x20,0x20,0x20,0x20,0x70,0x72,
  0x6f,0x70,0x65,0x72,0x74,0x79,0x20,0x69,0x6e,0x74,0x20,0x64,0x72,0x6f,0x70,0x49,
  0x6e,0x64,0x65,0x78,0xa,0xa,0x20,0x20,0x20,0x20,0x52,0x65,0x63,0x74,0x61,0x6e,
  0x67,0x6c,0x65,0x20,0x7b,0xa,0x20,0x20,0x20,0x20,0x20,0x20,0x20,0x20,0x69,0x64,
  0x3a,0x20,0x64,0x72,0x6f,0x70,0x49,0x6e,0x64,0x69,0x63,0x61,0x74,0x6f,0x72,0xa,
  0x20,0x20,0x20,0x20,0x20,0x20,0x20,0x20,0x61,0x6e,0x63,0x68,0x6f,0x72,0x73,0x20,
  0x7b,0xa,0x20,0x20,0x20,0x20,0x20,0x20,0x20,0x20,0x20,0x20,0x20,0x20,0x6c,0x65,
  0x66,0x74,0x3a,0x20,0x70,0x61,0x72,0x65,0x6e,0x74,0x2e,0x6c,0x65,0x66,0x74,0xa,
  0x20,0x20,0x20,0x20,0x20,0x20,0x20,0x20,0x20,0x20,0x20,0x20,0x72,0x69,0x67,0x68,
  0x74,0x3a,0x20,0x70,0x61,0x72,0x65,0x6e,0x74,0x2e,0x72,0x69,0x67,0x68,0x74,0xa,
  0x20,0x20,0x20,0x20,0x20,0x20,0x20,0x20,0x20,0x20,0x20,0x20,0x74,0x6f,0x70,0x3a,
  0x20,0x64,0x72,0x6f,0x70,0x49,0x6e,0x64,0x65,0x78,0x20,0x3d,0x3d,0x3d,0x20,0x30,
  0x20,0x3f,0x20,0x70,0x61,0x72,0x65,0x6e,0x74,0x2e,0x76,0x65,0x72,0x74,0x69,0x63,
  0x61,0x6c,0x43,0x65,0x6e,0x74,0x65,0x72,0x20,0x3a,0x20,0x75,0x6e,0x64,0x65,0x66,
  0x69,0x6e,0x65,0x64,0xa,0x20,0x20,0x20,0x20,0x20,0x20,0x20,0x20,0x20,0x20,0x20,
  0x20,0x62,0x6f,0x74,0x74,0x6f,0x6d,0x3a,0x20,0x64,0x72,0x6f,0x70,0x49,0x6e,0x64,
  0x65,0x78,0x20,0x3d,0x3d,0x3d,0x20,0x30,0x20,0x3f,0x20,0x75,0x6e,0x64,0x65,0x66,
  0x69,0x6e,0x65,0x64,0x20,0x3a,0x20,0x70,0x61,0x72,0x65,0x6e,0x74,0x2e,0x76,0x65,
  0x72,0x74,0x69,0x63,0x61,0x6c,0x43,0x65,0x6e,0x74,0x65,0x72,0xa,0x20,0x20,0x20,
  0x20,0x20,0x20,0x20,0x20,0x7d,0xa,0x20,0x20,0x20,0x20,0x20,0x20,0x20,0x20,0x68,
  0x65,0x69,0x67,0x68,0x74,0x3a,0x20,0x32,0xa,0x20,0x20,0x20,0x20,0x20,0x20,0x20,
  0x20,0x6f,0x70,0x61,0x63,0x69,0x74,0x79,0x3a,0x20,0x72,0x6f,0x6f,0x74,0x2e,0x63,
  0x6f,0x6e,0x74,0x61,0x69,0x6e,0x73,0x44,0x72,0x61,0x67,0x20,0x3f,0x20,0x30,0x2e,
  0x38,0x20,0x3a,0x20,0x30,0x2e,0x30,0xa,0x20,0x20,0x20,0x20,0x20,0x20,0x20,0x20,
  0x63,0x6f,0x6c,0x6f,0x72,0x3a,0x20,0x22,0x72,0x65,0x64,0x22,0xa,0x20,0x20,0x20,
  0x20,0x7d,0xa,0x7d,0xa,
    // /home/oles/sailfish/app-sources/harbour-amazfish/ui/qml/components/StepsTile.qml
  0x0,0x0,0x6,0x9e,
  0x69,
  0x6d,0x70,0x6f,0x72,0x74,0x20,0x51,0x74,0x51,0x75,0x69,0x63,0x6b,0x20,0x32,0x2e,
  0x30,0xa,0x69,0x6d,0x70,0x6f,0x72,0x74,0x20,0x51,0x74,0x51,0x75,0x69,0x63,0x6b,
  0x2e,0x4c,0x61,0x79,0x6f,0x75,0x74,0x73,0x20,0x31,0x2e,0x31,0xa,0x69,0x6d,0x70,
  0x6f,0x72,0x74,0x20,0x22,0x2e,0x2f,0x70,0x6c,0x61,0x74,0x66,0x6f,0x72,0x6d,0x22,
  0xa,0xa,0x54,0x69,0x6c,0x65,0x20,0x7b,0xa,0x20,0x20,0x20,0x20,0x69,0x64,0x3a,
  0x20,0x74,0x69,0x6c,0x65,0xa,0xa,0x20,0x20,0x20,0x20,0x70,0x72,0x6f,0x70,0x65,
  0x72,0x74,0x79,0x20,0x69,0x6e,0x74,0x20,0x73,0x74,0x65,0x70,0x43,0x6f,0x75,0x6e,
  0x74,0x3a,0x20,0x30,0xa,0x20,0x20,0x20,0x20,0x70,0x72,0x6f,0x70,0x65,0x72,0x74,
  0x79,0x20,0x69,0x6e,0x74,0x20,0x73,0x74,0x65,0x70,0x47,0x6f,0x61,0x6c,0x3a,0x20,
  0x30,0xa,0xa,0x20,0x20,0x20,0x20,0x74,0x65,0x78,0x74,0x3a,0x20,0x71,0x73,0x54,
  0x72,0x28,0x22,0x53,0x74,0x65,0x70,0x73,0x22,0x29,0xa,0xa,0x20,0x20,0x20,0x20,
  0x63,0x6f,0x6e,0x74,0x65,0x6e,0x74,0x49,0x74,0x65,0x6d,0x3a,0x20,0x50,0x65,0x72,
  0x63,0x65,0x6e,0x74,0x43,0x69,0x72,0x63,0x6c,0x65,0x20,0x7b,0xa,0x20,0x20,0x20,
  0x20,0x20,0x20,0x20,0x20,0x69,0x64,0x3a,0x20,0x73,0x74,0x70,0x73,0x43,0x69,0x72,
  0x63,0x6c,0x65,0xa,0x20,0x20,0x20,0x20,0x20,0x20,0x20,0x20,0x61,0x6e,0x63,0x68,
  0x6f,0x72,0x73,0x2e,0x68,0x6f,0x72,0x69,0x7a,0x6f,0x6e,0x74,0x61,0x6c,0x43,0x65,
  0x6e,0x74,0x65,0x72,0x3a,0x20,0x70,0x61,0x72,0x65,0x6e,0x74,0x2e,0x68,0x6f,0x72,
  0x69,0x7a,0x6f,0x6e,0x74,0x61,0x6c,0x43,0x65,0x6e,0x74,0x65,0x72,0xa,0x20,0x20,
  0x20,0x20,0x20,0x20,0x20,0x20,0x73,0x69,0x7a,0x65,0x3a,0x20,0x70,0x61,0x72,0x65,
  0x6e,0x74,0x2e,0x77,0x69,0x64,0x74,0x68,0x20,0x2d,0x20,0x73,0x74,0x79,0x6c,0x65,
  0x72,0x2e,0x74,0x68,0x65,0x6d,0x65,0x48,0x6f,0x72,0x69,0x7a,0x6f,0x6e,0x74,0x61,
  0x6c,0x50,0x61,0x67,0x65,0x4d,0x61,0x72,0x67,0x69,0x6e,0x20,0x2a,0x20,0x34,0xa,
  0x20,0x20,0x20,0x20,0x20,0x20,0x20,0x20,0x70,0x65,0x72,0x63,0x65,0x6e,0x74,0x3a,
  0x20,0x73,0x74,0x65,0x70,0x43,0x6f,0x75,0x6e,0x74,0x20,0x3f,0x20,0x73,0x74,0x65,
  0x70,0x43,0x6f,0x75,0x6e,0x74,0x20,0x2f,0x20,0x73,0x74,0x65,0x70,0x47,0x6f,0x61,
  0x6c,0x20,0x3a,0x20,0x30,0x2e,0x30,0x36,0xa,0x20,0x20,0x20,0x20,0x20,0x20,0x20,
  0x20,0x77,0x69,0x64,0x74,0x68,0x52,0x61,0x74,0x69,0x6f,0x3a,0x20,0x30,0x2e,0x30,
  0x38,0xa,0xa,0x20,0x20,0x20,0x20,0x20,0x20,0x20,0x20,0x49,0x74,0x65,0x6d,0x20,
  0x7b,0xa,0x20,0x20,0x20,0x20,0x20,0x20,0x20,0x20,0x20,0x20,0x20,0x20,0x61,0x6e,
  0x63,0x68,0x6f,0x72,0x73,0x2e,0x63,0x65,0x6e,0x74,0x65,0x72,0x49,0x6e,0x3a,0x20,
  0x70,0x61,0x72,0x65,0x6e,0x74,0xa,0x20,0x20,0x20,0x20,0x20,0x20,0x20,0x20,0x20,
  0x20,0x20,0x20,0x68,0x65,0x69,0x67,0x68,0x74,0x3a,0x20,0x6c,0x62,0x6c,0x53,0x74,
  0x65,0x70,0x73,0x2e,0x68,0x65,0x69,0x67,0x68,0x74,0x20,0x2b,0x20,0x6c,0x62,0x6c,
  0x47,0x6f,0x61,0x6c,0x2e,0x68,0x65,0x69,0x67,0x68,0x74,0x20,0x2b,0x20,0x73,0x74,
  0x79,0x6c,0x65,0x72,0x2e,0x70,0x61,0x64,0x64,0x69,0x6e,0x67,0x53,0x6d,0x61,0x6c,
  0x6c,0xa,0x20,0x20,0x20,0x20,0x20,0x20,0x20,0x20,0x20,0x20,0x20,0x20,0x77,0x69,
  0x64,0x74,0x68,0x3a,0x20,0x4d,0x61,0x74,0x68,0x2e,0x6d,0x61,0x78,0x28,0x6c,0x62,
  0x6c,0x53,0x74,0x65,0x70,0x73,0x2e,0x77,0x69,0x64,0x74,0x68,0x2c,0x20,0x6c,0x62,
  0x6c,0x47,0x6f,0x61,0x6c,0x2e,0x77,0x69,0x64,0x74,0x68,0x29,0xa,0xa,0x20,0x20,
  0x20,0x20,0x20,0x20,0x20,0x20,0x20,0x20,0x20,0x20,0x4c,0x61,0x62,0x65,0x6c,0x50,
  0x4c,0x20,0x7b,0xa,0x20,0x20,0x20,0x20,0x20,0x20,0x20,0x20,0x20,0x20,0x20,0x20,
  0x20,0x20,0x20,0x20,0x69,0x64,0x3a,0x20,0x6c,0x62,0x6c,0x53,0x74,0x65,0x70,0x73,
  0xa,0x20,0x20,0x20,0x20,0x20,0x20,0x20,0x20,0x20,0x20,0x20,0x20,0x20,0x20,0x20,
  0x20,0x61,0x6e,0x63,0x68,0x6f,0x72,0x73,0x20,0x7b,0xa,0x20,0x20,0x20,0x20,0x20,
  0x20,0x20,0x20,0x20,0x20,0x20,0x20,0x20,0x20,0x20,0x20,0x20,0x20,0x20,0x20,0x68,
  0x6f,0x72,0x69,0x7a,0x6f,0x6e,0x74,0x61,0x6c,0x43,0x65,0x6e,0x74,0x65,0x72,0x3a,
  0x20,0x70,0x61,0x72,0x65,0x6e,0x74,0x2e,0x68,0x6f,0x72,0x69,0x7a,0x6f,0x6e,0x74,
  0x61,0x6c,0x43,0x65,0x6e,0x74,0x65,0x72,0xa,0x20,0x20,0x20,0x20,0x20,0x20,0x20,
  0x20,0x20,0x20,0x20,0x20,0x20,0x20,0x20,0x20,0x20,0x20,0x20,0x20,0x62,0x6f,0x74,
  0x74,0x6f,0x6d,0x3a,0x20,0x63,0x65,0x6e,0x74,0x65,0x72,0x49,0x74,0x65,0x6d,0x2e,
  0x74,0x6f,0x70,0xa,0x20,0x20,0x20,0x20,0x20,0x20,0x20,0x20,0x20,0x20,0x20,0x20,
  0x20,0x20,0x20,0x20,0x7d,0xa,0x20,0x20,0x20,0x20,0x20,0x20,0x20,0x20,0x20,0x20,
  0x20,0x20,0x20,0x20,0x20,0x20,0x63,0x6f,0x6c,0x6f,0x72,0x3a,0x20,0x73,0x74,0x79,
  0x6c,0x65,0x72,0x2e,0x74,0x68,0x65,0x6d,0x65,0x48,0x69,0x67,0x68,0x6c,0x69,0x67,
  0x68,0x74,0x43,0x6f,0x6c,0x6f,0x72,0xa,0x20,0x20,0x20,0x20,0x20,0x20,0x20,0x20,
  0x20,0x20,0x20,0x20,0x20,0x20,0x20,0x20,0x66,0x6f,0x6e,0x74,0x2e,0x70,0x69,0x78,
  0x65,0x6c,0x53,0x69,0x7a,0x65,0x3a,0x20,0x73,0x74,0x79,0x6c,0x65,0x72,0x2e,0x74,
  0x68,0x65,0x6d,0x65,0x46,0x6f,0x6e,0x74,0x53,0x69,0x7a,0x65,0x48,0x75,0x67,0x65,
  0xa,0x20,0x20,0x20,0x20,0x20,0x20,0x20,0x20,0x20,0x20,0x20,0x20,0x20,0x20,0x20,
  0x20,0x76,0x65,0x72,0x74,0x69,0x63,0x61,0x6c,0x41,0x6c,0x69,0x67,0x6e,0x6d,0x65,
  0x6e,0x74,0x3a,0x20,0x54,0x65,0x78,0x74,0x2e,0x41,0x6c,0x69,0x67,0x6e,0x56,0x43,
  0x65,0x6e,0x74,0x65,0x72,0xa,0x20,0x20,0x20,0x20,0x20,0x20,0x20,0x20,0x20,0x20,
  0x20,0x20,0x20,0x20,0x20,0x20,0x74,0x65,0x78,0x74,0x3a,0x20,0x73,0x74,0x65,0x70,
  0x43,0x6f,0x75,0x6e,0x74,0x2e,0x74,0x6f,0x4c,0x6f,0x63,0x61,0x6c,0x65,0x53,0x74,
  0x72,0x69,0x6e,0x67,0x28,0x29,0xa,0x20,0x20,0x20,0x20,0x20,0x20,0x20,0x20,0x20,
  0x20,0x20,0x20,0x7d,0xa,0xa,0x20,0x20,0x20,0x20,0x20,0x20,0x20,0x20,0x20,0x20,
  0x20,0x20,0x49,0x74,0x65,0x6d,0x20,0x7b,0xa,0x20,0x20,0x20,0x20,0x20,0x20,0x20,
  0x20,0x20,0x20,0x20,0x20,0x20,0x20,0x20,0x20,0x69,0x64,0x3a,0x20,0x63,0x65,0x6e,
  0x74,0x65,0x72,0x49,0x74,0x65,0x6d,0xa,0x20,0x20,0x20,0x20,0x20,0x20,0x20,0x20,
  0x20,0x20,0x20,0x20,0x20,0x20,0x20,0x20,0x77,0x69,0x64,0x74,0x68,0x3a,0x20,0x31,
  0xa,0x20,0x20,0x20,0x20,0x20,0x20,0x20,0x20,0x20,0x20,0x20,0x20,0x20,0x20,0x20,
  0x20,0x68,0x65,0x69,0x67,0x68,0x74,0x3a,0x20,0x31,0xa,0x20,0x20,0x20,0x20,0x20,
  0x20,0x20,0x20,0x20,0x20,0x20,0x20,0x20,0x20,0x20,0x20,0x61,0x6e,0x63,0x68,0x6f,
  0x72,0x73,0x2e,0x63,0x65,0x6e,0x74,0x65,0x72,0x49,0x6e,0x3a,0x20,0x70,0x61,0x72,
  0x65,0x6e,0x74,0xa,0x20,0x20,0x20,0x20,0x20,0x20,0x20,0x20,0x20,0x20,0x20,0x20,
  0x7d,0xa,0xa,0x20,0x20,0x20,0x20,0x20,0x20,0x20,0x20,0x20,0x20,0x20,0x20,0x4c,
  0x61,0x62,0x65,0x6c,0x50,0x4c,0x20,0x7b,0xa,0x20,0x20,0x20,0x20,0x20,0x20,0x20,
  0x20,0x20,0x20,0x20,0x20,0x20,0x20,0x20,0x20,0x69,0x64,0x3a,0x20,0x6c,0x62,0x6c,
  0x47,0x6f,0x61,0x6c,0xa,0x20,0x20,0x20,0x20,0x20,0x20,0x20,0x20,0x20,0x20,0x20,
  0x20,0x20,0x20,0x20,0x20,0x61,0x6e,0x63,0x68,0x6f,0x72,0x73,0x20,0x7b,0xa,0x20,
  0x20,0x20,0x20,0x20,0x20,0x20,0x20,0x20,0x20,0x20,0x20,0x20,0x20,0x20,0x20,0x20,
  0x20,0x20,0x20,0x68,0x6f,0x72,0x69,0x7a,0x6f,0x6e,0x74,0x61,0x6c,0x43,0x65,0x6e,
  0x74,0x65,0x72,0x3a,0x20,0x70,0x61,0x72,0x65,0x6e,0x74,0x2e,0x68,0x6f,0x72,0x69,
  0x7a,0x6f,0x6e,0x74,0x61,0x6c,0x43,0x65,0x6e,0x74,0x65,0x72,0xa,0x20,0x20,0x20,
  0x20,0x20,0x20,0x20,0x20,0x20,0x20,0x20,0x20,0x20,0x20,0x20,0x20,0x20,0x20,0x20,
  0x20,0x74,0x6f,0x70,0x3a,0x20,0x63,0x65,0x6e,0x74,0x65,0x72,0x49,0x74,0x65,0x6d,
  0x2e,0x62,0x6f,0x74,0x74,0x6f,0x6d,0xa,0x20,0x20,0x20,0x20,0x20,0x20,0x20,0x20,
  0x20,0x20,0x20,0x20,0x20,0x20,0x20,0x20,0x20,0x20,0x20,0x20,0x74,0x6f,0x70,0x4d,
  0x61,0x72,0x67,0x69,0x6e,0x3a,0x20,0x73,0x74,0x79,0x6c,0x65,0x72,0x2e,0x74,0x68,
  0x65,0x6d,0x65,0x50,0x61,0x64,0x64,0x69,0x6e,0x67,0x53,0x6d,0x61,0x6c,0x6c,0xa,
  0x20,0x20,0x20,0x20,0x20,0x20,0x20,0x20,0x20,0x20,0x20,0x20,0x20,0x20,0x20,0x20,
  0x7d,0xa,0x20,0x20,0x20,0x20,0x20,0x20,0x20,0x20,0x20,0x20,0x20,0x20,0x20,0x20,
  0x20,0x20,0x63,0x6f,0x6c,0x6f,0x72,0x3a,0x20,0x73,0x74,0x79,0x6c,0x65,0x72,0x2e,
  0x62,0x6c,0x6f,0x63,0x6b,0x42,0x67,0xa,0x20,0x20,0x20,0x20,0x20,0x20,0x20,0x20,
  0x20,0x20,0x20,0x20,0x20,0x20,0x20,0x20,0x66,0x6f,0x6e,0x74,0x2e,0x70,0x69,0x78,
  0x65,0x6c,0x53,0x69,0x7a,0x65,0x3a,0x20,0x73,0x74,0x79,0x6c,0x65,0x72,0x2e,0x74,
  0x68,0x65,0x6d,0x65,0x46,0x6f,0x6e,0x74,0x53,0x69,0x7a,0x65,0x45,0x78,0x74,0x72,
  0x61,0x4c,0x61,0x72,0x67,0x65,0xa,0x20,0x20,0x20,0x20,0x20,0x20,0x20,0x20,0x20,
  0x20,0x20,0x20,0x20,0x20,0x20,0x20,0x76,0x65,0x72,0x74,0x69,0x63,0x61,0x6c,0x41,
  0x6c,0x69,0x67,0x6e,0x6d,0x65,0x6e,0x74,0x3a,0x20,0x54,0x65,0x78,0x74,0x2e,0x41,
  0x6c,0x69,0x67,0x6e,0x56,0x43,0x65,0x6e,0x74,0x65,0x72,0xa,0x20,0x20,0x20,0x20,
  0x20,0x20,0x20,0x20,0x20,0x20,0x20,0x20,0x20,0x20,0x20,0x20,0x74,0x65,0x78,0x74,
  0x3a,0x20,0x73,0x74,0x65,0x70,0x47,0x6f,0x61,0x6c,0x2e,0x74,0x6f,0x4c,0x6f,0x63,
  0x61,0x6c,0x65,0x53,0x74,0x72,0x69,0x6e,0x67,0x28,0x29,0xa,0x20,0x20,0x20,0x20,
  0x20,0x20,0x20,0x20,0x20,0x20,0x20,0x20,0x7d,0xa,0x20,0x20,0x20,0x20,0x20,0x20,
  0x20,0x20,0x7d,0xa,0xa,0x20,0x20,0x20,0x20,0x7d,0xa,0x7d,0xa,
    // /home/oles/sailfish/app-sources/harbour-amazfish/ui/qml/components/Tile.qml
  0x0,0x0,0x6,0x9a,
  0x69,
  0x6d,0x70,0x6f,0x72,0x74,0x20,0x51,0x74,0x51,0x75,0x69,0x63,0x6b,0x20,0x32,0x2e,
  0x30,0xa,0x69,0x6d,0x70,0x6f,0x72,0x74,0x20,0x51,0x74,0x51,0x75,0x69,0x63,0x6b,
  0x2e,0x4c,0x61,0x79,0x6f,0x75,0x74,0x73,0x20,0x31,0x2e,0x31,0xa,0x69,0x6d,0x70,
  0x6f,0x72,0x74,0x20,0x22,0x2e,0x2f,0x70,0x6c,0x61,0x74,0x66,0x6f,0x72,0x6d,0x22,
  0xa,0xa,0x49,0x74,0x65,0x6d,0x20,0x7b,0xa,0x20,0x20,0x20,0x20,0x69,0x64,0x3a,
  0x20,0x69,0x74,0x6d,0xa,0xa,0x20,0x20,0x20,0x20,0x70,0x72,0x6f,0x70,0x65,0x72,
  0x74,0x79,0x20,0x73,0x74,0x72,0x69,0x6e,0x67,0x20,0x74,0x65,0x78,0x74,0x3a,0x20,
  0x22,0x22,0xa,0x20,0x20,0x20,0x20,0x70,0x72,0x6f,0x70,0x65,0x72,0x74,0x79,0x20,
  0x61,0x6c,0x69,0x61,0x73,0x20,0x63,0x6f,0x6e,0x74,0x65,0x6e,0x74,0x49,0x74,0x65,
  0x6d,0x3a,0x20,0x63,0x6f,0x6e,0x74,0x65,0x6e,0x74,0x2e,0x63,0x68,0x69,0x6c,0x64,
  0x72,0x65,0x6e,0xa,0x20,0x20,0x20,0x20,0x70,0x72,0x6f,0x70,0x65,0x72,0x74,0x79,
  0x20,0x61,0x6c,0x69,0x61,0x73,0x20,0x61,0x63,0x74,0x69,0x6f,0x6e,0x49,0x74,0x65,
  0x6d,0x3a,0x20,0x61,0x63,0x74,0x69,0x6f,0x6e,0x2e,0x63,0x68,0x69,0x6c,0x64,0x72,
  0x65,0x6e,0xa,0x20,0x20,0x20,0x20,0x70,0x72,0x6f,0x70,0x65,0x72,0x74,0x79,0x20,
  0x69,0x6e,0x74,0x20,0x73,0x69,0x7a,0x65,0x3a,0x20,0x70,0x61,0x67,0x65,0x47,0x72,
  0x69,0x64,0x2e,0x70,0x72,0x65,0x66,0x57,0x69,0x64,0x74,0x68,0x28,0x74,0x68,0x69,
  0x73,0x29,0xa,0xa,0x20,0x20,0x20,0x20,0x73,0x69,0x67,0x6e,0x61,0x6c,0x20,0x63,
  0x6c,0x69,0x63,0x6b,0x65,0x64,0x28,0x29,0xa,0xa,0x20,0x20,0x20,0x20,0x4c,0x61,
  0x79,0x6f,0x75,0x74,0x2e,0x70,0x72,0x65,0x66,0x65,0x72,0x72,0x65,0x64,0x48,0x65,
  0x69,0x67,0x68,0x74,0x3a,0x20,0x73,0x69,0x7a,0x65,0xa,0x20,0x20,0x20,0x20,0x4c,
  0x61,0x79,0x6f,0x75,0x74,0x2e,0x70,0x72,0x65,0x66,0x65,0x72,0x72,0x65,0x64,0x57,
  0x69,0x64,0x74,0x68,0x3a,0x20,0x73,0x69,0x7a,0x65,0xa,0xa,0x20,0x20,0x20,0x20,
  0x52,0x65,0x63,0x74,0x61,0x6e,0x67,0x6c,0x65,0x20,0x7b,0xa,0x20,0x20,0x20,0x20,
  0x20,0x20,0x20,0x20,0x63,0x6f,0x6c,0x6f,0x72,0x3a,0x20,0x73,0x74,0x79,0x6c,0x65,
  0x72,0x2e,0x74,0x68,0x65,0x6d,0x65,0x53,0x65,0x63,0x6f,0x6e,0x64,0x61,0x72,0x79,
  0x48,0x69,0x67,0x68,0x6c,0x69,0x67,0x68,0x74,0x43,0x6f,0x6c,0x6f,0x72,0xa,0x20,
  0x20,0x20,0x20,0x20,0x20,0x20,0x20,0x61,0x6e,0x63,0x68,0x6f,0x72,0x73,0x2e,0x66,
  0x69,0x6c,0x6c,0x3a,0x20,0x70,0x61,0x72,0x65,0x6e,0x74,0xa,0x20,0x20,0x20,0x20,
  0x20,0x20,0x20,0x20,0x61,0x6e,0x63,0x68,0x6f,0x72,0x73,0x2e,0x6d,0x61,0x72,0x67,
  0x69,0x6e,0x73,0x3a,0x20,0x73,0x74,0x79,0x6c,0x65,0x72,0x2e,0x74,0x68,0x65,0x6d,
  0x65,0x50,0x61,0x64,0x64,0x69,0x6e,0x67,0x53,0x6d,0x61,0x6c,0x6c,0xa,0xa,0x20,
  0x20,0x20,0x20,0x20,0x20,0x20,0x20,0x49,0x74,0x65,0x6d,0x20,0x7b,0xa,0x20,0x20,
  0x20,0x20,0x20,0x20,0x20,0x20,0x20,0x20,0x20,0x20,0x69,0x64,0x3a,0x20,0x63,0x6f,
  0x6e,0x74,0x65,0x6e,0x74,0xa,0x20,0x20,0x20,0x20,0x20,0x20,0x20,0x20,0x20,0x20,
  0x20,0x20,0x61,0x6e,0x63,0x68,0x6f,0x72,0x73,0x2e,0x74,0x6f,0x70,0x3a,0x20,0x70,
  0x61,0x72,0x65,0x6e,0x74,0x2e,0x74,0x6f,0x70,0xa,0x20,0x20,0x20,0x20,0x20,0x20,
  0x20,0x20,0x20,0x20,0x20,0x20,0x61,0x6e,0x63,0x68,0x6f,0x72,0x73,0x2e,0x6c,0x65,
  0x66,0x74,0x3a,0x20,0x70,0x61,0x72,0x65,0x6e,0x74,0x2e,0x6c,0x65,0x66,0x74,0xa,
  0x20,0x20,0x20,0x20,0x20,0x20,0x20,0x20,0x20,0x20,0x20,0x20,0x61,0x6e,0x63,0x68,
  0x6f,0x72,0x73,0x2e,0x72,0x69,0x67,0x68,0x74,0x3a,0x20,0x70,0x61,0x72,0x65,0x6e,
  0x74,0x2e,0x72,0x69,0x67,0x68,0x74,0xa,0x20,0x20,0x20,0x20,0x20,0x20,0x20,0x20,
  0x20,0x20,0x20,0x20,0x61,0x6e,0x63,0x68,0x6f,0x72,0x73,0x2e,0x62,0x6f,0x74,0x74,
  0x6f,0x6d,0x3a,0x20,0x72,0x6f,0x77,0x2e,0x74,0x6f,0x70,0xa,0x20,0x20,0x20,0x20,
  0x20,0x20,0x20,0x20,0x20,0x20,0x20,0x20,0x61,0x6e,0x63,0x68,0x6f,0x72,0x73,0x2e,
  0x6d,0x61,0x72,0x67,0x69,0x6e,0x73,0x3a,0x20,0x73,0x74,0x79,0x6c,0x65,0x72,0x2e,
  0x74,0x68,0x65,0x6d,0x65,0x50,0x61,0x64,0x64,0x69,0x6e,0x67,0x53,0x6d,0x61,0x6c,
  0x6c,0xa,0x20,0x20,0x20,0x20,0x20,0x20,0x20,0x20,0x7d,0xa,0xa,0x20,0x20,0x20,
  0x20,0x20,0x20,0x20,0x20,0x52,0x6f,0x77,0x4c,0x61,0x79,0x6f,0x75,0x74,0x20,0x7b,
  0xa,0x20,0x20,0x20,0x20,0x20,0x20,0x20,0x20,0x20,0x20,0x20,0x20,0x69,0x64,0x3a,
  0x20,0x72,0x6f,0x77,0xa,0x20,0x20,0x20,0x20,0x20,0x20,0x20,0x20,0x20,0x20,0x20,
  0x20,0x61,0x6e,0x63,0x68,0x6f,0x72,0x73,0x2e,0x62,0x6f,0x74,0x74,0x6f,0x6d,0x3a,
  0x20,0x70,0x61,0x72,0x65,0x6e,0x74,0x2e,0x62,0x6f,0x74,0x74,0x6f,0x6d,0xa,0x20,
  0x20,0x20,0x20,0x20,0x20,0x20,0x20,0x20,0x20,0x20,0x20,0x61,0x6e,0x63,0x68,0x6f,
  0x72,0x73,0x2e,0x6c,0x65,0x66,0x74,0x3a,0x20,0x70,0x61,0x72,0x65,0x6e,0x74,0x2e,
  0x6c,0x65,0x66,0x74,0xa,0x20,0x20,0x20,0x20,0x20,0x20,0x20,0x20,0x20,0x20,0x20,
  0x20,0x61,0x6e,0x63,0x68,0x6f,0x72,0x73,0x2e,0x72,0x69,0x67,0x68,0x74,0x3a,0x20,
  0x70,0x61,0x72,0x65,0x6e,0x74,0x2e,0x72,0x69,0x67,0x68,0x74,0xa,0x20,0x20,0x20,
  0x20,0x20,0x20,0x20,0x20,0x20,0x20,0x20,0x20,0x61,0x6e,0x63,0x68,0x6f,0x72,0x73,
  0x2e,0x6d,0x61,0x72,0x67,0x69,0x6e,0x73,0x3a,0x20,0x73,0x74,0x79,0x6c,0x65,0x72,
  0x2e,0x74,0x68,0x65,0x6d,0x65,0x50,0x61,0x64,0x64,0x69,0x6e,0x67,0x53,0x6d,0x61,
  0x6c,0x6c,0xa,0x20,0x20,0x20,0x20,0x20,0x20,0x20,0x20,0x20,0x20,0x20,0x20,0x68,
  0x65,0x69,0x67,0x68,0x74,0x3a,0x20,0x73,0x74,0x79,0x6c,0x65,0x72,0x2e,0x74,0x68,
  0x65,0x6d,0x65,0x49,0x63,0x6f,0x6e,0x53,0x69,0x7a,0x65,0x4d,0x65,0x64,0x69,0x75,
  0x6d,0xa,0xa,0x20,0x20,0x20,0x20,0x20,0x20,0x20,0x20,0x20,0x20,0x20,0x20,0x4c,
  0x61,0x62,0x65,0x6c,0x50,0x4c,0x20,0x7b,0xa,0x20,0x20,0x20,0x20,0x20,0x20,0x20,
  0x20,0x20,0x20,0x20,0x20,0x20,0x20,0x20,0x20,0x69,0x64,0x3a,0x20,0x6c,0x62,0x6c,
  0xa,0x20,0x20,0x20,0x20,0x20,0x20,0x20,0x20,0x20,0x20,0x20,0x20,0x20,0x20,0x20,
  0x20,0x74,0x65,0x78,0x74,0x3a,0x20,0x69,0x74,0x6d,0x2e,0x74,0x65,0x78,0x74,0xa,
  0x20,0x20,0x20,0x20,0x20,0x20,0x20,0x20,0x20,0x20,0x20,0x20,0x20,0x20,0x20,0x20,
  0x63,0x6f,0x6c,0x6f,0x72,0x3a,0x20,0x73,0x74,0x79,0x6c,0x65,0x72,0x2e,0x62,0x6c,
  0x6f,0x63,0x6b,0x42,0x67,0xa,0x20,0x20,0x20,0x20,0x20,0x20,0x20,0x20,0x20,0x20,
  0x20,0x20,0x20,0x20,0x20,0x20,0x4c,0x61,0x79,0x6f,0x75,0x74,0x2e,0x66,0x69,0x6c,
  0x6c,0x57,0x69,0x64,0x74,0x68,0x3a,0x20,0x74,0x72,0x75,0x65,0xa,0x20,0x20,0x20,
  0x20,0x20,0x20,0x20,0x20,0x20,0x20,0x20,0x20,0x20,0x20,0x20,0x20,0x66,0x6f,0x6e,
  0x74,0x2e,0x70,0x69,0x78,0x65,0x6c,0x53,0x69,0x7a,0x65,0x3a,0x20,0x73,0x74,0x79,
  0x6c,0x65,0x72,0x2e,0x74,0x68,0x65,0x6d,0x65,0x46,0x6f,0x6e,0x74,0x53,0x69,0x7a,
  0x65,0x4c,0x61,0x72,0x67,0x65,0xa,0x20,0x20,0x20,0x20,0x20,0x20,0x20,0x20,0x20,
  0x20,0x20,0x20,0x20,0x20,0x20,0x20,0x4c,0x61,0x79,0x6f,0x75,0x74,0x2e,0x61,0x6c,
  0x69,0x67,0x6e,0x6d,0x65,0x6e,0x74,0x3a,0x20,0x51,0x74,0x2e,0x41,0x6c,0x69,0x67,
  0x6e,0x42,0x6f,0x74,0x74,0x6f,0x6d,0xa,0x20,0x20,0x20,0x20,0x20,0x20,0x20,0x20,
  0x20,0x20,0x20,0x20,0x20,0x20,0x20,0x20,0x74,0x72,0x75,0x6e,0x63,0x4d,0x6f,0x64,
  0x65,0x3a,0x20,0x74,0x72,0x75,0x6e,0x63,0x4d,0x6f,0x64,0x65,0x73,0x2e,0x65,0x6c,
  0x69,0x64,0x65,0xa,0x20,0x20,0x20,0x20,0x20,0x20,0x20,0x20,0x20,0x20,0x20,0x20,
  0x7d,0xa,0x20,0x20,0x20,0x20,0x20,0x20,0x20,0x20,0x20,0x20,0x20,0x20,0x49,0x74,
  0x65,0x6d,0x20,0x7b,0xa,0x20,0x20,0x20,0x20,0x20,0x20,0x20,0x20,0x20,0x20,0x20,
  0x20,0x20,0x20,0x20,0x20,0x69,0x64,0x3a,0x20,0x61,0x63,0x74,0x69,0x6f,0x6e,0xa,
  0x20,0x20,0x20,0x20,0x20,0x20,0x20,0x20,0x20,0x20,0x20,0x20,0x20,0x20,0x20,0x20,
  0x77,0x69,0x64,0x74,0x68,0x3a,0x20,0x63,0x68,0x69,0x6c,0x64,0x72,0x65,0x6e,0x2e,
  0x6c,0x65,0x6e,0x67,0x74,0x68,0x20,0x3f,0x20,0x73,0x74,0x79,0x6c,0x65,0x72,0x2e,
  0x74,0x68,0x65,0x6d,0x65,0x49,0x63,0x6f,0x6e,0x53,0x69,0x7a,0x65,0x4d,0x65,0x64,
  0x69,0x75,0x6d,0x20,0x3a,0x20,0x30,0xa,0x20,0x20,0x20,0x20,0x20,0x20,0x20,0x20,
  0x20,0x20,0x20,0x20,0x20,0x20,0x20,0x20,0x68,0x65,0x69,0x67,0x68,0x74,0x3a,0x20,
  0x73,0x74,0x79,0x6c,0x65,0x72,0x2e,0x74,0x68,0x65,0x6d,0x65,0x49,0x63,0x6f,0x6e,
  0x53,0x69,0x7a,0x65,0x4d,0x65,0x64,0x69,0x75,0x6d,0xa,0x20,0x20,0x20,0x20,0x20,
  0x20,0x20,0x20,0x20,0x20,0x20,0x20,0x20,0x20,0x20,0x20,0x7a,0x3a,0x20,0x31,0x30,
  0xa,0x20,0x20,0x20,0x20,0x20,0x20,0x20,0x20,0x20,0x20,0x20,0x20,0x7d,0xa,0x20,
  0x20,0x20,0x20,0x20,0x20,0x20,0x20,0x7d,0xa,0xa,0x20,0x20,0x20,0x20,0x20,0x20,
  0x20,0x20,0x4d,0x6f,0x75,0x73,0x65,0x41,0x72,0x65,0x61,0x20,0x7b,0xa,0x20,0x20,
  0x20,0x20,0x20,0x20,0x20,0x20,0x20,0x20,0x20,0x20,0x61,0x6e,0x63,0x68,0x6f,0x72,
  0x73,0x2e,0x66,0x69,0x6c,0x6c,0x3a,0x20,0x70,0x61,0x72,0x65,0x6e,0x74,0xa,0x20,
  0x20,0x20,0x20,0x20,0x20,0x20,0x20,0x20,0x20,0x20,0x20,0x6f,0x6e,0x43,0x6c,0x69,
  0x63,0x6b,0x65,0x64,0x3a,0x20,0x7b,0xa,0x20,0x20,0x20,0x20,0x20,0x20,0x20,0x20,
  0x20,0x20,0x20,0x20,0x20,0x20,0x20,0x20,0x69,0x74,0x6d,0x2e,0x63,0x6c,0x69,0x63,
  0x6b,0x65,0x64,0x28,0x29,0x3b,0xa,0x20,0x20,0x20,0x20,0x20,0x20,0x20,0x20,0x20,
  0x20,0x20,0x20,0x7d,0xa,0x20,0x20,0x20,0x20,0x20,0x20,0x20,0x20,0x7d,0xa,0x20,
  0x20,0x20,0x20,0x7d,0xa,0x7d,0xa,0xa,0xa,
    // /home/oles/sailfish/app-sources/harbour-amazfish/ui/qml/components/TruncationModes.qml
  0x0,0x0,0x0,0xae,
  0x69,
  0x6d,0x70,0x6f,0x72,0x74,0x20,0x51,0x74,0x51,0x75,0x69,0x63,0x6b,0x20,0x32,0x2e,
  0x30,0xa,0xa,0x51,0x74,0x4f,0x62,0x6a,0x65,0x63,0x74,0x20,0x7b,0xa,0x20,0x20,
  0x20,0x20,0x2f,0x2f,0x20,0x70,0x6f,0x73,0x73,0x69,0x62,0x6c,0x65,0x20,0x74,0x65,
  0x78,0x74,0x20,0x74,0x72,0x75,0x6e,0x63,0x61,0x74,0x69,0x6f,0x6e,0x20,0x6d,0x6f,
  0x64,0x65,0x73,0xa,0x20,0x20,0x20,0x20,0x72,0x65,0x61,0x64,0x6f,0x6e,0x6c,0x79,
  0x20,0x70,0x72,0x6f,0x70,0x65,0x72,0x74,0x79,0x20,0x69,0x6e,0x74,0x20,0x6e,0x6f,
  0x6e,0x65,0x3a,0x20,0x31,0xa,0x20,0x20,0x20,0x20,0x72,0x65,0x61,0x64,0x6f,0x6e,
  0x6c,0x79,0x20,0x70,0x72,0x6f,0x70,0x65,0x72,0x74,0x79,0x20,0x69,0x6e,0x74,0x20,
  0x65,0x6c,0x69,0x64,0x65,0x3a,0x20,0x32,0xa,0x20,0x20,0x20,0x20,0x72,0x65,0x61,
  0x64,0x6f,0x6e,0x6c,0x79,0x20,0x70,0x72,0x6f,0x70,0x65,0x72,0x74,0x79,0x20,0x69,
  0x6e,0x74,0x20,0x66,0x61,0x64,0x65,0x3a,0x20,0x33,0xa,0x7d,0xa,
    // /home/oles/sailfish/app-sources/harbour-amazfish/ui/qml/components/Axis.qml
  0x0,0x0,0x0,0xb6,
  0x69,
  0x6d,0x70,0x6f,0x72,0x74,0x20,0x51,0x74,0x51,0x75,0x69,0x63,0x6b,0x20,0x32,0x2e,
  0x30,0xd,0xa,0xd,0xa,0x51,0x74,0x4f,0x62,0x6a,0x65,0x63,0x74,0x20,0x7b,0xd,
  0xa,0x20,0x20,0x20,0x20,0x70,0x72,0x6f,0x70,0x65,0x72,0x74,0x79,0x20,0x69,0x6e,
  0x74,0x20,0x6d,0x69,0x6e,0x3a,0x20,0x30,0xd,0xa,0x20,0x20,0x20,0x20,0x70,0x72,
  0x6f,0x70,0x65,0x72,0x74,0x79,0x20,0x69,0x6e,0x74,0x20,0x6d,0x61,0x78,0x3a,0x20,
  0x31,0x30,0x30,0xd,0xa,0xd,0xa,0x20,0x20,0x20,0x20,0x70,0x72,0x6f,0x70,0x65,
  0x72,0x74,0x79,0x20,0x73,0x74,0x72,0x69,0x6e,0x67,0x20,0x6d,0x61,0x73,0x6b,0x3a,
  0x20,0x22,0x25,0x31,0x22,0xd,0xa,0x20,0x20,0x20,0x20,0x70,0x72,0x6f,0x70,0x65,
  0x72,0x74,0x79,0x20,0x73,0x74,0x72,0x69,0x6e,0x67,0x20,0x75,0x6e,0x69,0x74,0x73,
  0x3a,0x20,0x22,0x22,0xd,0xa,0xd,0xa,0x20,0x20,0x20,0x20,0x70,0x72,0x6f,0x70,
  0x65,0x72,0x74,0x79,0x20,0x69,0x6e,0x74,0x20,0x67,0x72,0x69,0x64,0x3a,0x20,0x31,
  0xd,0xa,0x7d,0xd,0xa,
    // /home/oles/sailfish/app-sources/harbour-amazfish/ui/qml/components/DeviceListModel.qml
  0x0,0x0,0x2,0x74,
  0x0,
  0x0,0xe,0x7f,0x78,0x9c,0xbd,0x97,0x51,0x4f,0xdb,0x30,0x10,0xc7,0xdf,0xfb,0x29,
  0x2c,0xb4,0x27,0xa4,0x15,0xd4,0xf2,0x80,0x78,0x99,0x60,0xa0,0x9,0x41,0xb7,0xb2,
  0x56,0xda,0xb,0xda,0x74,0x49,0xae,0xe9,0x91,0xc4,0xb6,0xec,0xb,0xa5,0x9b,0xf9,
  0xee,0xb8,0x49,0xa1,0x12,0xd0,0x35,0x71,0x24,0xf2,0x12,0x27,0xbe,0xbb,0xff,0xcf,
  0xff,0xb8,0xcd,0x85,0xa,0xad,0xc,0x8b,0x1b,0xbe,0x29,0x29,0xce,0xc4,0xa0,0x7f,
  0xd8,0xeb,0x5d,0x93,0xe5,0x91,0x4a,0x30,0x17,0xff,0x7a,0xc2,0x1f,0xab,0xeb,0x8b,
  0x1c,0xb,0x94,0xbc,0xbe,0xb3,0x3a,0x12,0xbc,0xa7,0x18,0xa7,0x4b,0x8d,0x27,0x62,
  0xef,0xd4,0x32,0x1a,0x45,0xc9,0x8f,0xc9,0xde,0x4b,0x0,0xc5,0x4a,0xfa,0xa9,0x7e,
  0xff,0x40,0x53,0x6c,0xf,0xea,0x78,0x7b,0x0,0xeb,0x50,0x65,0xfb,0x5a,0xa6,0x9b,
  0x70,0xd,0xec,0x27,0x56,0x19,0x11,0x58,0xeb,0x2c,0x97,0x26,0x45,0x25,0x9d,0x4,
  0xb3,0x98,0x43,0xee,0xac,0x6,0x63,0xd4,0xc2,0x25,0xca,0x2c,0x5d,0x8e,0x52,0x65,
  0x2e,0x6,0x9e,0x91,0x9d,0xfb,0xb3,0xd1,0xce,0x16,0x98,0xb3,0x3,0xc9,0x73,0x2,
  0xeb,0x34,0x65,0xe8,0x2c,0x2c,0xaa,0x79,0x3,0x4b,0x37,0x23,0x83,0xd5,0x45,0x84,
  0x79,0x99,0x82,0xb3,0x19,0xe9,0x3b,0x88,0x33,0x97,0x29,0x72,0x85,0x52,0x12,0x97,
  0x3e,0x61,0x41,0x33,0x76,0x12,0xb,0xe5,0xe6,0x2a,0xf3,0xf7,0x49,0x4a,0x2f,0xc9,
  0xc8,0xc6,0x67,0x68,0x3,0xec,0x32,0x92,0xe9,0x52,0xb9,0x2,0x13,0xc8,0xa0,0xa6,
  0x7f,0xec,0x35,0xb6,0xa9,0x80,0xbf,0x33,0x62,0x71,0x46,0x5a,0xfc,0x2,0x8e,0xe7,
  0xbb,0xdd,0xaa,0x33,0x3e,0x47,0xa4,0xb7,0xd9,0xf5,0xfb,0x4d,0xd5,0x4f,0x5d,0xb8,
  0xae,0x89,0x31,0x1c,0xb,0x4a,0x9e,0x9f,0x8,0x36,0x25,0xee,0x22,0x5d,0xe9,0x74,
  0x2,0x6d,0xb0,0xd5,0x36,0x94,0x36,0x14,0x73,0x12,0xcc,0xf8,0x6d,0xda,0x9c,0x30,
  0xe5,0x20,0x40,0x2f,0x11,0x8c,0xf7,0x1d,0x55,0x63,0x3c,0x89,0x2a,0x4,0xcf,0x4b,
  0x74,0x71,0x4f,0xc,0xda,0xf8,0x37,0x8,0x34,0x50,0xc,0xba,0x31,0xa,0xff,0x27,
  0x41,0x1f,0x3,0x5a,0x49,0x75,0xa0,0xfd,0x29,0x86,0x62,0x6c,0x9a,0x3f,0xf6,0x94,
  0xcd,0x30,0xc,0x76,0xad,0xd4,0x85,0xb5,0xd,0x65,0x20,0x64,0x27,0x2b,0xdb,0x6c,
  0x4e,0x13,0xf8,0xcc,0xbd,0xa,0x7e,0x9,0xa6,0xfc,0xaa,0x4c,0x63,0xc6,0x58,0x99,
  0x9d,0xef,0x17,0x5f,0xaf,0x35,0xcb,0x88,0xc4,0x19,0xc8,0xa4,0x81,0x5b,0x5,0x45,
  0x3e,0x70,0xb0,0x95,0x62,0x74,0xb9,0xae,0x14,0xcc,0x30,0x6c,0xc8,0x30,0xdc,0xce,
  0xf0,0x5c,0x29,0x84,0x61,0x52,0x80,0xef,0xb4,0xaa,0xfc,0xa3,0x86,0x24,0x47,0x6d,
  0xb6,0xcd,0x2b,0x89,0xe0,0x6d,0x33,0xf1,0xcd,0xe,0x2b,0xdb,0xd8,0xae,0x56,0x90,
  0x6f,0x44,0xc2,0x5b,0x0,0xc8,0x41,0xc6,0x2d,0x5a,0x95,0x3a,0x3e,0xa8,0xf,0xa8,
  0x53,0x83,0x51,0x4f,0x63,0xa6,0x7b,0x14,0x23,0x78,0xf8,0x8,0xda,0x8d,0x5a,0x6b,
  0xe0,0x31,0x46,0x51,0xbe,0xdb,0x52,0x5d,0x85,0xbd,0xc7,0x36,0x83,0xdc,0xbe,0xb,
  0x57,0x57,0x16,0x53,0x2a,0xb0,0x2d,0xd4,0xa5,0x9c,0xf9,0xd7,0xde,0x26,0xf3,0x7f,
  0x60,0x24,0x91,0x7d,0x60,0x1b,0xb4,0xf1,0x3a,0xc7,0xbd,0xd6,0x69,0x4e,0xe8,0x7f,
  0x70,0xa9,0xf7,0xe3,0xce,0xee,0x4,0x8c,0xaa,0xc8,0xbb,0x77,0x9b,0xbd,0x6d,0x80,
  0x75,0xf5,0xdb,0x5b,0x5f,0xbf,0xbf,0xef,0xc6,0xf4,0x90,0xbf,0x8c,0xcb,0x38,0x7b,
  0x1e,0x8f,0xce,0xcf,0xa6,0x47,0x83,0x1b,0x3f,0xba,0xf0,0x1f,0x2a,0x25,0x49,0xd5,
  0xdf,0x6f,0xbb,0x8e,0x2b,0x65,0x35,0xb2,0x38,0xbf,0x3a,0x3c,0xde,0xb9,0x92,0xac,
  0x8a,0xfd,0x93,0x64,0x87,0xc7,0x6d,0x16,0xb3,0xa9,0xed,0xb1,0x1e,0x7b,0x4f,0xc,
  0x21,0x33,0x4,
    // /home/oles/sailfish/app-sources/harbour-amazfish/ui/qml/components/GraphData.qml
  0x0,0x0,0xa,0x22,
  0x0,
  0x0,0x2b,0x8e,0x78,0x9c,0xad,0x1a,0x6b,0x6f,0x1b,0x37,0xf2,0xbb,0x7e,0x5,0x23,
  0xe0,0xda,0x95,0x6d,0x3d,0xaf,0x3d,0xdc,0xc9,0xd1,0x5,0x81,0xd3,0x6b,0xa,0xc4,
  0x89,0x53,0x1b,0x57,0xbb,0x41,0x70,0xa0,0xb4,0x94,0xb4,0xe7,0xdd,0xa5,0xca,0xa5,
  0x6c,0xd9,0x7,0xff,0xf7,0x9b,0x21,0xf7,0x41,0xee,0x92,0x2b,0xd9,0xd,0x81,0xc4,
  0x12,0x39,0x33,0x9c,0x37,0x87,0x43,0x45,0xc9,0x86,0xb,0x49,0x3e,0xcb,0xcf,0xdb,
  0x68,0x71,0x4b,0x26,0x83,0x51,0x27,0x2a,0xa7,0x92,0x18,0x26,0xc6,0xc5,0x44,0x77,
  0xd0,0x2d,0x3f,0x6e,0x62,0x2a,0x97,0x5c,0x24,0xdd,0x4e,0xe7,0x17,0xc9,0x12,0xf2,
  0xbf,0xe,0x81,0x11,0x85,0x53,0x22,0x38,0x97,0xea,0xb,0x4d,0x17,0x6b,0x2e,0xb2,
  0x7c,0x9,0x47,0xcc,0x96,0x72,0x4a,0x82,0xd,0x15,0x2c,0x95,0xbd,0x37,0x44,0x7f,
  0x18,0xe0,0x34,0x99,0x92,0x6d,0x1a,0xb2,0x65,0x94,0xb2,0xb0,0x84,0x17,0xd1,0x6a,
  0xed,0x42,0x50,0xf3,0xd,0x8c,0x27,0xf5,0xff,0x9a,0x69,0xa4,0x95,0xa0,0x9b,0xf5,
  0x7b,0xf5,0x85,0x1c,0x93,0x20,0xe4,0xdb,0x79,0xcc,0xde,0xee,0xa2,0xec,0xfa,0x3,
  0x85,0x4f,0x19,0x79,0x43,0x32,0xf9,0x10,0x33,0x31,0x90,0x6b,0x96,0x30,0x14,0xe2,
  0x32,0x7a,0x64,0x1f,0xa8,0x58,0x31,0x20,0xed,0x5a,0xbb,0x4c,0x68,0x1c,0xf7,0x3a,
  0x6a,0x9b,0x2c,0x5a,0xa5,0x34,0x26,0x8b,0x18,0x94,0x6,0xfb,0xab,0xb9,0x8d,0xe0,
  0x1b,0x26,0xe4,0x3,0xa1,0x71,0x44,0x33,0xbd,0xf6,0x53,0x8a,0xbb,0x81,0x5a,0xe6,
  0x74,0x71,0xbb,0x12,0x1c,0x58,0x7e,0x2b,0x18,0x1d,0x30,0x3d,0x6f,0xe3,0x65,0x52,
  0x44,0xe9,0x4a,0xb3,0x7e,0x15,0xc9,0x98,0x4d,0x49,0xb7,0x6b,0x83,0x44,0xa9,0x24,
  0x31,0x88,0x3c,0x25,0xe3,0xe6,0xc2,0x9c,0x8a,0x29,0x99,0x34,0xe7,0x35,0xc1,0x87,
  0xd,0x60,0x21,0xae,0xd,0x30,0xe7,0x3c,0x26,0x32,0x4a,0xd8,0x25,0x13,0x11,0xcb,
  0xa6,0x44,0x8a,0x6d,0xd,0x4,0x18,0x8e,0x91,0xf8,0xbb,0xad,0xa0,0x32,0xe2,0xe9,
  0x94,0x8c,0xc0,0x4d,0x5c,0x32,0x53,0x54,0xf0,0x94,0xfc,0x47,0xfd,0xe5,0xf3,0xff,
  0xb2,0x85,0xf6,0x5,0x54,0xbc,0xe1,0x8,0xe8,0x27,0xd,0x18,0x1c,0x9,0xcd,0x6e,
  0x41,0xe8,0xf5,0x7a,0x9a,0x24,0xdd,0x72,0x76,0x25,0x10,0xe1,0x87,0xdc,0xca,0xbe,
  0x7d,0x6f,0x72,0x9a,0x37,0x7,0xec,0x7b,0xe3,0xde,0xf7,0x2f,0xe3,0x6a,0xd3,0x6d,
  0x1a,0xc9,0xc,0xe7,0xe,0xe3,0x43,0xe9,0x28,0xa6,0x99,0xfc,0x37,0x8d,0xb7,0x4c,
  0x6b,0xc8,0xd,0x70,0xd3,0xb6,0xf8,0xbb,0x4b,0xb7,0x77,0x54,0xc0,0x3f,0x20,0x7b,
  0xc6,0xd3,0x3b,0x98,0x61,0xc2,0x61,0x42,0x5,0x70,0xc5,0x25,0x8d,0xa7,0x64,0x49,
  0xe3,0x8c,0x75,0x3c,0x8e,0xf0,0x3e,0x8f,0x90,0xc9,0x8f,0x23,0xf,0xc4,0x6f,0x51,
  0x28,0xd7,0x53,0xb2,0xa0,0xe9,0x1d,0xcd,0x6,0xf7,0xf8,0x8d,0xc,0x8b,0xaf,0x99,
  0x64,0x9b,0x6b,0xc7,0xfe,0x8d,0x8,0x73,0xb3,0xa1,0x60,0xb3,0x5,0x45,0xe7,0xd6,
  0xeb,0xd6,0xf2,0x82,0xc7,0x5c,0x28,0x73,0x9e,0xe1,0x27,0x3b,0x10,0xdf,0x3,0xe3,
  0x31,0x32,0xaf,0xd6,0x5c,0x88,0x90,0xf,0xe8,0x36,0x96,0x2f,0xc2,0xc5,0xd0,0xc8,
  0x11,0x4d,0x32,0x4d,0x53,0x28,0xf0,0x73,0xba,0x99,0x7e,0xf9,0xea,0x74,0x2,0xa0,
  0x93,0x6b,0xf0,0xaf,0xae,0xf5,0x24,0x4a,0xd1,0x5,0xc8,0x70,0xf8,0x36,0xbe,0xa7,
  0xf,0x19,0x71,0xf9,0x42,0x42,0x77,0x8,0xe4,0x58,0xc9,0xb6,0xab,0x15,0x3,0x23,
  0x84,0xe7,0x39,0x48,0xd3,0x88,0xb0,0xc3,0x75,0x3,0x59,0x2d,0xd0,0x9d,0x7b,0x21,
  0xac,0x22,0xdb,0xb1,0xa5,0xa0,0xe9,0x8a,0xf9,0x1c,0x73,0xc3,0x81,0x0,0x18,0x1b,
  0x94,0x81,0x6b,0x3c,0xbd,0x50,0x13,0x67,0x6b,0x44,0x82,0x70,0xa9,0xa2,0x2f,0xe5,
  0xef,0xa8,0xa4,0x64,0x6,0x9,0x5d,0x81,0x40,0xe2,0x4f,0x57,0xe0,0x5a,0xb3,0x19,
  0x19,0xf5,0x4e,0x8d,0x1c,0x6e,0x3b,0x8b,0x46,0xcb,0xf3,0x52,0xbe,0x87,0xd2,0xaf,
  0x63,0xb,0xf0,0xab,0xc5,0x16,0x8e,0x26,0xf6,0xa1,0x30,0x42,0x50,0x52,0x56,0x7f,
  0x96,0xdb,0x74,0x81,0x82,0x92,0x15,0xd3,0xe6,0xd,0x54,0xdc,0xf4,0xc,0x1a,0x28,
  0x94,0x60,0x12,0xf8,0x34,0xdd,0xe0,0xb4,0x53,0x2,0xc0,0xb9,0x47,0x2,0x84,0x8a,
  0x0,0x66,0x74,0xa,0x7f,0x5e,0x17,0x2e,0x91,0x8b,0x4,0x73,0xc7,0xc7,0x26,0x4d,
  0x95,0x7c,0x96,0x44,0x6f,0x46,0x5e,0xcf,0x4a,0x1f,0xfa,0x12,0x7d,0x1d,0xc4,0x51,
  0x12,0xc9,0x3a,0x34,0xe,0xcd,0x85,0x9,0xba,0xd0,0xac,0xd4,0x1,0xe7,0x60,0xa6,
  0x5b,0x7b,0xfa,0xa9,0xd3,0xfc,0x4,0xf4,0xb6,0x22,0xc5,0x3f,0x6e,0x9d,0xb8,0xb4,
  0x57,0x53,0xc,0xe6,0xa8,0x6b,0x25,0x76,0x39,0x6d,0x1c,0xc,0xa8,0xb3,0xfc,0xa3,
  0xa1,0xaf,0xdc,0xda,0xa0,0xb6,0x9f,0xe8,0x62,0x1d,0x14,0xdb,0x69,0x2f,0x70,0x69,
  0x29,0xd0,0x4b,0x83,0x1d,0xe9,0xeb,0xd,0x7b,0xe4,0x9f,0xe0,0x22,0xe4,0xbb,0xef,
  0x88,0x63,0xe9,0xb5,0xc9,0x41,0xcf,0xa5,0x47,0x9b,0xc3,0x6,0x5,0x8f,0xde,0x70,
  0x14,0xe2,0xe6,0x28,0x95,0xd0,0x4f,0x1e,0xb7,0xca,0x98,0xd4,0xfe,0x1f,0x84,0xe0,
  0xb4,0x26,0x33,0x28,0xd8,0x2b,0x3d,0xa9,0xed,0x60,0x68,0xa8,0x8c,0x23,0x8c,0x69,
  0x5b,0xbb,0x88,0x86,0x58,0x45,0xb0,0x28,0x45,0xd8,0x22,0x62,0xb8,0xa3,0xe6,0x1,
  0xea,0xcb,0xe8,0xab,0xc9,0xa5,0x5a,0x85,0x98,0x2f,0x56,0xd,0x42,0xfd,0x71,0x3,
  0x32,0xac,0x74,0xa4,0x90,0xfa,0x8a,0xf2,0xa9,0xc3,0x91,0x14,0x9d,0xc3,0xed,0xa9,
  0xb5,0xf7,0x0,0xbc,0x97,0x42,0xba,0xcc,0x64,0x6a,0x20,0x47,0xf1,0xb9,0x74,0xef,
  0xb4,0xe6,0x5d,0xb9,0x84,0x86,0x4e,0xad,0x3c,0x59,0x50,0x54,0x9f,0x8f,0xc8,0x78,
  0x30,0x19,0x59,0x1a,0x56,0x7,0x52,0x43,0xaf,0x1a,0xd1,0x22,0xe4,0xd4,0x46,0xa3,
  0xb6,0x4,0x27,0xb,0xc,0x15,0xa2,0xfb,0x8e,0x27,0xff,0xf8,0xdb,0x8,0xd2,0x1c,
  0xa4,0x7d,0x32,0x3e,0xf9,0x11,0xb8,0x7d,0xc8,0x2a,0x66,0xdd,0x79,0xcb,0x58,0x56,
  0x47,0xaf,0x60,0x7f,0x6c,0x81,0x93,0xb,0xa,0x92,0xf8,0xf2,0xda,0x2,0x52,0x81,
  0x64,0x37,0xc0,0x8,0x8b,0xdd,0xb9,0xed,0xe,0xd8,0x53,0xb,0xb6,0x93,0xd9,0x5,
  0x46,0x5d,0x17,0x25,0x52,0x9,0x91,0x13,0x77,0x29,0x24,0xcf,0x33,0xaa,0xd0,0x1a,
  0x60,0x69,0x35,0x80,0xaa,0x3a,0xb8,0x6b,0xe5,0xf8,0xba,0x85,0xe3,0x10,0x36,0x4f,
  0xd9,0x3d,0x81,0x73,0x80,0x69,0x88,0xa3,0xf1,0x68,0x34,0x32,0xf6,0xce,0x77,0xfc,
  0x2c,0xd1,0x2b,0x13,0x2a,0x11,0xf2,0xa,0x6a,0xda,0x20,0x3c,0xd1,0x35,0xa9,0x62,
  0xc3,0x66,0x0,0xd2,0xfa,0x36,0x49,0x8d,0xad,0x9a,0x17,0x16,0x1c,0x92,0x6f,0xa6,
  0xc5,0xc5,0x3,0x3e,0xdb,0xe9,0x41,0x5d,0x68,0x8c,0x6b,0x8c,0xb5,0x9a,0x5f,0x5f,
  0xcc,0x4b,0x8b,0xa1,0xac,0xf2,0xa3,0x12,0xfc,0xe2,0x43,0x6d,0xdb,0x7b,0x5d,0x41,
  0xe4,0xc8,0xea,0x9b,0xcd,0x16,0xdb,0x15,0xb7,0x1c,0x75,0x55,0xb0,0x91,0x61,0xfa,
  0x9c,0x87,0x70,0x66,0x5f,0x1,0xd8,0xe0,0x37,0xf8,0xda,0xb1,0x0,0xdc,0x7b,0xe2,
  0xc0,0xa,0x37,0xc6,0xd5,0xf,0x45,0x2d,0xdb,0x0,0x71,0xeb,0xe9,0x10,0xa9,0x2b,
  0xe9,0xeb,0x33,0x2e,0x8e,0xeb,0x30,0x77,0x51,0x16,0xcd,0xb1,0x6e,0x7c,0xa5,0x4b,
  0x2,0xef,0x79,0x57,0x7e,0xfc,0x15,0x6a,0x7c,0xa8,0x11,0x62,0xb6,0x5f,0xb9,0x10,
  0xaa,0xde,0xfb,0xa0,0x85,0xbb,0x73,0x5f,0xe,0x9b,0x80,0x8e,0x9b,0xa8,0xb5,0x3e,
  0xe7,0x22,0x4,0x2a,0x8b,0x66,0xad,0x7a,0xc9,0x16,0x3c,0xd,0xa9,0x78,0x70,0x14,
  0xad,0xc5,0xc8,0xd1,0xba,0x12,0x8a,0xb3,0x4c,0xb,0xd2,0xb5,0x6d,0x7c,0xce,0xb7,
  0x19,0xc3,0xcb,0xa6,0xc7,0xca,0xf6,0x8d,0xd4,0x67,0xe5,0xc1,0x32,0x8a,0xe3,0x42,
  0x55,0xd,0x20,0x9e,0x9e,0xe9,0x1b,0xf0,0xd4,0xe7,0xd,0x9c,0xcb,0x41,0x7e,0x4b,
  0xe,0x7a,0xa7,0x7b,0x3c,0xe1,0xc9,0x96,0xe0,0x57,0xb6,0xc1,0xd4,0x20,0x1c,0xb4,
  0x13,0xf0,0x15,0x60,0x2b,0x2f,0x29,0xdf,0x40,0x39,0x3d,0x25,0x81,0x4e,0x38,0x78,
  0x4b,0x83,0x2b,0xff,0xb8,0xd7,0x40,0x2,0x14,0xb6,0x2,0x82,0xd3,0x16,0xff,0xc7,
  0xa1,0x63,0xcb,0xca,0xa4,0x4,0xf3,0xf9,0x4d,0x1f,0x6b,0xf7,0xde,0xd0,0xd8,0xe7,
  0x8,0xca,0xe7,0x90,0xed,0x60,0x3f,0xb5,0xe4,0x24,0x97,0x7b,0x9b,0xbf,0xdd,0xd0,
  0x27,0x93,0x23,0x73,0xf5,0x82,0x86,0x61,0x94,0xae,0x54,0xbf,0xc1,0x4d,0xd1,0x8e,
  0x96,0x8f,0xdc,0x19,0x2f,0x38,0xda,0x63,0x55,0x9,0x8b,0xf9,0x2d,0xd0,0x52,0x40,
  0x25,0x5e,0xc9,0xd6,0x23,0x6f,0x8c,0xbc,0xe7,0x6c,0xd0,0xd4,0xc7,0x9c,0x4b,0xc9,
  0x13,0x3f,0xb9,0x92,0x2,0x29,0x83,0x4f,0xa3,0xec,0xa1,0x78,0xe,0x6a,0x8a,0xd2,
  0x82,0xae,0xc1,0x98,0x8e,0x31,0xb8,0x9c,0x3a,0x4c,0xd2,0xcf,0x23,0x70,0x38,0x21,
  0xc5,0xb5,0xc6,0x35,0xec,0x7c,0xd5,0x48,0xe2,0xd,0xd0,0x82,0x97,0x67,0x19,0xac,
  0x99,0xf0,0xbe,0xb9,0xe3,0x5f,0x7f,0x63,0xc7,0xcf,0xf,0x64,0x5d,0x5e,0x7d,0x39,
  0xa7,0x72,0x3d,0x50,0xc9,0x22,0xc8,0x8d,0x3b,0x24,0xc6,0xae,0x3d,0xd0,0x7a,0xed,
  0x56,0xd7,0x7,0x46,0x7a,0x50,0x63,0xf6,0x3a,0x7f,0xc6,0x31,0xf,0xf3,0x12,0x0,
  0x7d,0x91,0x59,0x70,0xe4,0x4d,0x49,0xcb,0x63,0xaf,0xdb,0x3c,0x76,0xbf,0x8b,0xf8,
  0xc9,0xb5,0x36,0x30,0x7d,0xdc,0x35,0xbd,0x3f,0xb0,0x4e,0x2e,0xcb,0x12,0x95,0xf7,
  0xab,0xc5,0xe1,0xa4,0xe7,0x73,0xfe,0xa6,0x4f,0xe2,0x68,0x77,0x10,0x1c,0xfb,0x2d,
  0x87,0xe3,0x19,0xd6,0xc3,0x1,0x14,0xa3,0x47,0x9e,0x4a,0x1a,0x9f,0x1,0x6,0x13,
  0x25,0x6e,0x7d,0xc1,0x4b,0xc5,0x2d,0x8e,0x62,0x45,0x79,0xb5,0x55,0x1b,0x6,0x65,
  0x39,0xf9,0xa7,0xfd,0x1b,0xaf,0x13,0x58,0x8c,0x9e,0x90,0x6e,0x18,0x86,0x5d,0xc7,
  0x19,0x57,0x8c,0xb2,0x7e,0x69,0x5c,0x18,0xbe,0x45,0xce,0xf0,0x1b,0x4e,0xcb,0xaf,
  0x33,0xa4,0xea,0x6a,0x3e,0xb3,0xa2,0x6b,0xab,0x80,0x8b,0xd1,0x5e,0x9,0xbb,0xc5,
  0xa9,0xd7,0x73,0x78,0xbf,0x47,0x5e,0xc9,0xab,0x59,0xd1,0xf7,0xf6,0xc8,0x7a,0xa6,
  0xee,0x43,0x9e,0xba,0x46,0x5f,0x96,0x9e,0x29,0x63,0x6b,0x95,0x83,0x63,0x38,0x34,
  0x43,0xf1,0xa,0xd3,0xcb,0x60,0xb3,0x2f,0xbf,0xc,0x87,0xd6,0x91,0x71,0x0,0xd6,
  0x53,0x33,0x5b,0x2,0x11,0x6,0x1e,0x29,0xae,0xb0,0x56,0x0,0x25,0x6b,0xe1,0x7,
  0xff,0x12,0x34,0x61,0xf3,0xed,0x72,0xc9,0xc4,0x27,0xbb,0x99,0x5d,0x47,0xbc,0x84,
  0x1a,0x51,0xb2,0xd5,0x43,0x89,0x7a,0xb5,0x86,0xc,0x1f,0x16,0xcf,0x16,0xe6,0xa8,
  0xb5,0x1a,0xb1,0xd5,0x3b,0xad,0x1a,0x9a,0x7,0x80,0xdf,0x4c,0xad,0x4a,0x29,0xd0,
  0x47,0x70,0x7f,0xe2,0x38,0x5,0xca,0xb,0x60,0x28,0xe8,0xfd,0xcf,0x10,0x65,0xc1,
  0x42,0xee,0x5c,0x7d,0x1,0x1c,0xb0,0x34,0xc8,0xe8,0x1d,0xb3,0xae,0xc5,0x75,0x80,
  0x92,0x51,0xb8,0x2f,0x8e,0xdd,0x71,0xa8,0xe8,0x48,0xc1,0x6f,0xd9,0x25,0x1e,0x14,
  0x64,0x56,0xf5,0x9a,0xfd,0x8,0xab,0x98,0xcf,0x69,0xfc,0x36,0xde,0xac,0xb1,0x7b,
  0x39,0x1a,0xfc,0xe0,0x6,0x1d,0xe,0xa3,0xd9,0x8,0xfc,0x2c,0x24,0xd1,0xcc,0xa8,
  0x47,0xb2,0xdb,0x68,0xb3,0x61,0x70,0x11,0x85,0xd8,0x19,0xea,0x54,0x58,0x3d,0xc3,
  0x34,0x94,0x52,0xf6,0x16,0x67,0xe3,0xd3,0xe8,0x75,0x45,0xe6,0xd4,0xd1,0x51,0xac,
  0xf3,0x39,0x67,0xe0,0x66,0x17,0xb4,0x6a,0x7a,0xfa,0x0,0x13,0x7e,0xc7,0xae,0x78,
  0x30,0x3a,0x29,0x4a,0x24,0xbb,0x7c,0xda,0x83,0x8d,0xcc,0x3,0xb6,0x3a,0x5f,0x5e,
  0x46,0x41,0x5b,0xc0,0xc7,0xa5,0x23,0x6,0xa,0x44,0xc1,0x32,0xc9,0x85,0x13,0xd3,
  0x19,0x39,0x57,0x9f,0xde,0x7d,0x82,0xd4,0x17,0xc7,0xfc,0x9e,0x24,0xdb,0x58,0x46,
  0x1b,0xb0,0x39,0xf2,0x9f,0x81,0x35,0xc8,0x9c,0x29,0xdf,0x4b,0xdb,0x5d,0x33,0xef,
  0xe7,0xc1,0xf6,0x27,0x79,0xb3,0xc9,0x65,0x7,0xc7,0xf6,0x3c,0x55,0x9d,0x1a,0xdf,
  0xd5,0x48,0x3d,0x25,0xc8,0x1d,0x76,0x78,0x75,0x58,0xaa,0x96,0x74,0x8a,0x19,0x30,
  0xe8,0x4e,0xbc,0x27,0x49,0xe5,0x90,0x67,0x3c,0xd9,0xf0,0x2c,0x92,0xec,0x13,0x4,
  0x61,0xd1,0xb9,0xeb,0x66,0x7c,0x2b,0x16,0xac,0xf,0x16,0x16,0x5d,0x3f,0x85,0x45,
  0xcc,0xa8,0xc0,0xeb,0x31,0x38,0xc1,0xe8,0x44,0x9b,0x52,0x5b,0xd2,0x17,0x60,0xea,
  0x11,0x0,0x36,0x28,0x6a,0xe,0x47,0xa3,0xb7,0x2e,0x1d,0x64,0x9f,0xa2,0xf1,0x56,
  0x1c,0x9b,0x1e,0x68,0x6c,0x40,0x21,0xb4,0xa3,0xbb,0x69,0xe,0x2b,0x53,0x3c,0xdb,
  0x79,0x74,0xfe,0x70,0xaf,0xf,0x87,0xae,0x40,0xff,0xbb,0x87,0xdd,0xe1,0xf0,0xe2,
  0xe7,0xdf,0xbd,0x82,0x94,0xcf,0xad,0x58,0xff,0xcd,0x69,0xa3,0x97,0x66,0xe,0x33,
  0x65,0x69,0xd,0x1f,0x99,0xed,0x6a,0x8f,0x8c,0x84,0xc5,0x59,0xbd,0xa7,0x61,0xe,
  0x95,0xb8,0xd,0x5b,0x81,0x6a,0x9f,0xad,0x2d,0x93,0xb3,0xf2,0xb3,0xdf,0xa1,0xf6,
  0xe6,0x1e,0x74,0x8,0x74,0x76,0xcd,0xdb,0x90,0x4c,0xdc,0x60,0xaa,0x4d,0x5e,0x3d,
  0x47,0x63,0x4d,0x60,0xe9,0x13,0x59,0x69,0x53,0x28,0x6e,0xd1,0x57,0x7b,0x3c,0x4b,
  0xe2,0xf2,0x89,0xf5,0x72,0x9b,0xd8,0xd,0x78,0x73,0x38,0x5e,0x7e,0x94,0x6e,0x5d,
  0xcf,0x3d,0xe6,0x68,0x9e,0x3a,0xe5,0xf3,0x53,0x5e,0x7f,0x46,0x5f,0x7,0xf,0x6d,
  0xa5,0x63,0xc1,0xda,0x71,0x11,0x4f,0xa,0xc3,0xe3,0x9e,0x38,0xd4,0x4b,0x33,0xa9,
  0x41,0xfb,0x80,0x51,0xe9,0x95,0xce,0xdb,0x24,0xc1,0xb1,0xab,0x9e,0xf0,0x90,0xee,
  0x8e,0x94,0x6d,0xee,0x23,0xed,0xc3,0xfe,0x8d,0x3c,0xda,0xd7,0x22,0xa,0xf2,0x0,
  0x94,0xf3,0x2b,0x7d,0x9f,0xa8,0x92,0x7c,0x19,0x73,0x50,0x92,0xa9,0x25,0xbd,0xd9,
  0x4d,0xf,0x5c,0x48,0x15,0x1c,0x3d,0xac,0xc4,0xdb,0x45,0x7b,0x96,0x3,0x15,0x48,
  0x60,0x62,0xf5,0x30,0xb9,0x7,0x14,0x87,0x71,0xa4,0xc2,0x19,0xd1,0x66,0x47,0xa5,
  0x83,0x7d,0xd1,0x6b,0x92,0xcd,0xcf,0xda,0x43,0xc8,0xfa,0x95,0xae,0x37,0x7c,0x6e,
  0x6a,0x2a,0x58,0x38,0xa8,0xaa,0x28,0x80,0xf,0x57,0x83,0x2d,0x5d,0xfb,0xd9,0x53,
  0xc,0xe5,0xa7,0xc0,0x3d,0x5f,0x1a,0x7e,0xfd,0x8,0xf7,0x85,0x19,0xf9,0xbe,0xbc,
  0x4b,0x7f,0x7f,0x88,0xc9,0xd0,0xdb,0x1e,0xf7,0x7b,0xdb,0x23,0x39,0x36,0x23,0xa8,
  0x47,0xe,0xf4,0xba,0x62,0xa8,0x9f,0x74,0x58,0x51,0xf8,0xb8,0x47,0xc4,0x42,0x35,
  0xed,0x25,0x92,0x1b,0xba,0x48,0x2e,0x7,0xf4,0x92,0xf,0x23,0x7b,0xb0,0xe9,0xb,
  0x84,0xca,0xfc,0x8f,0x7,0x62,0x1c,0xee,0xe0,0xb6,0xac,0x2f,0xd3,0x4c,0xf9,0x1b,
  0x8f,0x6f,0x2c,0x7f,0x4b,0xf0,0xf9,0xcd,0x5d,0x3b,0xea,0xf6,0xa6,0xdd,0xe3,0x99,
  0x3e,0xd7,0xa0,0xfc,0x50,0xfe,0xa4,0x93,0x2f,0x14,0x8f,0x58,0xc8,0x6e,0x33,0x16,
  0xaa,0xf3,0x49,0x95,0xe0,0xb2,0xf1,0x24,0x74,0x18,0xb7,0xdf,0xaa,0x38,0xff,0x33,
  0x45,0x5e,0xf9,0x23,0xaa,0xe2,0xc9,0x11,0xce,0xbd,0xf6,0xfc,0xfe,0x4a,0xbd,0x32,
  0x54,0x3f,0x80,0xda,0xa7,0x49,0x73,0x87,0x3c,0x32,0x81,0x2f,0x7c,0x11,0x6f,0x39,
  0x23,0x8b,0xcd,0xec,0xfc,0x93,0xe3,0xbd,0x28,0x7,0x55,0x6c,0x1c,0xd7,0xf9,0x78,
  0x7c,0xb1,0xb7,0xb5,0xb1,0x5e,0x6e,0xb8,0x5f,0x41,0xe6,0x3,0xe0,0x40,0x35,0x65,
  0x66,0xf9,0x5b,0x8e,0xf9,0x2a,0x52,0x11,0x3c,0x56,0x8b,0x46,0x8f,0xa9,0xad,0x6,
  0x38,0x6c,0xb6,0xb5,0xdb,0x85,0xef,0x1e,0x9e,0xfe,0xf,0x72,0xfb,0xb1,0xf9,0x40,
  0x88,0xa3,0x78,0xd3,0x5a,0xa8,0x56,0xe2,0x2f,0xa9,0xb7,0xe3,0x93,0xbf,0xae,0x95,
  0xbd,0x1,0x4f,0x4f,0xed,0x8f,0xec,0x4a,0x4,0xdd,0x8f,0x5c,0xfd,0xf6,0xc0,0x75,
  0x61,0x2b,0x5b,0x5c,0x7b,0x5e,0x2c,0xf5,0xff,0x4f,0x9d,0xff,0x3,0x69,0xb7,0x1,
  0xf0,
    // /home/oles/sailfish/app-sources/harbour-amazfish/ui/qml/components/DownloadDataMenuItem.qml
  0x0,0x0,0x1,0x35,
  0x69,
  0x6d,0x70,0x6f,0x72,0x74,0x20,0x51,0x74,0x51,0x75,0x69,0x63,0x6b,0x20,0x32,0x2e,
  0x30,0xa,0x69,0x6d,0x70,0x6f,0x72,0x74,0x20,0x22,0x70,0x6c,0x61,0x74,0x66,0x6f,
  0x72,0x6d,0x22,0xa,0xa,0x50,0x61,0x67,0x65,0x4d,0x65,0x6e,0x75,0x49,0x74,0x65,
  0x6d,0x50,0x4c,0x20,0x7b,0xa,0x20,0x20,0x20,0x20,0x69,0x63,0x6f,0x6e,0x53,0x6f,
  0x75,0x72,0x63,0x65,0x3a,0x20,0x73,0x74,0x79,0x6c,0x65,0x72,0x2e,0x69,0x63,0x6f,
  0x6e,0x44,0x6f,0x77,0x6e,0x6c,0x6f,0x61,0x64,0x44,0x61,0x74,0x61,0x20,0x21,0x3d,
  0x3d,0x20,0x75,0x6e,0x64,0x65,0x66,0x69,0x6e,0x65,0x64,0x20,0x3f,0x20,0x73,0x74,
  0x79,0x6c,0x65,0x72,0x2e,0x69,0x63,0x6f,0x6e,0x44,0x6f,0x77,0x6e,0x6c,0x6f,0x61,
  0x64,0x44,0x61,0x74,0x61,0x20,0x3a,0x20,0x22,0x22,0xa,0x20,0x20,0x20,0x20,0x74,
  0x65,0x78,0x74,0x3a,0x20,0x71,0x73,0x54,0x72,0x28,0x22,0x44,0x6f,0x77,0x6e,0x6c,
  0x6f,0x61,0x64,0x20,0x44,0x61,0x74,0x61,0x22,0x29,0xa,0x20,0x20,0x20,0x20,0x6f,
  0x6e,0x43,0x6c,0x69,0x63,0x6b,0x65,0x64,0x3a,0x20,0x44,0x61,0x65,0x6d,0x6f,0x6e,
  0x49,0x6e,0x74,0x65,0x72,0x66,0x61,0x63,0x65,0x49,0x6e,0x73,0x74,0x61,0x6e,0x63,
  0x65,0x2e,0x64,0x6f,0x77,0x6e,0x6c,0x6f,0x61,0x64,0x41,0x63,0x74,0x69,0x76,0x69,
  0x74,0x79,0x44,0x61,0x74,0x61,0x28,0x29,0xa,0x20,0x20,0x20,0x20,0x65,0x6e,0x61,
  0x62,0x6c,0x65,0x64,0x3a,0x20,0x44,0x61,0x65,0x6d,0x6f,0x6e,0x49,0x6e,0x74,0x65,
  0x72,0x66,0x61,0x63,0x65,0x49,0x6e,0x73,0x74,0x61,0x6e,0x63,0x65,0x2e,0x63,0x6f,
  0x6e,0x6e,0x65,0x63,0x74,0x69,0x6f,0x6e,0x53,0x74,0x61,0x74,0x65,0x20,0x3d,0x3d,
  0x3d,0x20,0x22,0x61,0x75,0x74,0x68,0x65,0x6e,0x74,0x69,0x63,0x61,0x74,0x65,0x64,
  0x22,0xa,0x7d,0xa,
    // /home/oles/sailfish/app-sources/harbour-amazfish/ui/qml/components/PercentCircle.qml
  0x0,0x0,0x5,0x22,
  0x69,
  0x6d,0x70,0x6f,0x72,0x74,0x20,0x51,0x74,0x51,0x75,0x69,0x63,0x6b,0x20,0x32,0x2e,
  0x33,0xa,0x69,0x6d,0x70,0x6f,0x72,0x74,0x20,0x51,0x74,0x47,0x72,0x61,0x70,0x68,
  0x69,0x63,0x61,0x6c,0x45,0x66,0x66,0x65,0x63,0x74,0x73,0x20,0x31,0x2e,0x30,0xa,
  0xa,0x52,0x65,0x63,0x74,0x61,0x6e,0x67,0x6c,0x65,0x20,0x7b,0xa,0xa,0x20,0x20,
  0x20,0x20,0x70,0x72,0x6f,0x70,0x65,0x72,0x74,0x79,0x20,0x64,0x6f,0x75,0x62,0x6c,
  0x65,0x20,0x70,0x65,0x72,0x63,0x65,0x6e,0x74,0xa,0x20,0x20,0x20,0x20,0x70,0x72,
  0x6f,0x70,0x65,0x72,0x74,0x79,0x20,0x69,0x6e,0x74,0x20,0x73,0x69,0x7a,0x65,0xa,
  0x20,0x20,0x20,0x20,0x70,0x72,0x6f,0x70,0x65,0x72,0x74,0x79,0x20,0x72,0x65,0x61,
  0x6c,0x20,0x77,0x69,0x64,0x74,0x68,0x52,0x61,0x74,0x69,0x6f,0xa,0x20,0x20,0x20,
  0x20,0x70,0x72,0x6f,0x70,0x65,0x72,0x74,0x79,0x20,0x63,0x6f,0x6c,0x6f,0x72,0x20,
  0x67,0x72,0x61,0x64,0x69,0x65,0x6e,0x74,0x43,0x6f,0x6c,0x6f,0x72,0x3a,0x20,0x73,
  0x74,0x79,0x6c,0x65,0x72,0x2e,0x74,0x68,0x65,0x6d,0x65,0x53,0x65,0x63,0x6f,0x6e,
  0x64,0x61,0x72,0x79,0x48,0x69,0x67,0x68,0x6c,0x69,0x67,0x68,0x74,0x43,0x6f,0x6c,
  0x6f,0x72,0xa,0xa,0x20,0x20,0x20,0x20,0x63,0x6f,0x6c,0x6f,0x72,0x3a,0x20,0x22,
  0x74,0x72,0x61,0x6e,0x73,0x70,0x61,0x72,0x65,0x6e,0x74,0x22,0xa,0x20,0x20,0x20,
  0x20,0x69,0x6d,0x70,0x6c,0x69,0x63,0x69,0x74,0x57,0x69,0x64,0x74,0x68,0x3a,0x20,
  0x73,0x69,0x7a,0x65,0xa,0x20,0x20,0x20,0x20,0x69,0x6d,0x70,0x6c,0x69,0x63,0x69,
  0x74,0x48,0x65,0x69,0x67,0x68,0x74,0x3a,0x20,0x69,0x6d,0x70,0x6c,0x69,0x63,0x69,
  0x74,0x57,0x69,0x64,0x74,0x68,0xa,0xa,0x20,0x20,0x20,0x20,0x52,0x65,0x63,0x74,
  0x61,0x6e,0x67,0x6c,0x65,0xa,0x20,0x20,0x20,0x20,0x7b,0xa,0x20,0x20,0x20,0x20,
  0x20,0x20,0x20,0x20,0x69,0x64,0x3a,0x20,0x6f,0x75,0x74,0x65,0x72,0x52,0x69,0x6e,
  0x67,0xa,0x20,0x20,0x20,0x20,0x20,0x20,0x20,0x20,0x7a,0x3a,0x20,0x30,0xa,0x20,
  0x20,0x20,0x20,0x20,0x20,0x20,0x20,0x61,0x6e,0x63,0x68,0x6f,0x72,0x73,0x2e,0x66,
  0x69,0x6c,0x6c,0x3a,0x20,0x70,0x61,0x72,0x65,0x6e,0x74,0xa,0x20,0x20,0x20,0x20,
  0x20,0x20,0x20,0x20,0x72,0x61,0x64,0x69,0x75,0x73,0x3a,0x20,0x4d,0x61,0x74,0x68,
  0x2e,0x6d,0x61,0x78,0x28,0x77,0x69,0x64,0x74,0x68,0x2c,0x20,0x68,0x65,0x69,0x67,
  0x68,0x74,0x29,0x20,0x2f,0x20,0x32,0xa,0x20,0x20,0x20,0x20,0x20,0x20,0x20,0x20,
  0x63,0x6f,0x6c,0x6f,0x72,0x3a,0x20,0x22,0x74,0x72,0x61,0x6e,0x73,0x70,0x61,0x72,
  0x65,0x6e,0x74,0x22,0xa,0x20,0x20,0x20,0x20,0x20,0x20,0x20,0x20,0x62,0x6f,0x72,
  0x64,0x65,0x72,0x2e,0x63,0x6f,0x6c,0x6f,0x72,0x3a,0x20,0x73,0x74,0x79,0x6c,0x65,
  0x72,0x2e,0x74,0x68,0x65,0x6d,0x65,0x53,0x65,0x63,0x6f,0x6e,0x64,0x61,0x72,0x79,
  0x43,0x6f,0x6c,0x6f,0x72,0xa,0x20,0x20,0x20,0x20,0x20,0x20,0x20,0x20,0x62,0x6f,
  0x72,0x64,0x65,0x72,0x2e,0x77,0x69,0x64,0x74,0x68,0x3a,0x20,0x77,0x69,0x64,0x74,
  0x68,0x20,0x2a,0x20,0x77,0x69,0x64,0x74,0x68,0x52,0x61,0x74,0x69,0x6f,0xa,0x20,
  0x20,0x20,0x20,0x7d,0xa,0xa,0x20,0x20,0x20,0x20,0x52,0x65,0x63,0x74,0x61,0x6e,
  0x67,0x6c,0x65,0xa,0x20,0x20,0x20,0x20,0x7b,0xa,0x20,0x20,0x20,0x20,0x20,0x20,
  0x20,0x20,0x69,0x64,0x3a,0x20,0x69,0x6e,0x6e,0x65,0x72,0x52,0x69,0x6e,0x67,0xa,
  0x20,0x20,0x20,0x20,0x20,0x20,0x20,0x20,0x7a,0x3a,0x20,0x31,0xa,0x20,0x20,0x20,
  0x20,0x20,0x20,0x20,0x20,0x61,0x6e,0x63,0x68,0x6f,0x72,0x73,0x2e,0x66,0x69,0x6c,
  0x6c,0x3a,0x20,0x70,0x61,0x72,0x65,0x6e,0x74,0xa,0x20,0x20,0x20,0x20,0x20,0x20,
  0x20,0x20,0x61,0x6e,0x63,0x68,0x6f,0x72,0x73,0x2e,0x6d,0x61,0x72,0x67,0x69,0x6e,
  0x73,0x3a,0x20,0x6f,0x75,0x74,0x65,0x72,0x52,0x69,0x6e,0x67,0x2e,0x62,0x6f,0x72,
  0x64,0x65,0x72,0x2e,0x77,0x69,0x64,0x74,0x68,0x20,0x2f,0x20,0x34,0xa,0x20,0x20,
  0x20,0x20,0x20,0x20,0x20,0x20,0x72,0x61,0x64,0x69,0x75,0x73,0x3a,0x20,0x6f,0x75,
  0x74,0x65,0x72,0x52,0x69,0x6e,0x67,0x2e,0x72,0x61,0x64,0x69,0x75,0x73,0xa,0x20,
  0x20,0x20,0x20,0x20,0x20,0x20,0x20,0x63,0x6f,0x6c,0x6f,0x72,0x3a,0x20,0x22,0x74,
  0x72,0x61,0x6e,0x73,0x70,0x61,0x72,0x65,0x6e,0x74,0x22,0xa,0x20,0x20,0x20,0x20,
  0x20,0x20,0x20,0x20,0x62,0x6f,0x72,0x64,0x65,0x72,0x2e,0x63,0x6f,0x6c,0x6f,0x72,
  0x3a,0x20,0x73,0x74,0x79,0x6c,0x65,0x72,0x2e,0x74,0x68,0x65,0x6d,0x65,0x53,0x65,
  0x63,0x6f,0x6e,0x64,0x61,0x72,0x79,0x43,0x6f,0x6c,0x6f,0x72,0xa,0x20,0x20,0x20,
  0x20,0x20,0x20,0x20,0x20,0x62,0x6f,0x72,0x64,0x65,0x72,0x2e,0x77,0x69,0x64,0x74,
  0x68,0x3a,0x20,0x77,0x69,0x64,0x74,0x68,0x20,0x2a,0x20,0x28,0x77,0x69,0x64,0x74,
  0x68,0x52,0x61,0x74,0x69,0x6f,0x20,0x2a,0x20,0x30,0x2e,0x36,0x29,0xa,0xa,0x20,
  0x20,0x20,0x20,0x20,0x20,0x20,0x20,0x43,0x6f,0x6e,0x69,0x63,0x61,0x6c,0x47,0x72,
  0x61,0x64,0x69,0x65,0x6e,0x74,0xa,0x20,0x20,0x20,0x20,0x20,0x20,0x20,0x20,0x7b,
  0xa,0x20,0x20,0x20,0x20,0x20,0x20,0x20,0x20,0x20,0x20,0x20,0x20,0x73,0x6f,0x75,
  0x72,0x63,0x65,0x3a,0x20,0x69,0x6e,0x6e,0x65,0x72,0x52,0x69,0x6e,0x67,0xa,0x20,
  0x20,0x20,0x20,0x20,0x20,0x20,0x20,0x20,0x20,0x20,0x20,0x61,0x6e,0x63,0x68,0x6f,
  0x72,0x73,0x2e,0x66,0x69,0x6c,0x6c,0x3a,0x20,0x70,0x61,0x72,0x65,0x6e,0x74,0xa,
  0x20,0x20,0x20,0x20,0x20,0x20,0x20,0x20,0x20,0x20,0x20,0x20,0x67,0x72,0x61,0x64,
  0x69,0x65,0x6e,0x74,0x3a,0x20,0x47,0x72,0x61,0x64,0x69,0x65,0x6e,0x74,0xa,0x20,
  0x20,0x20,0x20,0x20,0x20,0x20,0x20,0x20,0x20,0x20,0x20,0x7b,0xa,0x20,0x20,0x20,
  0x20,0x20,0x20,0x20,0x20,0x20,0x20,0x20,0x20,0x20,0x20,0x20,0x20,0x47,0x72,0x61,
  0x64,0x69,0x65,0x6e,0x74,0x53,0x74,0x6f,0x70,0x20,0x7b,0x20,0x70,0x6f,0x73,0x69,
  0x74,0x69,0x6f,0x6e,0x3a,0x20,0x30,0x2e,0x30,0x30,0x3b,0x20,0x63,0x6f,0x6c,0x6f,
  0x72,0x3a,0x20,0x67,0x72,0x61,0x64,0x69,0x65,0x6e,0x74,0x43,0x6f,0x6c,0x6f,0x72,
  0x7d,0xa,0x20,0x20,0x20,0x20,0x20,0x20,0x20,0x20,0x20,0x20,0x20,0x20,0x20,0x20,
  0x20,0x20,0x47,0x72,0x61,0x64,0x69,0x65,0x6e,0x74,0x53,0x74,0x6f,0x70,0x20,0x7b,
  0x20,0x70,0x6f,0x73,0x69,0x74,0x69,0x6f,0x6e,0x3a,0x20,0x70,0x65,0x72,0x63,0x65,
  0x6e,0x74,0x3b,0x20,0x63,0x6f,0x6c,0x6f,0x72,0x3a,0x20,0x67,0x72,0x61,0x64,0x69,
  0x65,0x6e,0x74,0x43,0x6f,0x6c,0x6f,0x72,0x20,0x7d,0xa,0x20,0x20,0x20,0x20,0x20,
  0x20,0x20,0x20,0x20,0x20,0x20,0x20,0x20,0x20,0x20,0x20,0x47,0x72,0x61,0x64,0x69,
  0x65,0x6e,0x74,0x53,0x74,0x6f,0x70,0x20,0x7b,0x20,0x70,0x6f,0x73,0x69,0x74,0x69,
  0x6f,0x6e,0x3a,0x20,0x70,0x65,0x72,0x63,0x65,0x6e,0x74,0x20,0x2b,0x20,0x30,0x2e,
  0x30,0x31,0x3b,0x20,0x63,0x6f,0x6c,0x6f,0x72,0x3a,0x20,0x22,0x74,0x72,0x61,0x6e,
  0x73,0x70,0x61,0x72,0x65,0x6e,0x74,0x22,0x20,0x7d,0xa,0x20,0x20,0x20,0x20,0x20,
  0x20,0x20,0x20,0x20,0x20,0x20,0x20,0x20,0x20,0x20,0x20,0x47,0x72,0x61,0x64,0x69,
  0x65,0x6e,0x74,0x53,0x74,0x6f,0x70,0x20,0x7b,0x20,0x70,0x6f,0x73,0x69,0x74,0x69,
  0x6f,0x6e,0x3a,0x20,0x31,0x2e,0x30,0x30,0x3b,0x20,0x63,0x6f,0x6c,0x6f,0x72,0x3a,
  0x20,0x22,0x74,0x72,0x61,0x6e,0x73,0x70,0x61,0x72,0x65,0x6e,0x74,0x22,0x20,0x7d,
  0xa,0x20,0x20,0x20,0x20,0x20,0x20,0x20,0x20,0x20,0x20,0x20,0x20,0x7d,0xa,0x20,
  0x20,0x20,0x20,0x20,0x20,0x20,0x20,0x7d,0xa,0x20,0x20,0x20,0x20,0x7d,0xa,0x7d,
  0xa,
    // /home/oles/sailfish/app-sources/harbour-amazfish/ui/qml/components/platform.silica/ButtonPL.qml
  0x0,0x0,0x3,0x7,
  0x2f,
  0x2a,0x20,0x2d,0x2a,0x2d,0x20,0x63,0x6f,0x64,0x69,0x6e,0x67,0x3a,0x20,0x75,0x74,
  0x66,0x2d,0x38,0x2d,0x75,0x6e,0x69,0x78,0x20,0x2d,0x2a,0x2d,0xa,0x20,0x2a,0xa,
  0x20,0x2a,0x20,0x43,0x6f,0x70,0x79,0x72,0x69,0x67,0x68,0x74,0x20,0x28,0x43,0x29,
  0x20,0x32,0x30,0x31,0x38,0x20,0x52,0x69,0x6e,0x69,0x67,0x75,0x73,0xa,0x20,0x2a,
  0xa,0x20,0x2a,0x20,0x54,0x68,0x69,0x73,0x20,0x70,0x72,0x6f,0x67,0x72,0x61,0x6d,
  0x20,0x69,0x73,0x20,0x66,0x72,0x65,0x65,0x20,0x73,0x6f,0x66,0x74,0x77,0x61,0x72,
  0x65,0x3a,0x20,0x79,0x6f,0x75,0x20,0x63,0x61,0x6e,0x20,0x72,0x65,0x64,0x69,0x73,
  0x74,0x72,0x69,0x62,0x75,0x74,0x65,0x20,0x69,0x74,0x20,0x61,0x6e,0x64,0x2f,0x6f,
  0x72,0x20,0x6d,0x6f,0x64,0x69,0x66,0x79,0xa,0x20,0x2a,0x20,0x69,0x74,0x20,0x75,
  0x6e,0x64,0x65,0x72,0x20,0x74,0x68,0x65,0x20,0x74,0x65,0x72,0x6d,0x73,0x20,0x6f,
  0x66,0x20,0x74,0x68,0x65,0x20,0x47,0x4e,0x55,0x20,0x47,0x65,0x6e,0x65,0x72,0x61,
  0x6c,0x20,0x50,0x75,0x62,0x6c,0x69,0x63,0x20,0x4c,0x69,0x63,0x65,0x6e,0x73,0x65,
  0x20,0x61,0x73,0x20,0x70,0x75,0x62,0x6c,0x69,0x73,0x68,0x65,0x64,0x20,0x62,0x79,
  0xa,0x20,0x2a,0x20,0x74,0x68,0x65,0x20,0x46,0x72,0x65,0x65,0x20,0x53,0x6f,0x66,
  0x74,0x77,0x61,0x72,0x65,0x20,0x46,0x6f,0x75,0x6e,0x64,0x61,0x74,0x69,0x6f,0x6e,
  0x2c,0x20,0x65,0x69,0x74,0x68,0x65,0x72,0x20,0x76,0x65,0x72,0x73,0x69,0x6f,0x6e,
  0x20,0x33,0x20,0x6f,0x66,0x20,0x74,0x68,0x65,0x20,0x4c,0x69,0x63,0x65,0x6e,0x73,
  0x65,0x2c,0x20,0x6f,0x72,0xa,0x20,0x2a,0x20,0x28,0x61,0x74,0x20,0x79,0x6f,0x75,
  0x72,0x20,0x6f,0x70,0x74,0x69,0x6f,0x6e,0x29,0x20,0x61,0x6e,0x79,0x20,0x6c,0x61,
  0x74,0x65,0x72,0x20,0x76,0x65,0x72,0x73,0x69,0x6f,0x6e,0x2e,0xa,0x20,0x2a,0xa,
  0x20,0x2a,0x20,0x54,0x68,0x69,0x73,0x20,0x70,0x72,0x6f,0x67,0x72,0x61,0x6d,0x20,
  0x69,0x73,0x20,0x64,0x69,0x73,0x74,0x72,0x69,0x62,0x75,0x74,0x65,0x64,0x20,0x69,
  0x6e,0x20,0x74,0x68,0x65,0x20,0x68,0x6f,0x70,0x65,0x20,0x74,0x68,0x61,0x74,0x20,
  0x69,0x74,0x20,0x77,0x69,0x6c,0x6c,0x20,0x62,0x65,0x20,0x75,0x73,0x65,0x66,0x75,
  0x6c,0x2c,0xa,0x20,0x2a,0x20,0x62,0x75,0x74,0x20,0x57,0x49,0x54,0x48,0x4f,0x55,
  0x54,0x20,0x41,0x4e,0x59,0x20,0x57,0x41,0x52,0x52,0x41,0x4e,0x54,0x59,0x3b,0x20,
  0x77,0x69,0x74,0x68,0x6f,0x75,0x74,0x20,0x65,0x76,0x65,0x6e,0x20,0x74,0x68,0x65,
  0x20,0x69,0x6d,0x70,0x6c,0x69,0x65,0x64,0x20,0x77,0x61,0x72,0x72,0x61,0x6e,0x74,
  0x79,0x20,0x6f,0x66,0xa,0x20,0x2a,0x20,0x4d,0x45,0x52,0x43,0x48,0x41,0x4e,0x54,
  0x41,0x42,0x49,0x4c,0x49,0x54,0x59,0x20,0x6f,0x72,0x20,0x46,0x49,0x54,0x4e,0x45,
  0x53,0x53,0x20,0x46,0x4f,0x52,0x20,0x41,0x20,0x50,0x41,0x52,0x54,0x49,0x43,0x55,
  0x4c,0x41,0x52,0x20,0x50,0x55,0x52,0x50,0x4f,0x53,0x45,0x2e,0x20,0x20,0x53,0x65,
  0x65,0x20,0x74,0x68,0x65,0xa,0x20,0x2a,0x20,0x47,0x4e,0x55,0x20,0x47,0x65,0x6e,
  0x65,0x72,0x61,0x6c,0x20,0x50,0x75,0x62,0x6c,0x69,0x63,0x20,0x4c,0x69,0x63,0x65,
  0x6e,0x73,0x65,0x20,0x66,0x6f,0x72,0x20,0x6d,0x6f,0x72,0x65,0x20,0x64,0x65,0x74,
  0x61,0x69,0x6c,0x73,0x2e,0xa,0x20,0x2a,0xa,0x20,0x2a,0x20,0x59,0x6f,0x75,0x20,
  0x73,0x68,0x6f,0x75,0x6c,0x64,0x20,0x68,0x61,0x76,0x65,0x20,0x72,0x65,0x63,0x65,
  0x69,0x76,0x65,0x64,0x20,0x61,0x20,0x63,0x6f,0x70,0x79,0x20,0x6f,0x66,0x20,0x74,
  0x68,0x65,0x20,0x47,0x4e,0x55,0x20,0x47,0x65,0x6e,0x65,0x72,0x61,0x6c,0x20,0x50,
  0x75,0x62,0x6c,0x69,0x63,0x20,0x4c,0x69,0x63,0x65,0x6e,0x73,0x65,0xa,0x20,0x2a,
  0x20,0x61,0x6c,0x6f,0x6e,0x67,0x20,0x77,0x69,0x74,0x68,0x20,0x74,0x68,0x69,0x73,
  0x20,0x70,0x72,0x6f,0x67,0x72,0x61,0x6d,0x2e,0x20,0x20,0x49,0x66,0x20,0x6e,0x6f,
  0x74,0x2c,0x20,0x73,0x65,0x65,0x20,0x3c,0x68,0x74,0x74,0x70,0x3a,0x2f,0x2f,0x77,
  0x77,0x77,0x2e,0x67,0x6e,0x75,0x2e,0x6f,0x72,0x67,0x2f,0x6c,0x69,0x63,0x65,0x6e,
  0x73,0x65,0x73,0x2f,0x3e,0x2e,0xa,0x20,0x2a,0x2f,0xa,0xa,0x69,0x6d,0x70,0x6f,
  0x72,0x74,0x20,0x51,0x74,0x51,0x75,0x69,0x63,0x6b,0x20,0x32,0x2e,0x30,0xa,0x69,
  0x6d,0x70,0x6f,0x72,0x74,0x20,0x53,0x61,0x69,0x6c,0x66,0x69,0x73,0x68,0x2e,0x53,
  0x69,0x6c,0x69,0x63,0x61,0x20,0x31,0x2e,0x30,0xa,0xa,0x42,0x75,0x74,0x74,0x6f,
  0x6e,0x20,0x7b,0xa,0x7d,0xa,
    // /home/oles/sailfish/app-sources/harbour-amazfish/ui/qml/components/platform.silica/PagePL.qml
  0x0,0x0,0x9,0x1,
  0x2f,
  0x2a,0x20,0x2d,0x2a,0x2d,0x20,0x63,0x6f,0x64,0x69,0x6e,0x67,0x3a,0x20,0x75,0x74,
  0x66,0x2d,0x38,0x2d,0x75,0x6e,0x69,0x78,0x20,0x2d,0x2a,0x2d,0xa,0x20,0x2a,0xa,
  0x20,0x2a,0x20,0x43,0x6f,0x70,0x79,0x72,0x69,0x67,0x68,0x74,0x20,0x28,0x43,0x29,
  0x20,0x32,0x30,0x31,0x38,0x20,0x52,0x69,0x6e,0x69,0x67,0x75,0x73,0xa,0x20,0x2a,
  0xa,0x20,0x2a,0x20,0x54,0x68,0x69,0x73,0x20,0x70,0x72,0x6f,0x67,0x72,0x61,0x6d,
  0x20,0x69,0x73,0x20,0x66,0x72,0x65,0x65,0x20,0x73,0x6f,0x66,0x74,0x77,0x61,0x72,
  0x65,0x3a,0x20,0x79,0x6f,0x75,0x20,0x63,0x61,0x6e,0x20,0x72,0x65,0x64,0x69,0x73,
  0x74,0x72,0x69,0x62,0x75,0x74,0x65,0x20,0x69,0x74,0x20,0x61,0x6e,0x64,0x2f,0x6f,
  0x72,0x20,0x6d,0x6f,0x64,0x69,0x66,0x79,0xa,0x20,0x2a,0x20,0x69,0x74,0x20,0x75,
  0x6e,0x64,0x65,0x72,0x20,0x74,0x68,0x65,0x20,0x74,0x65,0x72,0x6d,0x73,0x20,0x6f,
  0x66,0x20,0x74,0x68,0x65,0x20,0x47,0x4e,0x55,0x20,0x47,0x65,0x6e,0x65,0x72,0x61,
  0x6c,0x20,0x50,0x75,0x62,0x6c,0x69,0x63,0x20,0x4c,0x69,0x63,0x65,0x6e,0x73,0x65,
  0x20,0x61,0x73,0x20,0x70,0x75,0x62,0x6c,0x69,0x73,0x68,0x65,0x64,0x20,0x62,0x79,
  0xa,0x20,0x2a,0x20,0x74,0x68,0x65,0x20,0x46,0x72,0x65,0x65,0x20,0x53,0x6f,0x66,
  0x74,0x77,0x61,0x72,0x65,0x20,0x46,0x6f,0x75,0x6e,0x64,0x61,0x74,0x69,0x6f,0x6e,
  0x2c,0x20,0x65,0x69,0x74,0x68,0x65,0x72,0x20,0x76,0x65,0x72,0x73,0x69,0x6f,0x6e,
  0x20,0x33,0x20,0x6f,0x66,0x20,0x74,0x68,0x65,0x20,0x4c,0x69,0x63,0x65,0x6e,0x73,
  0x65,0x2c,0x20,0x6f,0x72,0xa,0x20,0x2a,0x20,0x28,0x61,0x74,0x20,0x79,0x6f,0x75,
  0x72,0x20,0x6f,0x70,0x74,0x69,0x6f,0x6e,0x29,0x20,0x61,0x6e,0x79,0x20,0x6c,0x61,
  0x74,0x65,0x72,0x20,0x76,0x65,0x72,0x73,0x69,0x6f,0x6e,0x2e,0xa,0x20,0x2a,0xa,
  0x20,0x2a,0x20,0x54,0x68,0x69,0x73,0x20,0x70,0x72,0x6f,0x67,0x72,0x61,0x6d,0x20,
  0x69,0x73,0x20,0x64,0x69,0x73,0x74,0x72,0x69,0x62,0x75,0x74,0x65,0x64,0x20,0x69,
  0x6e,0x20,0x74,0x68,0x65,0x20,0x68,0x6f,0x70,0x65,0x20,0x74,0x68,0x61,0x74,0x20,
  0x69,0x74,0x20,0x77,0x69,0x6c,0x6c,0x20,0x62,0x65,0x20,0x75,0x73,0x65,0x66,0x75,
  0x6c,0x2c,0xa,0x20,0x2a,0x20,0x62,0x75,0x74,0x20,0x57,0x49,0x54,0x48,0x4f,0x55,
  0x54,0x20,0x41,0x4e,0x59,0x20,0x57,0x41,0x52,0x52,0x41,0x4e,0x54,0x59,0x3b,0x20,
  0x77,0x69,0x74,0x68,0x6f,0x75,0x74,0x20,0x65,0x76,0x65,0x6e,0x20,0x74,0x68,0x65,
  0x20,0x69,0x6d,0x70,0x6c,0x69,0x65,0x64,0x20,0x77,0x61,0x72,0x72,0x61,0x6e,0x74,
  0x79,0x20,0x6f,0x66,0xa,0x20,0x2a,0x20,0x4d,0x45,0x52,0x43,0x48,0x41,0x4e,0x54,
  0x41,0x42,0x49,0x4c,0x49,0x54,0x59,0x20,0x6f,0x72,0x20,0x46,0x49,0x54,0x4e,0x45,
  0x53,0x53,0x20,0x46,0x4f,0x52,0x20,0x41,0x20,0x50,0x41,0x52,0x54,0x49,0x43,0x55,
  0x4c,0x41,0x52,0x20,0x50,0x55,0x52,0x50,0x4f,0x53,0x45,0x2e,0x20,0x20,0x53,0x65,
  0x65,0x20,0x74,0x68,0x65,0xa,0x20,0x2a,0x20,0x47,0x4e,0x55,0x20,0x47,0x65,0x6e,
  0x65,0x72,0x61,0x6c,0x20,0x50,0x75,0x62,0x6c,0x69,0x63,0x20,0x4c,0x69,0x63,0x65,
  0x6e,0x73,0x65,0x20,0x66,0x6f,0x72,0x20,0x6d,0x6f,0x72,0x65,0x20,0x64,0x65,0x74,
  0x61,0x69,0x6c,0x73,0x2e,0xa,0x20,0x2a,0xa,0x20,0x2a,0x20,0x59,0x6f,0x75,0x20,
  0x73,0x68,0x6f,0x75,0x6c,0x64,0x20,0x68,0x61,0x76,0x65,0x20,0x72,0x65,0x63,0x65,
  0x69,0x76,0x65,0x64,0x20,0x61,0x20,0x63,0x6f,0x70,0x79,0x20,0x6f,0x66,0x20,0x74,
  0x68,0x65,0x20,0x47,0x4e,0x55,0x20,0x47,0x65,0x6e,0x65,0x72,0x61,0x6c,0x20,0x50,
  0x75,0x62,0x6c,0x69,0x63,0x20,0x4c,0x69,0x63,0x65,0x6e,0x73,0x65,0xa,0x20,0x2a,
  0x20,0x61,0x6c,0x6f,0x6e,0x67,0x20,0x77,0x69,0x74,0x68,0x20,0x74,0x68,0x69,0x73,
  0x20,0x70,0x72,0x6f,0x67,0x72,0x61,0x6d,0x2e,0x20,0x20,0x49,0x66,0x20,0x6e,0x6f,
  0x74,0x2c,0x20,0x73,0x65,0x65,0x20,0x3c,0x68,0x74,0x74,0x70,0x3a,0x2f,0x2f,0x77,
  0x77,0x77,0x2e,0x67,0x6e,0x75,0x2e,0x6f,0x72,0x67,0x2f,0x6c,0x69,0x63,0x65,0x6e,
  0x73,0x65,0x73,0x2f,0x3e,0x2e,0xa,0x20,0x2a,0x2f,0xa,0xa,0x69,0x6d,0x70,0x6f,
  0x72,0x74,0x20,0x51,0x74,0x51,0x75,0x69,0x63,0x6b,0x20,0x32,0x2e,0x30,0xa,0x69,
  0x6d,0x70,0x6f,0x72,0x74,0x20,0x53,0x61,0x69,0x6c,0x66,0x69,0x73,0x68,0x2e,0x53,
  0x69,0x6c,0x69,0x63,0x61,0x20,0x31,0x2e,0x30,0xa,0xa,0x50,0x61,0x67,0x65,0x20,
  0x7b,0xa,0x20,0x20,0x20,0x20,0x69,0x64,0x3a,0x20,0x70,0x61,0x67,0x65,0xa,0x20,
  0x20,0x20,0x20,0x61,0x6c,0x6c,0x6f,0x77,0x65,0x64,0x4f,0x72,0x69,0x65,0x6e,0x74,
  0x61,0x74,0x69,0x6f,0x6e,0x73,0x3a,0x20,0x61,0x70,0x70,0x2e,0x64,0x65,0x66,0x61,
  0x75,0x6c,0x74,0x41,0x6c,0x6c,0x6f,0x77,0x65,0x64,0x4f,0x72,0x69,0x65,0x6e,0x74,
  0x61,0x74,0x69,0x6f,0x6e,0x73,0xa,0xa,0x20,0x20,0x20,0x20,0x70,0x72,0x6f,0x70,
  0x65,0x72,0x74,0x79,0x20,0x73,0x74,0x72,0x69,0x6e,0x67,0x20,0x20,0x20,0x20,0x20,
  0x20,0x20,0x20,0x61,0x63,0x63,0x65,0x70,0x74,0x49,0x63,0x6f,0x6e,0x4e,0x61,0x6d,
  0x65,0x20,0x2f,0x2f,0x20,0x66,0x6f,0x72,0x20,0x63,0x6f,0x6d,0x70,0x61,0x74,0x69,
  0x62,0x69,0x6c,0x69,0x74,0x79,0xa,0x20,0x20,0x20,0x20,0x70,0x72,0x6f,0x70,0x65,
  0x72,0x74,0x79,0x20,0x73,0x74,0x72,0x69,0x6e,0x67,0x20,0x20,0x20,0x20,0x20,0x20,
  0x20,0x20,0x61,0x63,0x63,0x65,0x70,0x74,0x54,0x65,0x78,0x74,0x20,0x2f,0x2f,0x20,
  0x66,0x6f,0x72,0x20,0x63,0x6f,0x6d,0x70,0x61,0x74,0x69,0x62,0x69,0x6c,0x69,0x74,
  0x79,0xa,0x20,0x20,0x20,0x20,0x64,0x65,0x66,0x61,0x75,0x6c,0x74,0x20,0x70,0x72,
  0x6f,0x70,0x65,0x72,0x74,0x79,0x20,0x61,0x6c,0x69,0x61,0x73,0x20,0x63,0x6f,0x6e,
  0x74,0x65,0x6e,0x74,0x3a,0x20,0x69,0x74,0x65,0x6d,0x43,0x6f,0x6e,0x74,0x2e,0x64,
  0x61,0x74,0x61,0xa,0x20,0x20,0x20,0x20,0x72,0x65,0x61,0x64,0x6f,0x6e,0x6c,0x79,
  0x20,0x70,0x72,0x6f,0x70,0x65,0x72,0x74,0x79,0x20,0x62,0x6f,0x6f,0x6c,0x20,0x65,
  0x6d,0x70,0x74,0x79,0x3a,0x20,0x66,0x61,0x6c,0x73,0x65,0xa,0x20,0x20,0x20,0x20,
  0x70,0x72,0x6f,0x70,0x65,0x72,0x74,0x79,0x20,0x61,0x6c,0x69,0x61,0x73,0x20,0x20,
  0x20,0x20,0x20,0x20,0x20,0x20,0x20,0x70,0x61,0x67,0x65,0x4d,0x65,0x6e,0x75,0x3a,
  0x20,0x6d,0x65,0x6e,0x75,0x4c,0x6f,0x61,0x64,0x65,0x72,0x2e,0x73,0x6f,0x75,0x72,
  0x63,0x65,0x43,0x6f,0x6d,0x70,0x6f,0x6e,0x65,0x6e,0x74,0xa,0x20,0x20,0x20,0x20,
  0x70,0x72,0x6f,0x70,0x65,0x72,0x74,0x79,0x20,0x73,0x74,0x72,0x69,0x6e,0x67,0x20,
  0x20,0x20,0x20,0x20,0x20,0x20,0x20,0x74,0x69,0x74,0x6c,0x65,0xa,0xa,0x20,0x20,
  0x20,0x20,0x73,0x69,0x67,0x6e,0x61,0x6c,0x20,0x70,0x61,0x67,0x65,0x53,0x74,0x61,
  0x74,0x75,0x73,0x41,0x63,0x74,0x69,0x76,0x61,0x74,0x69,0x6e,0x67,0xa,0x20,0x20,
  0x20,0x20,0x73,0x69,0x67,0x6e,0x61,0x6c,0x20,0x70,0x61,0x67,0x65,0x53,0x74,0x61,
  0x74,0x75,0x73,0x41,0x63,0x74,0x69,0x76,0x65,0xa,0x20,0x20,0x20,0x20,0x73,0x69,
  0x67,0x6e,0x61,0x6c,0x20,0x70,0x61,0x67,0x65,0x53,0x74,0x61,0x74,0x75,0x73,0x49,
  0x6e,0x61,0x63,0x74,0x69,0x76,0x65,0xa,0xa,0x20,0x20,0x20,0x20,0x53,0x69,0x6c,
  0x69,0x63,0x61,0x46,0x6c,0x69,0x63,0x6b,0x61,0x62,0x6c,0x65,0x20,0x7b,0xa,0x20,
  0x20,0x20,0x20,0x20,0x20,0x20,0x20,0x69,0x64,0x3a,0x20,0x66,0x6c,0x69,0x63,0x6b,
  0x61,0x62,0x6c,0x65,0xa,0x20,0x20,0x20,0x20,0x20,0x20,0x20,0x20,0x61,0x6e,0x63,
  0x68,0x6f,0x72,0x73,0x2e,0x66,0x69,0x6c,0x6c,0x3a,0x20,0x70,0x61,0x72,0x65,0x6e,
  0x74,0xa,0x20,0x20,0x20,0x20,0x20,0x20,0x20,0x20,0x63,0x6f,0x6e,0x74,0x65,0x6e,
  0x74,0x48,0x65,0x69,0x67,0x68,0x74,0x3a,0x20,0x74,0x69,0x74,0x6c,0x65,0x2e,0x68,
  0x65,0x69,0x67,0x68,0x74,0x20,0x2b,0x20,0x32,0x20,0x2a,0x20,0x73,0x74,0x79,0x6c,
  0x65,0x72,0x2e,0x74,0x68,0x65,0x6d,0x65,0x50,0x61,0x64,0x64,0x69,0x6e,0x67,0x4c,
  0x61,0x72,0x67,0x65,0x20,0x2b,0x20,0x69,0x74,0x65,0x6d,0x43,0x6f,0x6e,0x74,0x2e,
  0x68,0x65,0x69,0x67,0x68,0x74,0xa,0xa,0x20,0x20,0x20,0x20,0x20,0x20,0x20,0x20,
  0x50,0x61,0x67,0x65,0x48,0x65,0x61,0x64,0x65,0x72,0x20,0x7b,0xa,0x20,0x20,0x20,
  0x20,0x20,0x20,0x20,0x20,0x20,0x20,0x20,0x20,0x69,0x64,0x3a,0x20,0x74,0x69,0x74,
  0x6c,0x65,0xa,0x20,0x20,0x20,0x20,0x20,0x20,0x20,0x20,0x20,0x20,0x20,0x20,0x74,
  0x69,0x74,0x6c,0x65,0x3a,0x20,0x70,0x61,0x67,0x65,0x2e,0x74,0x69,0x74,0x6c,0x65,
  0xa,0x20,0x20,0x20,0x20,0x20,0x20,0x20,0x20,0x20,0x20,0x20,0x20,0x76,0x69,0x73,
  0x69,0x62,0x6c,0x65,0x3a,0x20,0x70,0x61,0x67,0x65,0x2e,0x74,0x69,0x74,0x6c,0x65,
  0xa,0x20,0x20,0x20,0x20,0x20,0x20,0x20,0x20,0x7d,0xa,0xa,0x20,0x20,0x20,0x20,
  0x20,0x20,0x20,0x20,0x49,0x74,0x65,0x6d,0x20,0x7b,0xa,0x20,0x20,0x20,0x20,0x20,
  0x20,0x20,0x20,0x20,0x20,0x20,0x20,0x69,0x64,0x3a,0x20,0x69,0x74,0x65,0x6d,0x43,
  0x6f,0x6e,0x74,0xa,0x20,0x20,0x20,0x20,0x20,0x20,0x20,0x20,0x20,0x20,0x20,0x20,
  0x61,0x6e,0x63,0x68,0x6f,0x72,0x73,0x2e,0x68,0x6f,0x72,0x69,0x7a,0x6f,0x6e,0x74,
  0x61,0x6c,0x43,0x65,0x6e,0x74,0x65,0x72,0x3a,0x20,0x70,0x61,0x72,0x65,0x6e,0x74,
  0x2e,0x68,0x6f,0x72,0x69,0x7a,0x6f,0x6e,0x74,0x61,0x6c,0x43,0x65,0x6e,0x74,0x65,
  0x72,0xa,0x20,0x20,0x20,0x20,0x20,0x20,0x20,0x20,0x20,0x20,0x20,0x20,0x61,0x6e,
  0x63,0x68,0x6f,0x72,0x73,0x2e,0x74,0x6f,0x70,0x3a,0x20,0x74,0x69,0x74,0x6c,0x65,
  0x2e,0x62,0x6f,0x74,0x74,0x6f,0x6d,0xa,0x20,0x20,0x20,0x20,0x20,0x20,0x20,0x20,
  0x20,0x20,0x20,0x20,0x61,0x6e,0x63,0x68,0x6f,0x72,0x73,0x2e,0x74,0x6f,0x70,0x4d,
  0x61,0x72,0x67,0x69,0x6e,0x3a,0x20,0x73,0x74,0x79,0x6c,0x65,0x72,0x2e,0x74,0x68,
  0x65,0x6d,0x65,0x50,0x61,0x64,0x64,0x69,0x6e,0x67,0x4c,0x61,0x72,0x67,0x65,0xa,
  0x20,0x20,0x20,0x20,0x20,0x20,0x20,0x20,0x20,0x20,0x20,0x20,0x68,0x65,0x69,0x67,
  0x68,0x74,0x3a,0x20,0x63,0x68,0x69,0x6c,0x64,0x72,0x65,0x6e,0x52,0x65,0x63,0x74,
  0x2e,0x68,0x65,0x69,0x67,0x68,0x74,0xa,0x20,0x20,0x20,0x20,0x20,0x20,0x20,0x20,
  0x20,0x20,0x20,0x20,0x77,0x69,0x64,0x74,0x68,0x3a,0x20,0x70,0x61,0x72,0x65,0x6e,
  0x74,0x2e,0x77,0x69,0x64,0x74,0x68,0xa,0x20,0x20,0x20,0x20,0x20,0x20,0x20,0x20,
  0x7d,0xa,0xa,0x20,0x20,0x20,0x20,0x20,0x20,0x20,0x20,0x4c,0x6f,0x61,0x64,0x65,
  0x72,0x20,0x7b,0xa,0x20,0x20,0x20,0x20,0x20,0x20,0x20,0x20,0x20,0x20,0x20,0x20,
  0x69,0x64,0x3a,0x20,0x6d,0x65,0x6e,0x75,0x4c,0x6f,0x61,0x64,0x65,0x72,0xa,0x20,
  0x20,0x20,0x20,0x20,0x20,0x20,0x20,0x20,0x20,0x20,0x20,0x61,0x63,0x74,0x69,0x76,
  0x65,0x3a,0x20,0x73,0x6f,0x75,0x72,0x63,0x65,0x43,0x6f,0x6d,0x70,0x6f,0x6e,0x65,
  0x6e,0x74,0xa,0x20,0x20,0x20,0x20,0x20,0x20,0x20,0x20,0x20,0x20,0x20,0x20,0x77,
  0x69,0x64,0x74,0x68,0x3a,0x20,0x70,0x61,0x72,0x65,0x6e,0x74,0x2e,0x77,0x69,0x64,
  0x74,0x68,0xa,0x20,0x20,0x20,0x20,0x20,0x20,0x20,0x20,0x7d,0xa,0xa,0x20,0x20,
  0x20,0x20,0x20,0x20,0x20,0x20,0x56,0x65,0x72,0x74,0x69,0x63,0x61,0x6c,0x53,0x63,
  0x72,0x6f,0x6c,0x6c,0x44,0x65,0x63,0x6f,0x72,0x61,0x74,0x6f,0x72,0x20,0x7b,0x20,
  0x66,0x6c,0x69,0x63,0x6b,0x61,0x62,0x6c,0x65,0x3a,0x20,0x66,0x6c,0x69,0x63,0x6b,
  0x61,0x62,0x6c,0x65,0x20,0x7d,0xa,0x20,0x20,0x20,0x20,0x7d,0xa,0xa,0x20,0x20,
  0x20,0x20,0x6f,0x6e,0x53,0x74,0x61,0x74,0x75,0x73,0x43,0x68,0x61,0x6e,0x67,0x65,
  0x64,0x3a,0x20,0x7b,0xa,0x20,0x20,0x20,0x20,0x20,0x20,0x20,0x20,0x69,0x66,0x20,
  0x28,0x70,0x61,0x67,0x65,0x2e,0x73,0x74,0x61,0x74,0x75,0x73,0x20,0x3d,0x3d,0x3d,
  0x20,0x50,0x61,0x67,0x65,0x53,0x74,0x61,0x74,0x75,0x73,0x2e,0x41,0x63,0x74,0x69,
  0x76,0x61,0x74,0x69,0x6e,0x67,0x29,0x20,0x70,0x61,0x67,0x65,0x53,0x74,0x61,0x74,
  0x75,0x73,0x41,0x63,0x74,0x69,0x76,0x61,0x74,0x69,0x6e,0x67,0x28,0x29,0x3b,0xa,
  0x20,0x20,0x20,0x20,0x20,0x20,0x20,0x20,0x65,0x6c,0x73,0x65,0x20,0x69,0x66,0x20,
  0x28,0x70,0x61,0x67,0x65,0x2e,0x73,0x74,0x61,0x74,0x75,0x73,0x20,0x3d,0x3d,0x3d,
  0x20,0x50,0x61,0x67,0x65,0x53,0x74,0x61,0x74,0x75,0x73,0x2e,0x41,0x63,0x74,0x69,
  0x76,0x65,0x29,0x20,0x70,0x61,0x67,0x65,0x53,0x74,0x61,0x74,0x75,0x73,0x41,0x63,
  0x74,0x69,0x76,0x65,0x28,0x29,0x3b,0xa,0x20,0x20,0x20,0x20,0x20,0x20,0x20,0x20,
  0x65,0x6c,0x73,0x65,0x20,0x69,0x66,0x20,0x28,0x70,0x61,0x67,0x65,0x2e,0x73,0x74,
  0x61,0x74,0x75,0x73,0x20,0x3d,0x3d,0x3d,0x20,0x50,0x61,0x67,0x65,0x53,0x74,0x61,
  0x74,0x75,0x73,0x2e,0x49,0x6e,0x61,0x63,0x74,0x69,0x76,0x65,0x29,0x20,0x70,0x61,
  0x67,0x65,0x53,0x74,0x61,0x74,0x75,0x73,0x49,0x6e,0x61,0x63,0x74,0x69,0x76,0x65,
  0x28,0x29,0xa,0x20,0x20,0x20,0x20,0x7d,0xa,0xa,0x20,0x20,0x20,0x20,0x66,0x75,
  0x6e,0x63,0x74,0x69,0x6f,0x6e,0x20,0x73,0x63,0x72,0x6f,0x6c,0x6c,0x54,0x6f,0x54,
  0x6f,0x70,0x28,0x29,0x20,0x7b,0xa,0x20,0x20,0x20,0x20,0x20,0x20,0x20,0x20,0x66,
  0x6c,0x69,0x63,0x6b,0x61,0x62,0x6c,0x65,0x2e,0x73,0x63,0x72,0x6f,0x6c,0x6c,0x54,
  0x6f,0x54,0x6f,0x70,0x28,0x29,0x3b,0xa,0x20,0x20,0x20,0x20,0x7d,0xa,0x7d,0xa,
  
    // /home/oles/sailfish/app-sources/harbour-amazfish/ui/qml/components/platform.silica/PageMenuItemPL.qml
  0x0,0x0,0x3,0x93,
  0x2f,
  0x2a,0x20,0x2d,0x2a,0x2d,0x20,0x63,0x6f,0x64,0x69,0x6e,0x67,0x3a,0x20,0x75,0x74,
  0x66,0x2d,0x38,0x2d,0x75,0x6e,0x69,0x78,0x20,0x2d,0x2a,0x2d,0xa,0x20,0x2a,0xa,
  0x20,0x2a,0x20,0x43,0x6f,0x70,0x79,0x72,0x69,0x67,0x68,0x74,0x20,0x28,0x43,0x29,
  0x20,0x32,0x30,0x31,0x38,0x20,0x52,0x69,0x6e,0x69,0x67,0x75,0x73,0xa,0x20,0x2a,
  0xa,0x20,0x2a,0x20,0x54,0x68,0x69,0x73,0x20,0x70,0x72,0x6f,0x67,0x72,0x61,0x6d,
  0x20,0x69,0x73,0x20,0x66,0x72,0x65,0x65,0x20,0x73,0x6f,0x66,0x74,0x77,0x61,0x72,
  0x65,0x3a,0x20,0x79,0x6f,0x75,0x20,0x63,0x61,0x6e,0x20,0x72,0x65,0x64,0x69,0x73,
  0x74,0x72,0x69,0x62,0x75,0x74,0x65,0x20,0x69,0x74,0x20,0x61,0x6e,0x64,0x2f,0x6f,
  0x72,0x20,0x6d,0x6f,0x64,0x69,0x66,0x79,0xa,0x20,0x2a,0x20,0x69,0x74,0x20,0x75,
  0x6e,0x64,0x65,0x72,0x20,0x74,0x68,0x65,0x20,0x74,0x65,0x72,0x6d,0x73,0x20,0x6f,
  0x66,0x20,0x74,0x68,0x65,0x20,0x47,0x4e,0x55,0x20,0x47,0x65,0x6e,0x65,0x72,0x61,
  0x6c,0x20,0x50,0x75,0x62,0x6c,0x69,0x63,0x20,0x4c,0x69,0x63,0x65,0x6e,0x73,0x65,
  0x20,0x61,0x73,0x20,0x70,0x75,0x62,0x6c,0x69,0x73,0x68,0x65,0x64,0x20,0x62,0x79,
  0xa,0x20,0x2a,0x20,0x74,0x68,0x65,0x20,0x46,0x72,0x65,0x65,0x20,0x53,0x6f,0x66,
  0x74,0x77,0x61,0x72,0x65,0x20,0x46,0x6f,0x75,0x6e,0x64,0x61,0x74,0x69,0x6f,0x6e,
  0x2c,0x20,0x65,0x69,0x74,0x68,0x65,0x72,0x20,0x76,0x65,0x72,0x73,0x69,0x6f,0x6e,
  0x20,0x33,0x20,0x6f,0x66,0x20,0x74,0x68,0x65,0x20,0x4c,0x69,0x63,0x65,0x6e,0x73,
  0x65,0x2c,0x20,0x6f,0x72,0xa,0x20,0x2a,0x20,0x28,0x61,0x74,0x20,0x79,0x6f,0x75,
  0x72,0x20,0x6f,0x70,0x74,0x69,0x6f,0x6e,0x29,0x20,0x61,0x6e,0x79,0x20,0x6c,0x61,
  0x74,0x65,0x72,0x20,0x76,0x65,0x72,0x73,0x69,0x6f,0x6e,0x2e,0xa,0x20,0x2a,0xa,
  0x20,0x2a,0x20,0x54,0x68,0x69,0x73,0x20,0x70,0x72,0x6f,0x67,0x72,0x61,0x6d,0x20,
  0x69,0x73,0x20,0x64,0x69,0x73,0x74,0x72,0x69,0x62,0x75,0x74,0x65,0x64,0x20,0x69,
  0x6e,0x20,0x74,0x68,0x65,0x20,0x68,0x6f,0x70,0x65,0x20,0x74,0x68,0x61,0x74,0x20,
  0x69,0x74,0x20,0x77,0x69,0x6c,0x6c,0x20,0x62,0x65,0x20,0x75,0x73,0x65,0x66,0x75,
  0x6c,0x2c,0xa,0x20,0x2a,0x20,0x62,0x75,0x74,0x20,0x57,0x49,0x54,0x48,0x4f,0x55,
  0x54,0x20,0x41,0x4e,0x59,0x20,0x57,0x41,0x52,0x52,0x41,0x4e,0x54,0x59,0x3b,0x20,
  0x77,0x69,0x74,0x68,0x6f,0x75,0x74,0x20,0x65,0x76,0x65,0x6e,0x20,0x74,0x68,0x65,
  0x20,0x69,0x6d,0x70,0x6c,0x69,0x65,0x64,0x20,0x77,0x61,0x72,0x72,0x61,0x6e,0x74,
  0x79,0x20,0x6f,0x66,0xa,0x20,0x2a,0x20,0x4d,0x45,0x52,0x43,0x48,0x41,0x4e,0x54,
  0x41,0x42,0x49,0x4c,0x49,0x54,0x59,0x20,0x6f,0x72,0x20,0x46,0x49,0x54,0x4e,0x45,
  0x53,0x53,0x20,0x46,0x4f,0x52,0x20,0x41,0x20,0x50,0x41,0x52,0x54,0x49,0x43,0x55,
  0x4c,0x41,0x52,0x20,0x50,0x55,0x52,0x50,0x4f,0x53,0x45,0x2e,0x20,0x20,0x53,0x65,
  0x65,0x20,0x74,0x68,0x65,0xa,0x20,0x2a,0x20,0x47,0x4e,0x55,0x20,0x47,0x65,0x6e,
  0x65,0x72,0x61,0x6c,0x20,0x50,0x75,0x62,0x6c,0x69,0x63,0x20,0x4c,0x69,0x63,0x65,
  0x6e,0x73,0x65,0x20,0x66,0x6f,0x72,0x20,0x6d,0x6f,0x72,0x65,0x20,0x64,0x65,0x74,
  0x61,0x69,0x6c,0x73,0x2e,0xa,0x20,0x2a,0xa,0x20,0x2a,0x20,0x59,0x6f,0x75,0x20,
  0x73,0x68,0x6f,0x75,0x6c,0x64,0x20,0x68,0x61,0x76,0x65,0x20,0x72,0x65,0x63,0x65,
  0x69,0x76,0x65,0x64,0x20,0x61,0x20,0x63,0x6f,0x70,0x79,0x20,0x6f,0x66,0x20,0x74,
  0x68,0x65,0x20,0x47,0x4e,0x55,0x20,0x47,0x65,0x6e,0x65,0x72,0x61,0x6c,0x20,0x50,
  0x75,0x62,0x6c,0x69,0x63,0x20,0x4c,0x69,0x63,0x65,0x6e,0x73,0x65,0xa,0x20,0x2a,
  0x20,0x61,0x6c,0x6f,0x6e,0x67,0x20,0x77,0x69,0x74,0x68,0x20,0x74,0x68,0x69,0x73,
  0x20,0x70,0x72,0x6f,0x67,0x72,0x61,0x6d,0x2e,0x20,0x20,0x49,0x66,0x20,0x6e,0x6f,
  0x74,0x2c,0x20,0x73,0x65,0x65,0x20,0x3c,0x68,0x74,0x74,0x70,0x3a,0x2f,0x2f,0x77,
  0x77,0x77,0x2e,0x67,0x6e,0x75,0x2e,0x6f,0x72,0x67,0x2f,0x6c,0x69,0x63,0x65,0x6e,
  0x73,0x65,0x73,0x2f,0x3e,0x2e,0xa,0x20,0x2a,0x2f,0xa,0xa,0x69,0x6d,0x70,0x6f,
  0x72,0x74,0x20,0x51,0x74,0x51,0x75,0x69,0x63,0x6b,0x20,0x32,0x2e,0x30,0xa,0x69,
  0x6d,0x70,0x6f,0x72,0x74,0x20,0x53,0x61,0x69,0x6c,0x66,0x69,0x73,0x68,0x2e,0x53,
  0x69,0x6c,0x69,0x63,0x61,0x20,0x31,0x2e,0x30,0xa,0xa,0x4d,0x65,0x6e,0x75,0x49,
  0x74,0x65,0x6d,0x20,0x7b,0xa,0x20,0x20,0x20,0x20,0x70,0x72,0x6f,0x70,0x65,0x72,
  0x74,0x79,0x20,0x73,0x74,0x72,0x69,0x6e,0x67,0x20,0x69,0x63,0x6f,0x6e,0x4e,0x61,
  0x6d,0x65,0x20,0x20,0x2f,0x2f,0x20,0x63,0x6f,0x6d,0x70,0x61,0x74,0x69,0x62,0x69,
  0x6c,0x69,0x74,0x79,0x20,0x77,0x69,0x74,0x68,0x20,0x6f,0x74,0x68,0x65,0x72,0x20,
  0x70,0x6c,0x61,0x74,0x66,0x6f,0x72,0x6d,0x73,0xa,0x20,0x20,0x20,0x20,0x70,0x72,
  0x6f,0x70,0x65,0x72,0x74,0x79,0x20,0x73,0x74,0x72,0x69,0x6e,0x67,0x20,0x69,0x63,
  0x6f,0x6e,0x53,0x6f,0x75,0x72,0x63,0x65,0x20,0x20,0x2f,0x2f,0x20,0x63,0x6f,0x6d,
  0x70,0x61,0x74,0x69,0x62,0x69,0x6c,0x69,0x74,0x79,0x20,0x77,0x69,0x74,0x68,0x20,
  0x6f,0x74,0x68,0x65,0x72,0x20,0x70,0x6c,0x61,0x74,0x66,0x6f,0x72,0x6d,0x73,0xa,
  0x7d,0xa,
    // /home/oles/sailfish/app-sources/harbour-amazfish/ui/qml/components/platform.silica/TextAreaPL.qml
  0x0,0x0,0x3,0x47,
  0x2f,
  0x2a,0x20,0x2d,0x2a,0x2d,0x20,0x63,0x6f,0x64,0x69,0x6e,0x67,0x3a,0x20,0x75,0x74,
  0x66,0x2d,0x38,0x2d,0x75,0x6e,0x69,0x78,0x20,0x2d,0x2a,0x2d,0xa,0x20,0x2a,0xa,
  0x20,0x2a,0x20,0x43,0x6f,0x70,0x79,0x72,0x69,0x67,0x68,0x74,0x20,0x28,0x43,0x29,
  0x20,0x32,0x30,0x31,0x38,0x20,0x52,0x69,0x6e,0x69,0x67,0x75,0x73,0xa,0x20,0x2a,
  0xa,0x20,0x2a,0x20,0x54,0x68,0x69,0x73,0x20,0x70,0x72,0x6f,0x67,0x72,0x61,0x6d,
  0x20,0x69,0x73,0x20,0x66,0x72,0x65,0x65,0x20,0x73,0x6f,0x66,0x74,0x77,0x61,0x72,
  0x65,0x3a,0x20,0x79,0x6f,0x75,0x20,0x63,0x61,0x6e,0x20,0x72,0x65,0x64,0x69,0x73,
  0x74,0x72,0x69,0x62,0x75,0x74,0x65,0x20,0x69,0x74,0x20,0x61,0x6e,0x64,0x2f,0x6f,
  0x72,0x20,0x6d,0x6f,0x64,0x69,0x66,0x79,0xa,0x20,0x2a,0x20,0x69,0x74,0x20,0x75,
  0x6e,0x64,0x65,0x72,0x20,0x74,0x68,0x65,0x20,0x74,0x65,0x72,0x6d,0x73,0x20,0x6f,
  0x66,0x20,0x74,0x68,0x65,0x20,0x47,0x4e,0x55,0x20,0x47,0x65,0x6e,0x65,0x72,0x61,
  0x6c,0x20,0x50,0x75,0x62,0x6c,0x69,0x63,0x20,0x4c,0x69,0x63,0x65,0x6e,0x73,0x65,
  0x20,0x61,0x73,0x20,0x70,0x75,0x62,0x6c,0x69,0x73,0x68,0x65,0x64,0x20,0x62,0x79,
  0xa,0x20,0x2a,0x20,0x74,0x68,0x65,0x20,0x46,0x72,0x65,0x65,0x20,0x53,0x6f,0x66,
  0x74,0x77,0x61,0x72,0x65,0x20,0x46,0x6f,0x75,0x6e,0x64,0x61,0x74,0x69,0x6f,0x6e,
  0x2c,0x20,0x65,0x69,0x74,0x68,0x65,0x72,0x20,0x76,0x65,0x72,0x73,0x69,0x6f,0x6e,
  0x20,0x33,0x20,0x6f,0x66,0x20,0x74,0x68,0x65,0x20,0x4c,0x69,0x63,0x65,0x6e,0x73,
  0x65,0x2c,0x20,0x6f,0x72,0xa,0x20,0x2a,0x20,0x28,0x61,0x74,0x20,0x79,0x6f,0x75,
  0x72,0x20,0x6f,0x70,0x74,0x69,0x6f,0x6e,0x29,0x20,0x61,0x6e,0x79,0x20,0x6c,0x61,
  0x74,0x65,0x72,0x20,0x76,0x65,0x72,0x73,0x69,0x6f,0x6e,0x2e,0xa,0x20,0x2a,0xa,
  0x20,0x2a,0x20,0x54,0x68,0x69,0x73,0x20,0x70,0x72,0x6f,0x67,0x72,0x61,0x6d,0x20,
  0x69,0x73,0x20,0x64,0x69,0x73,0x74,0x72,0x69,0x62,0x75,0x74,0x65,0x64,0x20,0x69,
  0x6e,0x20,0x74,0x68,0x65,0x20,0x68,0x6f,0x70,0x65,0x20,0x74,0x68,0x61,0x74,0x20,
  0x69,0x74,0x20,0x77,0x69,0x6c,0x6c,0x20,0x62,0x65,0x20,0x75,0x73,0x65,0x66,0x75,
  0x6c,0x2c,0xa,0x20,0x2a,0x20,0x62,0x75,0x74,0x20,0x57,0x49,0x54,0x48,0x4f,0x55,
  0x54,0x20,0x41,0x4e,0x59,0x20,0x57,0x41,0x52,0x52,0x41,0x4e,0x54,0x59,0x3b,0x20,
  0x77,0x69,0x74,0x68,0x6f,0x75,0x74,0x20,0x65,0x76,0x65,0x6e,0x20,0x74,0x68,0x65,
  0x20,0x69,0x6d,0x70,0x6c,0x69,0x65,0x64,0x20,0x77,0x61,0x72,0x72,0x61,0x6e,0x74,
  0x79,0x20,0x6f,0x66,0xa,0x20,0x2a,0x20,0x4d,0x45,0x52,0x43,0x48,0x41,0x4e,0x54,
  0x41,0x42,0x49,0x4c,0x49,0x54,0x59,0x20,0x6f,0x72,0x20,0x46,0x49,0x54,0x4e,0x45,
  0x53,0x53,0x20,0x46,0x4f,0x52,0x20,0x41,0x20,0x50,0x41,0x52,0x54,0x49,0x43,0x55,
  0x4c,0x41,0x52,0x20,0x50,0x55,0x52,0x50,0x4f,0x53,0x45,0x2e,0x20,0x20,0x53,0x65,
  0x65,0x20,0x74,0x68,0x65,0xa,0x20,0x2a,0x20,0x47,0x4e,0x55,0x20,0x47,0x65,0x6e,
  0x65,0x72,0x61,0x6c,0x20,0x50,0x75,0x62,0x6c,0x69,0x63,0x20,0x4c,0x69,0x63,0x65,
  0x6e,0x73,0x65,0x20,0x66,0x6f,0x72,0x20,0x6d,0x6f,0x72,0x65,0x20,0x64,0x65,0x74,
  0x61,0x69,0x6c,0x73,0x2e,0xa,0x20,0x2a,0xa,0x20,0x2a,0x20,0x59,0x6f,0x75,0x20,
  0x73,0x68,0x6f,0x75,0x6c,0x64,0x20,0x68,0x61,0x76,0x65,0x20,0x72,0x65,0x63,0x65,
  0x69,0x76,0x65,0x64,0x20,0x61,0x20,0x63,0x6f,0x70,0x79,0x20,0x6f,0x66,0x20,0x74,
  0x68,0x65,0x20,0x47,0x4e,0x55,0x20,0x47,0x65,0x6e,0x65,0x72,0x61,0x6c,0x20,0x50,
  0x75,0x62,0x6c,0x69,0x63,0x20,0x4c,0x69,0x63,0x65,0x6e,0x73,0x65,0xa,0x20,0x2a,
  0x20,0x61,0x6c,0x6f,0x6e,0x67,0x20,0x77,0x69,0x74,0x68,0x20,0x74,0x68,0x69,0x73,
  0x20,0x70,0x72,0x6f,0x67,0x72,0x61,0x6d,0x2e,0x20,0x20,0x49,0x66,0x20,0x6e,0x6f,
  0x74,0x2c,0x20,0x73,0x65,0x65,0x20,0x3c,0x68,0x74,0x74,0x70,0x3a,0x2f,0x2f,0x77,
  0x77,0x77,0x2e,0x67,0x6e,0x75,0x2e,0x6f,0x72,0x67,0x2f,0x6c,0x69,0x63,0x65,0x6e,
  0x73,0x65,0x73,0x2f,0x3e,0x2e,0xa,0x20,0x2a,0x2f,0xa,0xa,0x69,0x6d,0x70,0x6f,
  0x72,0x74,0x20,0x51,0x74,0x51,0x75,0x69,0x63,0x6b,0x20,0x32,0x2e,0x30,0xa,0x69,
  0x6d,0x70,0x6f,0x72,0x74,0x20,0x53,0x61,0x69,0x6c,0x66,0x69,0x73,0x68,0x2e,0x53,
  0x69,0x6c,0x69,0x63,0x61,0x20,0x31,0x2e,0x30,0xa,0xa,0x54,0x65,0x78,0x74,0x41,
  0x72,0x65,0x61,0x20,0x7b,0xa,0x20,0x20,0x20,0x20,0x61,0x6e,0x63,0x68,0x6f,0x72,
  0x73,0x2e,0x6c,0x65,0x66,0x74,0x3a,0x20,0x70,0x61,0x72,0x65,0x6e,0x74,0x2e,0x6c,
  0x65,0x66,0x74,0xa,0x20,0x20,0x20,0x20,0x61,0x6e,0x63,0x68,0x6f,0x72,0x73,0x2e,
  0x72,0x69,0x67,0x68,0x74,0x3a,0x20,0x70,0x61,0x72,0x65,0x6e,0x74,0x2e,0x72,0x69,
  0x67,0x68,0x74,0xa,0x7d,0xa,
    // /home/oles/sailfish/app-sources/harbour-amazfish/ui/qml/components/platform.silica/ExpandingSectionPL.qml
  0x0,0x0,0x3,0x11,
  0x2f,
  0x2a,0x20,0x2d,0x2a,0x2d,0x20,0x63,0x6f,0x64,0x69,0x6e,0x67,0x3a,0x20,0x75,0x74,
  0x66,0x2d,0x38,0x2d,0x75,0x6e,0x69,0x78,0x20,0x2d,0x2a,0x2d,0xa,0x20,0x2a,0xa,
  0x20,0x2a,0x20,0x43,0x6f,0x70,0x79,0x72,0x69,0x67,0x68,0x74,0x20,0x28,0x43,0x29,
  0x20,0x32,0x30,0x31,0x38,0x20,0x52,0x69,0x6e,0x69,0x67,0x75,0x73,0xa,0x20,0x2a,
  0xa,0x20,0x2a,0x20,0x54,0x68,0x69,0x73,0x20,0x70,0x72,0x6f,0x67,0x72,0x61,0x6d,
  0x20,0x69,0x73,0x20,0x66,0x72,0x65,0x65,0x20,0x73,0x6f,0x66,0x74,0x77,0x61,0x72,
  0x65,0x3a,0x20,0x79,0x6f,0x75,0x20,0x63,0x61,0x6e,0x20,0x72,0x65,0x64,0x69,0x73,
  0x74,0x72,0x69,0x62,0x75,0x74,0x65,0x20,0x69,0x74,0x20,0x61,0x6e,0x64,0x2f,0x6f,
  0x72,0x20,0x6d,0x6f,0x64,0x69,0x66,0x79,0xa,0x20,0x2a,0x20,0x69,0x74,0x20,0x75,
  0x6e,0x64,0x65,0x72,0x20,0x74,0x68,0x65,0x20,0x74,0x65,0x72,0x6d,0x73,0x20,0x6f,
  0x66,0x20,0x74,0x68,0x65,0x20,0x47,0x4e,0x55,0x20,0x47,0x65,0x6e,0x65,0x72,0x61,
  0x6c,0x20,0x50,0x75,0x62,0x6c,0x69,0x63,0x20,0x4c,0x69,0x63,0x65,0x6e,0x73,0x65,
  0x20,0x61,0x73,0x20,0x70,0x75,0x62,0x6c,0x69,0x73,0x68,0x65,0x64,0x20,0x62,0x79,
  0xa,0x20,0x2a,0x20,0x74,0x68,0x65,0x20,0x46,0x72,0x65,0x65,0x20,0x53,0x6f,0x66,
  0x74,0x77,0x61,0x72,0x65,0x20,0x46,0x6f,0x75,0x6e,0x64,0x61,0x74,0x69,0x6f,0x6e,
  0x2c,0x20,0x65,0x69,0x74,0x68,0x65,0x72,0x20,0x76,0x65,0x72,0x73,0x69,0x6f,0x6e,
  0x20,0x33,0x20,0x6f,0x66,0x20,0x74,0x68,0x65,0x20,0x4c,0x69,0x63,0x65,0x6e,0x73,
  0x65,0x2c,0x20,0x6f,0x72,0xa,0x20,0x2a,0x20,0x28,0x61,0x74,0x20,0x79,0x6f,0x75,
  0x72,0x20,0x6f,0x70,0x74,0x69,0x6f,0x6e,0x29,0x20,0x61,0x6e,0x79,0x20,0x6c,0x61,
  0x74,0x65,0x72,0x20,0x76,0x65,0x72,0x73,0x69,0x6f,0x6e,0x2e,0xa,0x20,0x2a,0xa,
  0x20,0x2a,0x20,0x54,0x68,0x69,0x73,0x20,0x70,0x72,0x6f,0x67,0x72,0x61,0x6d,0x20,
  0x69,0x73,0x20,0x64,0x69,0x73,0x74,0x72,0x69,0x62,0x75,0x74,0x65,0x64,0x20,0x69,
  0x6e,0x20,0x74,0x68,0x65,0x20,0x68,0x6f,0x70,0x65,0x20,0x74,0x68,0x61,0x74,0x20,
  0x69,0x74,0x20,0x77,0x69,0x6c,0x6c,0x20,0x62,0x65,0x20,0x75,0x73,0x65,0x66,0x75,
  0x6c,0x2c,0xa,0x20,0x2a,0x20,0x62,0x75,0x74,0x20,0x57,0x49,0x54,0x48,0x4f,0x55,
  0x54,0x20,0x41,0x4e,0x59,0x20,0x57,0x41,0x52,0x52,0x41,0x4e,0x54,0x59,0x3b,0x20,
  0x77,0x69,0x74,0x68,0x6f,0x75,0x74,0x20,0x65,0x76,0x65,0x6e,0x20,0x74,0x68,0x65,
  0x20,0x69,0x6d,0x70,0x6c,0x69,0x65,0x64,0x20,0x77,0x61,0x72,0x72,0x61,0x6e,0x74,
  0x79,0x20,0x6f,0x66,0xa,0x20,0x2a,0x20,0x4d,0x45,0x52,0x43,0x48,0x41,0x4e,0x54,
  0x41,0x42,0x49,0x4c,0x49,0x54,0x59,0x20,0x6f,0x72,0x20,0x46,0x49,0x54,0x4e,0x45,
  0x53,0x53,0x20,0x46,0x4f,0x52,0x20,0x41,0x20,0x50,0x41,0x52,0x54,0x49,0x43,0x55,
  0x4c,0x41,0x52,0x20,0x50,0x55,0x52,0x50,0x4f,0x53,0x45,0x2e,0x20,0x20,0x53,0x65,
  0x65,0x20,0x74,0x68,0x65,0xa,0x20,0x2a,0x20,0x47,0x4e,0x55,0x20,0x47,0x65,0x6e,
  0x65,0x72,0x61,0x6c,0x20,0x50,0x75,0x62,0x6c,0x69,0x63,0x20,0x4c,0x69,0x63,0x65,
  0x6e,0x73,0x65,0x20,0x66,0x6f,0x72,0x20,0x6d,0x6f,0x72,0x65,0x20,0x64,0x65,0x74,
  0x61,0x69,0x6c,0x73,0x2e,0xa,0x20,0x2a,0xa,0x20,0x2a,0x20,0x59,0x6f,0x75,0x20,
  0x73,0x68,0x6f,0x75,0x6c,0x64,0x20,0x68,0x61,0x76,0x65,0x20,0x72,0x65,0x63,0x65,
  0x69,0x76,0x65,0x64,0x20,0x61,0x20,0x63,0x6f,0x70,0x79,0x20,0x6f,0x66,0x20,0x74,
  0x68,0x65,0x20,0x47,0x4e,0x55,0x20,0x47,0x65,0x6e,0x65,0x72,0x61,0x6c,0x20,0x50,
  0x75,0x62,0x6c,0x69,0x63,0x20,0x4c,0x69,0x63,0x65,0x6e,0x73,0x65,0xa,0x20,0x2a,
  0x20,0x61,0x6c,0x6f,0x6e,0x67,0x20,0x77,0x69,0x74,0x68,0x20,0x74,0x68,0x69,0x73,
  0x20,0x70,0x72,0x6f,0x67,0x72,0x61,0x6d,0x2e,0x20,0x20,0x49,0x66,0x20,0x6e,0x6f,
  0x74,0x2c,0x20,0x73,0x65,0x65,0x20,0x3c,0x68,0x74,0x74,0x70,0x3a,0x2f,0x2f,0x77,
  0x77,0x77,0x2e,0x67,0x6e,0x75,0x2e,0x6f,0x72,0x67,0x2f,0x6c,0x69,0x63,0x65,0x6e,
  0x73,0x65,0x73,0x2f,0x3e,0x2e,0xa,0x20,0x2a,0x2f,0xa,0xa,0x69,0x6d,0x70,0x6f,
  0x72,0x74,0x20,0x51,0x74,0x51,0x75,0x69,0x63,0x6b,0x20,0x32,0x2e,0x30,0xa,0x69,
  0x6d,0x70,0x6f,0x72,0x74,0x20,0x53,0x61,0x69,0x6c,0x66,0x69,0x73,0x68,0x2e,0x53,
  0x69,0x6c,0x69,0x63,0x61,0x20,0x31,0x2e,0x30,0xa,0xa,0x45,0x78,0x70,0x61,0x6e,
  0x64,0x69,0x6e,0x67,0x53,0x65,0x63,0x74,0x69,0x6f,0x6e,0x20,0x7b,0xa,0x7d,0xa,
  
    // /home/oles/sailfish/app-sources/harbour-amazfish/ui/qml/components/platform.silica/StackPL.qml
  0x0,0x0,0x7,0x77,
  0x2f,
  0x2a,0x20,0x2d,0x2a,0x2d,0x20,0x63,0x6f,0x64,0x69,0x6e,0x67,0x3a,0x20,0x75,0x74,
  0x66,0x2d,0x38,0x2d,0x75,0x6e,0x69,0x78,0x20,0x2d,0x2a,0x2d,0xa,0x20,0x2a,0xa,
  0x20,0x2a,0x20,0x43,0x6f,0x70,0x79,0x72,0x69,0x67,0x68,0x74,0x20,0x28,0x43,0x29,
  0x20,0x32,0x30,0x31,0x38,0x20,0x52,0x69,0x6e,0x69,0x67,0x75,0x73,0xa,0x20,0x2a,
  0xa,0x20,0x2a,0x20,0x54,0x68,0x69,0x73,0x20,0x70,0x72,0x6f,0x67,0x72,0x61,0x6d,
  0x20,0x69,0x73,0x20,0x66,0x72,0x65,0x65,0x20,0x73,0x6f,0x66,0x74,0x77,0x61,0x72,
  0x65,0x3a,0x20,0x79,0x6f,0x75,0x20,0x63,0x61,0x6e,0x20,0x72,0x65,0x64,0x69,0x73,
  0x74,0x72,0x69,0x62,0x75,0x74,0x65,0x20,0x69,0x74,0x20,0x61,0x6e,0x64,0x2f,0x6f,
  0x72,0x20,0x6d,0x6f,0x64,0x69,0x66,0x79,0xa,0x20,0x2a,0x20,0x69,0x74,0x20,0x75,
  0x6e,0x64,0x65,0x72,0x20,0x74,0x68,0x65,0x20,0x74,0x65,0x72,0x6d,0x73,0x20,0x6f,
  0x66,0x20,0x74,0x68,0x65,0x20,0x47,0x4e,0x55,0x20,0x47,0x65,0x6e,0x65,0x72,0x61,
  0x6c,0x20,0x50,0x75,0x62,0x6c,0x69,0x63,0x20,0x4c,0x69,0x63,0x65,0x6e,0x73,0x65,
  0x20,0x61,0x73,0x20,0x70,0x75,0x62,0x6c,0x69,0x73,0x68,0x65,0x64,0x20,0x62,0x79,
  0xa,0x20,0x2a,0x20,0x74,0x68,0x65,0x20,0x46,0x72,0x65,0x65,0x20,0x53,0x6f,0x66,
  0x74,0x77,0x61,0x72,0x65,0x20,0x46,0x6f,0x75,0x6e,0x64,0x61,0x74,0x69,0x6f,0x6e,
  0x2c,0x20,0x65,0x69,0x74,0x68,0x65,0x72,0x20,0x76,0x65,0x72,0x73,0x69,0x6f,0x6e,
  0x20,0x33,0x20,0x6f,0x66,0x20,0x74,0x68,0x65,0x20,0x4c,0x69,0x63,0x65,0x6e,0x73,
  0x65,0x2c,0x20,0x6f,0x72,0xa,0x20,0x2a,0x20,0x28,0x61,0x74,0x20,0x79,0x6f,0x75,
  0x72,0x20,0x6f,0x70,0x74,0x69,0x6f,0x6e,0x29,0x20,0x61,0x6e,0x79,0x20,0x6c,0x61,
  0x74,0x65,0x72,0x20,0x76,0x65,0x72,0x73,0x69,0x6f,0x6e,0x2e,0xa,0x20,0x2a,0xa,
  0x20,0x2a,0x20,0x54,0x68,0x69,0x73,0x20,0x70,0x72,0x6f,0x67,0x72,0x61,0x6d,0x20,
  0x69,0x73,0x20,0x64,0x69,0x73,0x74,0x72,0x69,0x62,0x75,0x74,0x65,0x64,0x20,0x69,
  0x6e,0x20,0x74,0x68,0x65,0x20,0x68,0x6f,0x70,0x65,0x20,0x74,0x68,0x61,0x74,0x20,
  0x69,0x74,0x20,0x77,0x69,0x6c,0x6c,0x20,0x62,0x65,0x20,0x75,0x73,0x65,0x66,0x75,
  0x6c,0x2c,0xa,0x20,0x2a,0x20,0x62,0x75,0x74,0x20,0x57,0x49,0x54,0x48,0x4f,0x55,
  0x54,0x20,0x41,0x4e,0x59,0x20,0x57,0x41,0x52,0x52,0x41,0x4e,0x54,0x59,0x3b,0x20,
  0x77,0x69,0x74,0x68,0x6f,0x75,0x74,0x20,0x65,0x76,0x65,0x6e,0x20,0x74,0x68,0x65,
  0x20,0x69,0x6d,0x70,0x6c,0x69,0x65,0x64,0x20,0x77,0x61,0x72,0x72,0x61,0x6e,0x74,
  0x79,0x20,0x6f,0x66,0xa,0x20,0x2a,0x20,0x4d,0x45,0x52,0x43,0x48,0x41,0x4e,0x54,
  0x41,0x42,0x49,0x4c,0x49,0x54,0x59,0x20,0x6f,0x72,0x20,0x46,0x49,0x54,0x4e,0x45,
  0x53,0x53,0x20,0x46,0x4f,0x52,0x20,0x41,0x20,0x50,0x41,0x52,0x54,0x49,0x43,0x55,
  0x4c,0x41,0x52,0x20,0x50,0x55,0x52,0x50,0x4f,0x53,0x45,0x2e,0x20,0x20,0x53,0x65,
  0x65,0x20,0x74,0x68,0x65,0xa,0x20,0x2a,0x20,0x47,0x4e,0x55,0x20,0x47,0x65,0x6e,
  0x65,0x72,0x61,0x6c,0x20,0x50,0x75,0x62,0x6c,0x69,0x63,0x20,0x4c,0x69,0x63,0x65,
  0x6e,0x73,0x65,0x20,0x66,0x6f,0x72,0x20,0x6d,0x6f,0x72,0x65,0x20,0x64,0x65,0x74,
  0x61,0x69,0x6c,0x73,0x2e,0xa,0x20,0x2a,0xa,0x20,0x2a,0x20,0x59,0x6f,0x75,0x20,
  0x73,0x68,0x6f,0x75,0x6c,0x64,0x20,0x68,0x61,0x76,0x65,0x20,0x72,0x65,0x63,0x65,
  0x69,0x76,0x65,0x64,0x20,0x61,0x20,0x63,0x6f,0x70,0x79,0x20,0x6f,0x66,0x20,0x74,
  0x68,0x65,0x20,0x47,0x4e,0x55,0x20,0x47,0x65,0x6e,0x65,0x72,0x61,0x6c,0x20,0x50,
  0x75,0x62,0x6c,0x69,0x63,0x20,0x4c,0x69,0x63,0x65,0x6e,0x73,0x65,0xa,0x20,0x2a,
  0x20,0x61,0x6c,0x6f,0x6e,0x67,0x20,0x77,0x69,0x74,0x68,0x20,0x74,0x68,0x69,0x73,
  0x20,0x70,0x72,0x6f,0x67,0x72,0x61,0x6d,0x2e,0x20,0x20,0x49,0x66,0x20,0x6e,0x6f,
  0x74,0x2c,0x20,0x73,0x65,0x65,0x20,0x3c,0x68,0x74,0x74,0x70,0x3a,0x2f,0x2f,0x77,
  0x77,0x77,0x2e,0x67,0x6e,0x75,0x2e,0x6f,0x72,0x67,0x2f,0x6c,0x69,0x63,0x65,0x6e,
  0x73,0x65,0x73,0x2f,0x3e,0x2e,0xa,0x20,0x2a,0x2f,0xa,0xa,0x69,0x6d,0x70,0x6f,
  0x72,0x74,0x20,0x51,0x74,0x51,0x75,0x69,0x63,0x6b,0x20,0x32,0x2e,0x30,0xa,0x69,
  0x6d,0x70,0x6f,0x72,0x74,0x20,0x53,0x61,0x69,0x6c,0x66,0x69,0x73,0x68,0x2e,0x53,
  0x69,0x6c,0x69,0x63,0x61,0x20,0x31,0x2e,0x30,0xa,0xa,0x51,0x74,0x4f,0x62,0x6a,
  0x65,0x63,0x74,0x20,0x7b,0xa,0x20,0x20,0x20,0x20,0x70,0x72,0x6f,0x70,0x65,0x72,
  0x74,0x79,0x20,0x69,0x6e,0x74,0x20,0x63,0x75,0x72,0x72,0x65,0x6e,0x74,0x49,0x6e,
  0x64,0x65,0x78,0x3a,0x20,0x70,0x73,0x2e,0x64,0x65,0x70,0x74,0x68,0x20,0x2d,0x20,
  0x31,0xa,0x20,0x20,0x20,0x20,0x70,0x72,0x6f,0x70,0x65,0x72,0x74,0x79,0x20,0x76,
  0x61,0x72,0x20,0x70,0x73,0x3a,0x20,0x6e,0x75,0x6c,0x6c,0xa,0xa,0x20,0x20,0x20,
  0x20,0x66,0x75,0x6e,0x63,0x74,0x69,0x6f,0x6e,0x20,0x63,0x6f,0x6d,0x70,0x6c,0x65,
  0x74,0x65,0x41,0x6e,0x69,0x6d,0x61,0x74,0x69,0x6f,0x6e,0x28,0x29,0x20,0x7b,0xa,
  0x20,0x20,0x20,0x20,0x20,0x20,0x20,0x20,0x70,0x73,0x2e,0x63,0x6f,0x6d,0x70,0x6c,
  0x65,0x74,0x65,0x41,0x6e,0x69,0x6d,0x61,0x74,0x69,0x6f,0x6e,0x28,0x29,0x3b,0xa,
  0x20,0x20,0x20,0x20,0x7d,0xa,0xa,0x20,0x20,0x20,0x20,0x66,0x75,0x6e,0x63,0x74,
  0x69,0x6f,0x6e,0x20,0x63,0x75,0x72,0x72,0x65,0x6e,0x74,0x50,0x61,0x67,0x65,0x28,
  0x29,0x20,0x7b,0xa,0x20,0x20,0x20,0x20,0x20,0x20,0x20,0x20,0x72,0x65,0x74,0x75,
  0x72,0x6e,0x20,0x70,0x73,0x2e,0x63,0x75,0x72,0x72,0x65,0x6e,0x74,0x50,0x61,0x67,
  0x65,0x3b,0xa,0x20,0x20,0x20,0x20,0x7d,0xa,0xa,0x20,0x20,0x20,0x20,0x66,0x75,
  0x6e,0x63,0x74,0x69,0x6f,0x6e,0x20,0x6e,0x61,0x76,0x69,0x67,0x61,0x74,0x65,0x46,
  0x6f,0x72,0x77,0x61,0x72,0x64,0x28,0x69,0x6d,0x6d,0x65,0x64,0x69,0x61,0x74,0x65,
  0x29,0x20,0x7b,0xa,0x20,0x20,0x20,0x20,0x20,0x20,0x20,0x20,0x72,0x65,0x74,0x75,
  0x72,0x6e,0x20,0x70,0x73,0x2e,0x6e,0x61,0x76,0x69,0x67,0x61,0x74,0x65,0x46,0x6f,
  0x72,0x77,0x61,0x72,0x64,0x28,0x69,0x6d,0x6d,0x65,0x64,0x69,0x61,0x74,0x65,0x20,
  0x3f,0x20,0x50,0x61,0x67,0x65,0x53,0x74,0x61,0x63,0x6b,0x41,0x63,0x74,0x69,0x6f,
  0x6e,0x2e,0x49,0x6d,0x6d,0x65,0x64,0x69,0x61,0x74,0x65,0x20,0x3a,0x20,0x50,0x61,
  0x67,0x65,0x53,0x74,0x61,0x63,0x6b,0x41,0x63,0x74,0x69,0x6f,0x6e,0x2e,0x41,0x6e,
  0x69,0x6d,0x61,0x74,0x65,0x64,0x29,0xa,0x20,0x20,0x20,0x20,0x7d,0xa,0xa,0x20,
  0x20,0x20,0x20,0x66,0x75,0x6e,0x63,0x74,0x69,0x6f,0x6e,0x20,0x6e,0x65,0x78,0x74,
  0x50,0x61,0x67,0x65,0x28,0x29,0x20,0x7b,0xa,0x20,0x20,0x20,0x20,0x20,0x20,0x20,
  0x20,0x72,0x65,0x74,0x75,0x72,0x6e,0x20,0x70,0x73,0x2e,0x6e,0x65,0x78,0x74,0x50,
  0x61,0x67,0x65,0x28,0x29,0x3b,0xa,0x20,0x20,0x20,0x20,0x7d,0xa,0xa,0x20,0x20,
  0x20,0x20,0x66,0x75,0x6e,0x63,0x74,0x69,0x6f,0x6e,0x20,0x70,0x6f,0x70,0x28,0x70,
  0x61,0x67,0x65,0x29,0x20,0x7b,0xa,0x20,0x20,0x20,0x20,0x20,0x20,0x20,0x20,0x69,
  0x66,0x20,0x28,0x70,0x61,0x67,0x65,0x29,0x20,0x70,0x73,0x2e,0x70,0x6f,0x70,0x28,
  0x70,0x61,0x67,0x65,0x29,0x3b,0xa,0x20,0x20,0x20,0x20,0x20,0x20,0x20,0x20,0x65,
  0x6c,0x73,0x65,0x20,0x70,0x73,0x2e,0x70,0x6f,0x70,0x28,0x29,0x3b,0xa,0x20,0x20,
  0x20,0x20,0x7d,0xa,0xa,0x20,0x20,0x20,0x20,0x66,0x75,0x6e,0x63,0x74,0x69,0x6f,
  0x6e,0x20,0x70,0x6f,0x70,0x41,0x74,0x74,0x61,0x63,0x68,0x65,0x64,0x28,0x29,0x20,
  0x7b,0xa,0x20,0x20,0x20,0x20,0x20,0x20,0x20,0x20,0x70,0x73,0x2e,0x70,0x6f,0x70,
  0x41,0x74,0x74,0x61,0x63,0x68,0x65,0x64,0x28,0x29,0x3b,0xa,0x20,0x20,0x20,0x20,
  0x7d,0xa,0xa,0x20,0x20,0x20,0x20,0x66,0x75,0x6e,0x63,0x74,0x69,0x6f,0x6e,0x20,
  0x70,0x72,0x65,0x76,0x69,0x6f,0x75,0x73,0x50,0x61,0x67,0x65,0x28,0x29,0x20,0x7b,
  0xa,0x20,0x20,0x20,0x20,0x20,0x20,0x20,0x20,0x72,0x65,0x74,0x75,0x72,0x6e,0x20,
  0x70,0x73,0x2e,0x70,0x72,0x65,0x76,0x69,0x6f,0x75,0x73,0x50,0x61,0x67,0x65,0x28,
  0x29,0x3b,0xa,0x20,0x20,0x20,0x20,0x7d,0xa,0xa,0x20,0x20,0x20,0x20,0x66,0x75,
  0x6e,0x63,0x74,0x69,0x6f,0x6e,0x20,0x70,0x75,0x73,0x68,0x28,0x70,0x61,0x67,0x65,
  0x2c,0x20,0x6f,0x70,0x74,0x69,0x6f,0x6e,0x73,0x2c,0x20,0x69,0x6d,0x6d,0x65,0x64,
  0x69,0x61,0x74,0x65,0x29,0x20,0x7b,0xa,0x20,0x20,0x20,0x20,0x20,0x20,0x20,0x20,
  0x72,0x65,0x74,0x75,0x72,0x6e,0x20,0x70,0x73,0x2e,0x70,0x75,0x73,0x68,0x28,0x70,
  0x61,0x67,0x65,0x2c,0x20,0x6f,0x70,0x74,0x69,0x6f,0x6e,0x73,0x20,0x3f,0x20,0x6f,
  0x70,0x74,0x69,0x6f,0x6e,0x73,0x20,0x3a,0x20,0x7b,0x7d,0x2c,0x20,0x69,0x6d,0x6d,
  0x65,0x64,0x69,0x61,0x74,0x65,0x20,0x3f,0x20,0x50,0x61,0x67,0x65,0x53,0x74,0x61,
  0x63,0x6b,0x41,0x63,0x74,0x69,0x6f,0x6e,0x2e,0x49,0x6d,0x6d,0x65,0x64,0x69,0x61,
  0x74,0x65,0x20,0x3a,0x20,0x50,0x61,0x67,0x65,0x53,0x74,0x61,0x63,0x6b,0x41,0x63,
  0x74,0x69,0x6f,0x6e,0x2e,0x41,0x6e,0x69,0x6d,0x61,0x74,0x65,0x64,0x29,0x3b,0xa,
  0x20,0x20,0x20,0x20,0x7d,0xa,0xa,0x20,0x20,0x20,0x20,0x66,0x75,0x6e,0x63,0x74,
  0x69,0x6f,0x6e,0x20,0x70,0x75,0x73,0x68,0x41,0x74,0x74,0x61,0x63,0x68,0x65,0x64,
  0x28,0x70,0x61,0x67,0x65,0x2c,0x20,0x6f,0x70,0x74,0x69,0x6f,0x6e,0x73,0x29,0x20,
  0x7b,0xa,0x20,0x20,0x20,0x20,0x20,0x20,0x20,0x20,0x72,0x65,0x74,0x75,0x72,0x6e,
  0x20,0x70,0x73,0x2e,0x70,0x75,0x73,0x68,0x41,0x74,0x74,0x61,0x63,0x68,0x65,0x64,
  0x28,0x70,0x61,0x67,0x65,0x2c,0x20,0x6f,0x70,0x74,0x69,0x6f,0x6e,0x73,0x20,0x3f,
  0x20,0x6f,0x70,0x74,0x69,0x6f,0x6e,0x73,0x20,0x3a,0x20,0x7b,0x7d,0x29,0x3b,0xa,
  0x20,0x20,0x20,0x20,0x7d,0xa,0xa,0x20,0x20,0x20,0x20,0x66,0x75,0x6e,0x63,0x74,
  0x69,0x6f,0x6e,0x20,0x72,0x65,0x70,0x6c,0x61,0x63,0x65,0x28,0x70,0x61,0x67,0x65,
  0x2c,0x20,0x6f,0x70,0x74,0x69,0x6f,0x6e,0x73,0x29,0x20,0x7b,0xa,0x20,0x20,0x20,
  0x20,0x20,0x20,0x20,0x20,0x72,0x65,0x74,0x75,0x72,0x6e,0x20,0x70,0x73,0x2e,0x72,
  0x65,0x70,0x6c,0x61,0x63,0x65,0x28,0x70,0x61,0x67,0x65,0x2c,0x20,0x6f,0x70,0x74,
  0x69,0x6f,0x6e,0x73,0x20,0x3f,0x20,0x6f,0x70,0x74,0x69,0x6f,0x6e,0x73,0x20,0x3a,
  0x20,0x7b,0x7d,0x29,0xa,0x20,0x20,0x20,0x20,0x7d,0xa,0xa,0x20,0x20,0x20,0x20,
  0x66,0x75,0x6e,0x63,0x74,0x69,0x6f,0x6e,0x20,0x73,0x68,0x6f,0x77,0x52,0x6f,0x6f,
  0x74,0x28,0x29,0x20,0x7b,0xa,0x20,0x20,0x20,0x20,0x20,0x20,0x20,0x20,0x70,0x73,
  0x2e,0x63,0x75,0x72,0x72,0x65,0x6e,0x74,0x49,0x6e,0x64,0x65,0x78,0x20,0x3d,0x20,
  0x30,0x3b,0xa,0x20,0x20,0x20,0x20,0x7d,0xa,0xa,0x20,0x20,0x20,0x20,0x66,0x75,
  0x6e,0x63,0x74,0x69,0x6f,0x6e,0x20,0x70,0x72,0x6f,0x63,0x65,0x73,0x73,0x43,0x75,
  0x72,0x72,0x65,0x6e,0x74,0x49,0x74,0x65,0x6d,0x28,0x29,0x20,0x7b,0xa,0x20,0x20,
  0x20,0x20,0x7d,0xa,0x7d,0xa,
    // /home/oles/sailfish/app-sources/harbour-amazfish/ui/qml/components/platform.silica/FileSelectorPL.qml
  0x0,0x0,0x3,0xf6,
  0x2f,
  0x2a,0x20,0x2d,0x2a,0x2d,0x20,0x63,0x6f,0x64,0x69,0x6e,0x67,0x3a,0x20,0x75,0x74,
  0x66,0x2d,0x38,0x2d,0x75,0x6e,0x69,0x78,0x20,0x2d,0x2a,0x2d,0xa,0x20,0x2a,0xa,
  0x20,0x2a,0x20,0x43,0x6f,0x70,0x79,0x72,0x69,0x67,0x68,0x74,0x20,0x28,0x43,0x29,
  0x20,0x32,0x30,0x31,0x38,0x20,0x52,0x69,0x6e,0x69,0x67,0x75,0x73,0xa,0x20,0x2a,
  0xa,0x20,0x2a,0x20,0x54,0x68,0x69,0x73,0x20,0x70,0x72,0x6f,0x67,0x72,0x61,0x6d,
  0x20,0x69,0x73,0x20,0x66,0x72,0x65,0x65,0x20,0x73,0x6f,0x66,0x74,0x77,0x61,0x72,
  0x65,0x3a,0x20,0x79,0x6f,0x75,0x20,0x63,0x61,0x6e,0x20,0x72,0x65,0x64,0x69,0x73,
  0x74,0x72,0x69,0x62,0x75,0x74,0x65,0x20,0x69,0x74,0x20,0x61,0x6e,0x64,0x2f,0x6f,
  0x72,0x20,0x6d,0x6f,0x64,0x69,0x66,0x79,0xa,0x20,0x2a,0x20,0x69,0x74,0x20,0x75,
  0x6e,0x64,0x65,0x72,0x20,0x74,0x68,0x65,0x20,0x74,0x65,0x72,0x6d,0x73,0x20,0x6f,
  0x66,0x20,0x74,0x68,0x65,0x20,0x47,0x4e,0x55,0x20,0x47,0x65,0x6e,0x65,0x72,0x61,
  0x6c,0x20,0x50,0x75,0x62,0x6c,0x69,0x63,0x20,0x4c,0x69,0x63,0x65,0x6e,0x73,0x65,
  0x20,0x61,0x73,0x20,0x70,0x75,0x62,0x6c,0x69,0x73,0x68,0x65,0x64,0x20,0x62,0x79,
  0xa,0x20,0x2a,0x20,0x74,0x68,0x65,0x20,0x46,0x72,0x65,0x65,0x20,0x53,0x6f,0x66,
  0x74,0x77,0x61,0x72,0x65,0x20,0x46,0x6f,0x75,0x6e,0x64,0x61,0x74,0x69,0x6f,0x6e,
  0x2c,0x20,0x65,0x69,0x74,0x68,0x65,0x72,0x20,0x76,0x65,0x72,0x73,0x69,0x6f,0x6e,
  0x20,0x33,0x20,0x6f,0x66,0x20,0x74,0x68,0x65,0x20,0x4c,0x69,0x63,0x65,0x6e,0x73,
  0x65,0x2c,0x20,0x6f,0x72,0xa,0x20,0x2a,0x20,0x28,0x61,0x74,0x20,0x79,0x6f,0x75,
  0x72,0x20,0x6f,0x70,0x74,0x69,0x6f,0x6e,0x29,0x20,0x61,0x6e,0x79,0x20,0x6c,0x61,
  0x74,0x65,0x72,0x20,0x76,0x65,0x72,0x73,0x69,0x6f,0x6e,0x2e,0xa,0x20,0x2a,0xa,
  0x20,0x2a,0x20,0x54,0x68,0x69,0x73,0x20,0x70,0x72,0x6f,0x67,0x72,0x61,0x6d,0x20,
  0x69,0x73,0x20,0x64,0x69,0x73,0x74,0x72,0x69,0x62,0x75,0x74,0x65,0x64,0x20,0x69,
  0x6e,0x20,0x74,0x68,0x65,0x20,0x68,0x6f,0x70,0x65,0x20,0x74,0x68,0x61,0x74,0x20,
  0x69,0x74,0x20,0x77,0x69,0x6c,0x6c,0x20,0x62,0x65,0x20,0x75,0x73,0x65,0x66,0x75,
  0x6c,0x2c,0xa,0x20,0x2a,0x20,0x62,0x75,0x74,0x20,0x57,0x49,0x54,0x48,0x4f,0x55,
  0x54,0x20,0x41,0x4e,0x59,0x20,0x57,0x41,0x52,0x52,0x41,0x4e,0x54,0x59,0x3b,0x20,
  0x77,0x69,0x74,0x68,0x6f,0x75,0x74,0x20,0x65,0x76,0x65,0x6e,0x20,0x74,0x68,0x65,
  0x20,0x69,0x6d,0x70,0x6c,0x69,0x65,0x64,0x20,0x77,0x61,0x72,0x72,0x61,0x6e,0x74,
  0x79,0x20,0x6f,0x66,0xa,0x20,0x2a,0x20,0x4d,0x45,0x52,0x43,0x48,0x41,0x4e,0x54,
  0x41,0x42,0x49,0x4c,0x49,0x54,0x59,0x20,0x6f,0x72,0x20,0x46,0x49,0x54,0x4e,0x45,
  0x53,0x53,0x20,0x46,0x4f,0x52,0x20,0x41,0x20,0x50,0x41,0x52,0x54,0x49,0x43,0x55,
  0x4c,0x41,0x52,0x20,0x50,0x55,0x52,0x50,0x4f,0x53,0x45,0x2e,0x20,0x20,0x53,0x65,
  0x65,0x20,0x74,0x68,0x65,0xa,0x20,0x2a,0x20,0x47,0x4e,0x55,0x20,0x47,0x65,0x6e,
  0x65,0x72,0x61,0x6c,0x20,0x50,0x75,0x62,0x6c,0x69,0x63,0x20,0x4c,0x69,0x63,0x65,
  0x6e,0x73,0x65,0x20,0x66,0x6f,0x72,0x20,0x6d,0x6f,0x72,0x65,0x20,0x64,0x65,0x74,
  0x61,0x69,0x6c,0x73,0x2e,0xa,0x20,0x2a,0xa,0x20,0x2a,0x20,0x59,0x6f,0x75,0x20,
  0x73,0x68,0x6f,0x75,0x6c,0x64,0x20,0x68,0x61,0x76,0x65,0x20,0x72,0x65,0x63,0x65,
  0x69,0x76,0x65,0x64,0x20,0x61,0x20,0x63,0x6f,0x70,0x79,0x20,0x6f,0x66,0x20,0x74,
  0x68,0x65,0x20,0x47,0x4e,0x55,0x20,0x47,0x65,0x6e,0x65,0x72,0x61,0x6c,0x20,0x50,
  0x75,0x62,0x6c,0x69,0x63,0x20,0x4c,0x69,0x63,0x65,0x6e,0x73,0x65,0xa,0x20,0x2a,
  0x20,0x61,0x6c,0x6f,0x6e,0x67,0x20,0x77,0x69,0x74,0x68,0x20,0x74,0x68,0x69,0x73,
  0x20,0x70,0x72,0x6f,0x67,0x72,0x61,0x6d,0x2e,0x20,0x20,0x49,0x66,0x20,0x6e,0x6f,
  0x74,0x2c,0x20,0x73,0x65,0x65,0x20,0x3c,0x68,0x74,0x74,0x70,0x3a,0x2f,0x2f,0x77,
  0x77,0x77,0x2e,0x67,0x6e,0x75,0x2e,0x6f,0x72,0x67,0x2f,0x6c,0x69,0x63,0x65,0x6e,
  0x73,0x65,0x73,0x2f,0x3e,0x2e,0xa,0x20,0x2a,0x2f,0xa,0xa,0x69,0x6d,0x70,0x6f,
  0x72,0x74,0x20,0x51,0x74,0x51,0x75,0x69,0x63,0x6b,0x20,0x32,0x2e,0x30,0xa,0x69,
  0x6d,0x70,0x6f,0x72,0x74,0x20,0x53,0x61,0x69,0x6c,0x66,0x69,0x73,0x68,0x2e,0x53,
  0x69,0x6c,0x69,0x63,0x61,0x20,0x31,0x2e,0x30,0xa,0x69,0x6d,0x70,0x6f,0x72,0x74,
  0x20,0x53,0x61,0x69,0x6c,0x66,0x69,0x73,0x68,0x2e,0x50,0x69,0x63,0x6b,0x65,0x72,
  0x73,0x20,0x31,0x2e,0x30,0xa,0xa,0x46,0x69,0x6c,0x65,0x50,0x69,0x63,0x6b,0x65,
  0x72,0x50,0x61,0x67,0x65,0x20,0x7b,0xa,0x20,0x20,0x20,0x20,0x69,0x64,0x3a,0x20,
  0x70,0x61,0x67,0x65,0xa,0xa,0x20,0x20,0x20,0x20,0x70,0x72,0x6f,0x70,0x65,0x72,
  0x74,0x79,0x20,0x73,0x74,0x72,0x69,0x6e,0x67,0x20,0x73,0x65,0x6c,0x65,0x63,0x74,
  0x65,0x64,0x46,0x69,0x6c,0x65,0x70,0x61,0x74,0x68,0xa,0x20,0x20,0x20,0x20,0x73,
  0x69,0x67,0x6e,0x61,0x6c,0x20,0x73,0x65,0x6c,0x65,0x63,0x74,0x65,0x64,0xa,0xa,
  0x20,0x20,0x20,0x20,0x6f,0x6e,0x53,0x65,0x6c,0x65,0x63,0x74,0x65,0x64,0x43,0x6f,
  0x6e,0x74,0x65,0x6e,0x74,0x50,0x72,0x6f,0x70,0x65,0x72,0x74,0x69,0x65,0x73,0x43,
  0x68,0x61,0x6e,0x67,0x65,0x64,0x3a,0x20,0x7b,0xa,0x20,0x20,0x20,0x20,0x20,0x20,
  0x20,0x20,0x73,0x65,0x6c,0x65,0x63,0x74,0x65,0x64,0x46,0x69,0x6c,0x65,0x70,0x61,
  0x74,0x68,0x20,0x3d,0x20,0x73,0x65,0x6c,0x65,0x63,0x74,0x65,0x64,0x43,0x6f,0x6e,
  0x74,0x65,0x6e,0x74,0x50,0x72,0x6f,0x70,0x65,0x72,0x74,0x69,0x65,0x73,0x2e,0x66,
  0x69,0x6c,0x65,0x50,0x61,0x74,0x68,0x3b,0xa,0x20,0x20,0x20,0x20,0x20,0x20,0x20,
  0x20,0x73,0x65,0x6c,0x65,0x63,0x74,0x65,0x64,0x28,0x29,0x3b,0xa,0x20,0x20,0x20,
  0x20,0x7d,0xa,0x7d,0xa,
    // /home/oles/sailfish/app-sources/harbour-amazfish/ui/qml/components/platform.silica/LabelPL.qml
  0x0,0x0,0x4,0x3,
  0x2f,
  0x2a,0x20,0x2d,0x2a,0x2d,0x20,0x63,0x6f,0x64,0x69,0x6e,0x67,0x3a,0x20,0x75,0x74,
  0x66,0x2d,0x38,0x2d,0x75,0x6e,0x69,0x78,0x20,0x2d,0x2a,0x2d,0xa,0x20,0x2a,0xa,
  0x20,0x2a,0x20,0x43,0x6f,0x70,0x79,0x72,0x69,0x67,0x68,0x74,0x20,0x28,0x43,0x29,
  0x20,0x32,0x30,0x31,0x38,0x20,0x52,0x69,0x6e,0x69,0x67,0x75,0x73,0xa,0x20,0x2a,
  0xa,0x20,0x2a,0x20,0x54,0x68,0x69,0x73,0x20,0x70,0x72,0x6f,0x67,0x72,0x61,0x6d,
  0x20,0x69,0x73,0x20,0x66,0x72,0x65,0x65,0x20,0x73,0x6f,0x66,0x74,0x77,0x61,0x72,
  0x65,0x3a,0x20,0x79,0x6f,0x75,0x20,0x63,0x61,0x6e,0x20,0x72,0x65,0x64,0x69,0x73,
  0x74,0x72,0x69,0x62,0x75,0x74,0x65,0x20,0x69,0x74,0x20,0x61,0x6e,0x64,0x2f,0x6f,
  0x72,0x20,0x6d,0x6f,0x64,0x69,0x66,0x79,0xa,0x20,0x2a,0x20,0x69,0x74,0x20,0x75,
  0x6e,0x64,0x65,0x72,0x20,0x74,0x68,0x65,0x20,0x74,0x65,0x72,0x6d,0x73,0x20,0x6f,
  0x66,0x20,0x74,0x68,0x65,0x20,0x47,0x4e,0x55,0x20,0x47,0x65,0x6e,0x65,0x72,0x61,
  0x6c,0x20,0x50,0x75,0x62,0x6c,0x69,0x63,0x20,0x4c,0x69,0x63,0x65,0x6e,0x73,0x65,
  0x20,0x61,0x73,0x20,0x70,0x75,0x62,0x6c,0x69,0x73,0x68,0x65,0x64,0x20,0x62,0x79,
  0xa,0x20,0x2a,0x20,0x74,0x68,0x65,0x20,0x46,0x72,0x65,0x65,0x20,0x53,0x6f,0x66,
  0x74,0x77,0x61,0x72,0x65,0x20,0x46,0x6f,0x75,0x6e,0x64,0x61,0x74,0x69,0x6f,0x6e,
  0x2c,0x20,0x65,0x69,0x74,0x68,0x65,0x72,0x20,0x76,0x65,0x72,0x73,0x69,0x6f,0x6e,
  0x20,0x33,0x20,0x6f,0x66,0x20,0x74,0x68,0x65,0x20,0x4c,0x69,0x63,0x65,0x6e,0x73,
  0x65,0x2c,0x20,0x6f,0x72,0xa,0x20,0x2a,0x20,0x28,0x61,0x74,0x20,0x79,0x6f,0x75,
  0x72,0x20,0x6f,0x70,0x74,0x69,0x6f,0x6e,0x29,0x20,0x61,0x6e,0x79,0x20,0x6c,0x61,
  0x74,0x65,0x72,0x20,0x76,0x65,0x72,0x73,0x69,0x6f,0x6e,0x2e,0xa,0x20,0x2a,0xa,
  0x20,0x2a,0x20,0x54,0x68,0x69,0x73,0x20,0x70,0x72,0x6f,0x67,0x72,0x61,0x6d,0x20,
  0x69,0x73,0x20,0x64,0x69,0x73,0x74,0x72,0x69,0x62,0x75,0x74,0x65,0x64,0x20,0x69,
  0x6e,0x20,0x74,0x68,0x65,0x20,0x68,0x6f,0x70,0x65,0x20,0x74,0x68,0x61,0x74,0x20,
  0x69,0x74,0x20,0x77,0x69,0x6c,0x6c,0x20,0x62,0x65,0x20,0x75,0x73,0x65,0x66,0x75,
  0x6c,0x2c,0xa,0x20,0x2a,0x20,0x62,0x75,0x74,0x20,0x57,0x49,0x54,0x48,0x4f,0x55,
  0x54,0x20,0x41,0x4e,0x59,0x20,0x57,0x41,0x52,0x52,0x41,0x4e,0x54,0x59,0x3b,0x20,
  0x77,0x69,0x74,0x68,0x6f,0x75,0x74,0x20,0x65,0x76,0x65,0x6e,0x20,0x74,0x68,0x65,
  0x20,0x69,0x6d,0x70,0x6c,0x69,0x65,0x64,0x20,0x77,0x61,0x72,0x72,0x61,0x6e,0x74,
  0x79,0x20,0x6f,0x66,0xa,0x20,0x2a,0x20,0x4d,0x45,0x52,0x43,0x48,0x41,0x4e,0x54,
  0x41,0x42,0x49,0x4c,0x49,0x54,0x59,0x20,0x6f,0x72,0x20,0x46,0x49,0x54,0x4e,0x45,
  0x53,0x53,0x20,0x46,0x4f,0x52,0x20,0x41,0x20,0x50,0x41,0x52,0x54,0x49,0x43,0x55,
  0x4c,0x41,0x52,0x20,0x50,0x55,0x52,0x50,0x4f,0x53,0x45,0x2e,0x20,0x20,0x53,0x65,
  0x65,0x20,0x74,0x68,0x65,0xa,0x20,0x2a,0x20,0x47,0x4e,0x55,0x20,0x47,0x65,0x6e,
  0x65,0x72,0x61,0x6c,0x20,0x50,0x75,0x62,0x6c,0x69,0x63,0x20,0x4c,0x69,0x63,0x65,
  0x6e,0x73,0x65,0x20,0x66,0x6f,0x72,0x20,0x6d,0x6f,0x72,0x65,0x20,0x64,0x65,0x74,
  0x61,0x69,0x6c,0x73,0x2e,0xa,0x20,0x2a,0xa,0x20,0x2a,0x20,0x59,0x6f,0x75,0x20,
  0x73,0x68,0x6f,0x75,0x6c,0x64,0x20,0x68,0x61,0x76,0x65,0x20,0x72,0x65,0x63,0x65,
  0x69,0x76,0x65,0x64,0x20,0x61,0x20,0x63,0x6f,0x70,0x79,0x20,0x6f,0x66,0x20,0x74,
  0x68,0x65,0x20,0x47,0x4e,0x55,0x20,0x47,0x65,0x6e,0x65,0x72,0x61,0x6c,0x20,0x50,
  0x75,0x62,0x6c,0x69,0x63,0x20,0x4c,0x69,0x63,0x65,0x6e,0x73,0x65,0xa,0x20,0x2a,
  0x20,0x61,0x6c,0x6f,0x6e,0x67,0x20,0x77,0x69,0x74,0x68,0x20,0x74,0x68,0x69,0x73,
  0x20,0x70,0x72,0x6f,0x67,0x72,0x61,0x6d,0x2e,0x20,0x20,0x49,0x66,0x20,0x6e,0x6f,
  0x74,0x2c,0x20,0x73,0x65,0x65,0x20,0x3c,0x68,0x74,0x74,0x70,0x3a,0x2f,0x2f,0x77,
  0x77,0x77,0x2e,0x67,0x6e,0x75,0x2e,0x6f,0x72,0x67,0x2f,0x6c,0x69,0x63,0x65,0x6e,
  0x73,0x65,0x73,0x2f,0x3e,0x2e,0xa,0x20,0x2a,0x2f,0xa,0xa,0x69,0x6d,0x70,0x6f,
  0x72,0x74,0x20,0x51,0x74,0x51,0x75,0x69,0x63,0x6b,0x20,0x32,0x2e,0x30,0xa,0x69,
  0x6d,0x70,0x6f,0x72,0x74,0x20,0x53,0x61,0x69,0x6c,0x66,0x69,0x73,0x68,0x2e,0x53,
  0x69,0x6c,0x69,0x63,0x61,0x20,0x31,0x2e,0x30,0xa,0xa,0x4c,0x61,0x62,0x65,0x6c,
  0x20,0x7b,0xa,0x20,0x20,0x20,0x20,0x74,0x72,0x75,0x6e,0x63,0x61,0x74,0x69,0x6f,
  0x6e,0x4d,0x6f,0x64,0x65,0x3a,0x20,0x7b,0xa,0x20,0x20,0x20,0x20,0x20,0x20,0x20,
  0x20,0x69,0x66,0x20,0x28,0x74,0x72,0x75,0x6e,0x63,0x4d,0x6f,0x64,0x65,0x20,0x3d,
  0x3d,0x3d,0x20,0x74,0x72,0x75,0x6e,0x63,0x4d,0x6f,0x64,0x65,0x73,0x2e,0x65,0x6c,
  0x69,0x64,0x65,0x29,0x20,0x72,0x65,0x74,0x75,0x72,0x6e,0x20,0x54,0x72,0x75,0x6e,
  0x63,0x61,0x74,0x69,0x6f,0x6e,0x4d,0x6f,0x64,0x65,0x2e,0x45,0x6c,0x69,0x64,0x65,
  0x3b,0xa,0x20,0x20,0x20,0x20,0x20,0x20,0x20,0x20,0x69,0x66,0x20,0x28,0x74,0x72,
  0x75,0x6e,0x63,0x4d,0x6f,0x64,0x65,0x20,0x3d,0x3d,0x3d,0x20,0x74,0x72,0x75,0x6e,
  0x63,0x4d,0x6f,0x64,0x65,0x73,0x2e,0x66,0x61,0x64,0x65,0x29,0x20,0x72,0x65,0x74,
  0x75,0x72,0x6e,0x20,0x54,0x72,0x75,0x6e,0x63,0x61,0x74,0x69,0x6f,0x6e,0x4d,0x6f,
  0x64,0x65,0x2e,0x46,0x61,0x64,0x65,0x3b,0xa,0x20,0x20,0x20,0x20,0x20,0x20,0x20,
  0x20,0x72,0x65,0x74,0x75,0x72,0x6e,0x20,0x54,0x72,0x75,0x6e,0x63,0x61,0x74,0x69,
  0x6f,0x6e,0x4d,0x6f,0x64,0x65,0x2e,0x4e,0x6f,0x6e,0x65,0x3b,0xa,0x20,0x20,0x20,
  0x20,0x7d,0xa,0xa,0x20,0x20,0x20,0x20,0x70,0x72,0x6f,0x70,0x65,0x72,0x74,0x79,
  0x20,0x69,0x6e,0x74,0x20,0x74,0x72,0x75,0x6e,0x63,0x4d,0x6f,0x64,0x65,0x3a,0x20,
  0x74,0x72,0x75,0x6e,0x63,0x4d,0x6f,0x64,0x65,0x73,0x2e,0x6e,0x6f,0x6e,0x65,0xa,
  0x7d,0xa,
    // /home/oles/sailfish/app-sources/harbour-amazfish/ui/qml/components/platform.silica/ClipboardPL.qml
  0x0,0x0,0x3,0x42,
  0x2f,
  0x2a,0x20,0x2d,0x2a,0x2d,0x20,0x63,0x6f,0x64,0x69,0x6e,0x67,0x3a,0x20,0x75,0x74,
  0x66,0x2d,0x38,0x2d,0x75,0x6e,0x69,0x78,0x20,0x2d,0x2a,0x2d,0xa,0x20,0x2a,0xa,
  0x20,0x2a,0x20,0x43,0x6f,0x70,0x79,0x72,0x69,0x67,0x68,0x74,0x20,0x28,0x43,0x29,
  0x20,0x32,0x30,0x31,0x38,0x20,0x52,0x69,0x6e,0x69,0x67,0x75,0x73,0xa,0x20,0x2a,
  0xa,0x20,0x2a,0x20,0x54,0x68,0x69,0x73,0x20,0x70,0x72,0x6f,0x67,0x72,0x61,0x6d,
  0x20,0x69,0x73,0x20,0x66,0x72,0x65,0x65,0x20,0x73,0x6f,0x66,0x74,0x77,0x61,0x72,
  0x65,0x3a,0x20,0x79,0x6f,0x75,0x20,0x63,0x61,0x6e,0x20,0x72,0x65,0x64,0x69,0x73,
  0x74,0x72,0x69,0x62,0x75,0x74,0x65,0x20,0x69,0x74,0x20,0x61,0x6e,0x64,0x2f,0x6f,
  0x72,0x20,0x6d,0x6f,0x64,0x69,0x66,0x79,0xa,0x20,0x2a,0x20,0x69,0x74,0x20,0x75,
  0x6e,0x64,0x65,0x72,0x20,0x74,0x68,0x65,0x20,0x74,0x65,0x72,0x6d,0x73,0x20,0x6f,
  0x66,0x20,0x74,0x68,0x65,0x20,0x47,0x4e,0x55,0x20,0x47,0x65,0x6e,0x65,0x72,0x61,
  0x6c,0x20,0x50,0x75,0x62,0x6c,0x69,0x63,0x20,0x4c,0x69,0x63,0x65,0x6e,0x73,0x65,
  0x20,0x61,0x73,0x20,0x70,0x75,0x62,0x6c,0x69,0x73,0x68,0x65,0x64,0x20,0x62,0x79,
  0xa,0x20,0x2a,0x20,0x74,0x68,0x65,0x20,0x46,0x72,0x65,0x65,0x20,0x53,0x6f,0x66,
  0x74,0x77,0x61,0x72,0x65,0x20,0x46,0x6f,0x75,0x6e,0x64,0x61,0x74,0x69,0x6f,0x6e,
  0x2c,0x20,0x65,0x69,0x74,0x68,0x65,0x72,0x20,0x76,0x65,0x72,0x73,0x69,0x6f,0x6e,
  0x20,0x33,0x20,0x6f,0x66,0x20,0x74,0x68,0x65,0x20,0x4c,0x69,0x63,0x65,0x6e,0x73,
  0x65,0x2c,0x20,0x6f,0x72,0xa,0x20,0x2a,0x20,0x28,0x61,0x74,0x20,0x79,0x6f,0x75,
  0x72,0x20,0x6f,0x70,0x74,0x69,0x6f,0x6e,0x29,0x20,0x61,0x6e,0x79,0x20,0x6c,0x61,
  0x74,0x65,0x72,0x20,0x76,0x65,0x72,0x73,0x69,0x6f,0x6e,0x2e,0xa,0x20,0x2a,0xa,
  0x20,0x2a,0x20,0x54,0x68,0x69,0x73,0x20,0x70,0x72,0x6f,0x67,0x72,0x61,0x6d,0x20,
  0x69,0x73,0x20,0x64,0x69,0x73,0x74,0x72,0x69,0x62,0x75,0x74,0x65,0x64,0x20,0x69,
  0x6e,0x20,0x74,0x68,0x65,0x20,0x68,0x6f,0x70,0x65,0x20,0x74,0x68,0x61,0x74,0x20,
  0x69,0x74,0x20,0x77,0x69,0x6c,0x6c,0x20,0x62,0x65,0x20,0x75,0x73,0x65,0x66,0x75,
  0x6c,0x2c,0xa,0x20,0x2a,0x20,0x62,0x75,0x74,0x20,0x57,0x49,0x54,0x48,0x4f,0x55,
  0x54,0x20,0x41,0x4e,0x59,0x20,0x57,0x41,0x52,0x52,0x41,0x4e,0x54,0x59,0x3b,0x20,
  0x77,0x69,0x74,0x68,0x6f,0x75,0x74,0x20,0x65,0x76,0x65,0x6e,0x20,0x74,0x68,0x65,
  0x20,0x69,0x6d,0x70,0x6c,0x69,0x65,0x64,0x20,0x77,0x61,0x72,0x72,0x61,0x6e,0x74,
  0x79,0x20,0x6f,0x66,0xa,0x20,0x2a,0x20,0x4d,0x45,0x52,0x43,0x48,0x41,0x4e,0x54,
  0x41,0x42,0x49,0x4c,0x49,0x54,0x59,0x20,0x6f,0x72,0x20,0x46,0x49,0x54,0x4e,0x45,
  0x53,0x53,0x20,0x46,0x4f,0x52,0x20,0x41,0x20,0x50,0x41,0x52,0x54,0x49,0x43,0x55,
  0x4c,0x41,0x52,0x20,0x50,0x55,0x52,0x50,0x4f,0x53,0x45,0x2e,0x20,0x20,0x53,0x65,
  0x65,0x20,0x74,0x68,0x65,0xa,0x20,0x2a,0x20,0x47,0x4e,0x55,0x20,0x47,0x65,0x6e,
  0x65,0x72,0x61,0x6c,0x20,0x50,0x75,0x62,0x6c,0x69,0x63,0x20,0x4c,0x69,0x63,0x65,
  0x6e,0x73,0x65,0x20,0x66,0x6f,0x72,0x20,0x6d,0x6f,0x72,0x65,0x20,0x64,0x65,0x74,
  0x61,0x69,0x6c,0x73,0x2e,0xa,0x20,0x2a,0xa,0x20,0x2a,0x20,0x59,0x6f,0x75,0x20,
  0x73,0x68,0x6f,0x75,0x6c,0x64,0x20,0x68,0x61,0x76,0x65,0x20,0x72,0x65,0x63,0x65,
  0x69,0x76,0x65,0x64,0x20,0x61,0x20,0x63,0x6f,0x70,0x79,0x20,0x6f,0x66,0x20,0x74,
  0x68,0x65,0x20,0x47,0x4e,0x55,0x20,0x47,0x65,0x6e,0x65,0x72,0x61,0x6c,0x20,0x50,
  0x75,0x62,0x6c,0x69,0x63,0x20,0x4c,0x69,0x63,0x65,0x6e,0x73,0x65,0xa,0x20,0x2a,
  0x20,0x61,0x6c,0x6f,0x6e,0x67,0x20,0x77,0x69,0x74,0x68,0x20,0x74,0x68,0x69,0x73,
  0x20,0x70,0x72,0x6f,0x67,0x72,0x61,0x6d,0x2e,0x20,0x20,0x49,0x66,0x20,0x6e,0x6f,
  0x74,0x2c,0x20,0x73,0x65,0x65,0x20,0x3c,0x68,0x74,0x74,0x70,0x3a,0x2f,0x2f,0x77,
  0x77,0x77,0x2e,0x67,0x6e,0x75,0x2e,0x6f,0x72,0x67,0x2f,0x6c,0x69,0x63,0x65,0x6e,
  0x73,0x65,0x73,0x2f,0x3e,0x2e,0xa,0x20,0x2a,0x2f,0xa,0xa,0x69,0x6d,0x70,0x6f,
  0x72,0x74,0x20,0x51,0x74,0x51,0x75,0x69,0x63,0x6b,0x20,0x32,0x2e,0x30,0xa,0x69,
  0x6d,0x70,0x6f,0x72,0x74,0x20,0x53,0x61,0x69,0x6c,0x66,0x69,0x73,0x68,0x2e,0x53,
  0x69,0x6c,0x69,0x63,0x61,0x20,0x31,0x2e,0x30,0xa,0xa,0x51,0x74,0x4f,0x62,0x6a,
  0x65,0x63,0x74,0x20,0x7b,0xa,0x20,0x20,0x20,0x20,0x66,0x75,0x6e,0x63,0x74,0x69,
  0x6f,0x6e,0x20,0x63,0x6f,0x70,0x79,0x28,0x74,0x29,0x20,0x7b,0xa,0x20,0x20,0x20,
  0x20,0x20,0x20,0x20,0x20,0x43,0x6c,0x69,0x70,0x62,0x6f,0x61,0x72,0x64,0x2e,0x74,
  0x65,0x78,0x74,0x20,0x3d,0x20,0x74,0x3b,0xa,0x20,0x20,0x20,0x20,0x7d,0xa,0x7d,
  0xa,
    // /home/oles/sailfish/app-sources/harbour-amazfish/ui/qml/components/platform.silica/MenuDrawerSubmenuItemPL.qml
  0x0,0x0,0x3,0x32,
  0x2f,
  0x2a,0x20,0x2d,0x2a,0x2d,0x20,0x63,0x6f,0x64,0x69,0x6e,0x67,0x3a,0x20,0x75,0x74,
  0x66,0x2d,0x38,0x2d,0x75,0x6e,0x69,0x78,0x20,0x2d,0x2a,0x2d,0xa,0x20,0x2a,0xa,
  0x20,0x2a,0x20,0x43,0x6f,0x70,0x79,0x72,0x69,0x67,0x68,0x74,0x20,0x28,0x43,0x29,
  0x20,0x32,0x30,0x31,0x38,0x20,0x52,0x69,0x6e,0x69,0x67,0x75,0x73,0xa,0x20,0x2a,
  0xa,0x20,0x2a,0x20,0x54,0x68,0x69,0x73,0x20,0x70,0x72,0x6f,0x67,0x72,0x61,0x6d,
  0x20,0x69,0x73,0x20,0x66,0x72,0x65,0x65,0x20,0x73,0x6f,0x66,0x74,0x77,0x61,0x72,
  0x65,0x3a,0x20,0x79,0x6f,0x75,0x20,0x63,0x61,0x6e,0x20,0x72,0x65,0x64,0x69,0x73,
  0x74,0x72,0x69,0x62,0x75,0x74,0x65,0x20,0x69,0x74,0x20,0x61,0x6e,0x64,0x2f,0x6f,
  0x72,0x20,0x6d,0x6f,0x64,0x69,0x66,0x79,0xa,0x20,0x2a,0x20,0x69,0x74,0x20,0x75,
  0x6e,0x64,0x65,0x72,0x20,0x74,0x68,0x65,0x20,0x74,0x65,0x72,0x6d,0x73,0x20,0x6f,
  0x66,0x20,0x74,0x68,0x65,0x20,0x47,0x4e,0x55,0x20,0x47,0x65,0x6e,0x65,0x72,0x61,
  0x6c,0x20,0x50,0x75,0x62,0x6c,0x69,0x63,0x20,0x4c,0x69,0x63,0x65,0x6e,0x73,0x65,
  0x20,0x61,0x73,0x20,0x70,0x75,0x62,0x6c,0x69,0x73,0x68,0x65,0x64,0x20,0x62,0x79,
  0xa,0x20,0x2a,0x20,0x74,0x68,0x65,0x20,0x46,0x72,0x65,0x65,0x20,0x53,0x6f,0x66,
  0x74,0x77,0x61,0x72,0x65,0x20,0x46,0x6f,0x75,0x6e,0x64,0x61,0x74,0x69,0x6f,0x6e,
  0x2c,0x20,0x65,0x69,0x74,0x68,0x65,0x72,0x20,0x76,0x65,0x72,0x73,0x69,0x6f,0x6e,
  0x20,0x33,0x20,0x6f,0x66,0x20,0x74,0x68,0x65,0x20,0x4c,0x69,0x63,0x65,0x6e,0x73,
  0x65,0x2c,0x20,0x6f,0x72,0xa,0x20,0x2a,0x20,0x28,0x61,0x74,0x20,0x79,0x6f,0x75,
  0x72,0x20,0x6f,0x70,0x74,0x69,0x6f,0x6e,0x29,0x20,0x61,0x6e,0x79,0x20,0x6c,0x61,
  0x74,0x65,0x72,0x20,0x76,0x65,0x72,0x73,0x69,0x6f,0x6e,0x2e,0xa,0x20,0x2a,0xa,
  0x20,0x2a,0x20,0x54,0x68,0x69,0x73,0x20,0x70,0x72,0x6f,0x67,0x72,0x61,0x6d,0x20,
  0x69,0x73,0x20,0x64,0x69,0x73,0x74,0x72,0x69,0x62,0x75,0x74,0x65,0x64,0x20,0x69,
  0x6e,0x20,0x74,0x68,0x65,0x20,0x68,0x6f,0x70,0x65,0x20,0x74,0x68,0x61,0x74,0x20,
  0x69,0x74,0x20,0x77,0x69,0x6c,0x6c,0x20,0x62,0x65,0x20,0x75,0x73,0x65,0x66,0x75,
  0x6c,0x2c,0xa,0x20,0x2a,0x20,0x62,0x75,0x74,0x20,0x57,0x49,0x54,0x48,0x4f,0x55,
  0x54,0x20,0x41,0x4e,0x59,0x20,0x57,0x41,0x52,0x52,0x41,0x4e,0x54,0x59,0x3b,0x20,
  0x77,0x69,0x74,0x68,0x6f,0x75,0x74,0x20,0x65,0x76,0x65,0x6e,0x20,0x74,0x68,0x65,
  0x20,0x69,0x6d,0x70,0x6c,0x69,0x65,0x64,0x20,0x77,0x61,0x72,0x72,0x61,0x6e,0x74,
  0x79,0x20,0x6f,0x66,0xa,0x20,0x2a,0x20,0x4d,0x45,0x52,0x43,0x48,0x41,0x4e,0x54,
  0x41,0x42,0x49,0x4c,0x49,0x54,0x59,0x20,0x6f,0x72,0x20,0x46,0x49,0x54,0x4e,0x45,
  0x53,0x53,0x20,0x46,0x4f,0x52,0x20,0x41,0x20,0x50,0x41,0x52,0x54,0x49,0x43,0x55,
  0x4c,0x41,0x52,0x20,0x50,0x55,0x52,0x50,0x4f,0x53,0x45,0x2e,0x20,0x20,0x53,0x65,
  0x65,0x20,0x74,0x68,0x65,0xa,0x20,0x2a,0x20,0x47,0x4e,0x55,0x20,0x47,0x65,0x6e,
  0x65,0x72,0x61,0x6c,0x20,0x50,0x75,0x62,0x6c,0x69,0x63,0x20,0x4c,0x69,0x63,0x65,
  0x6e,0x73,0x65,0x20,0x66,0x6f,0x72,0x20,0x6d,0x6f,0x72,0x65,0x20,0x64,0x65,0x74,
  0x61,0x69,0x6c,0x73,0x2e,0xa,0x20,0x2a,0xa,0x20,0x2a,0x20,0x59,0x6f,0x75,0x20,
  0x73,0x68,0x6f,0x75,0x6c,0x64,0x20,0x68,0x61,0x76,0x65,0x20,0x72,0x65,0x63,0x65,
  0x69,0x76,0x65,0x64,0x20,0x61,0x20,0x63,0x6f,0x70,0x79,0x20,0x6f,0x66,0x20,0x74,
  0x68,0x65,0x20,0x47,0x4e,0x55,0x20,0x47,0x65,0x6e,0x65,0x72,0x61,0x6c,0x20,0x50,
  0x75,0x62,0x6c,0x69,0x63,0x20,0x4c,0x69,0x63,0x65,0x6e,0x73,0x65,0xa,0x20,0x2a,
  0x20,0x61,0x6c,0x6f,0x6e,0x67,0x20,0x77,0x69,0x74,0x68,0x20,0x74,0x68,0x69,0x73,
  0x20,0x70,0x72,0x6f,0x67,0x72,0x61,0x6d,0x2e,0x20,0x20,0x49,0x66,0x20,0x6e,0x6f,
  0x74,0x2c,0x20,0x73,0x65,0x65,0x20,0x3c,0x68,0x74,0x74,0x70,0x3a,0x2f,0x2f,0x77,
  0x77,0x77,0x2e,0x67,0x6e,0x75,0x2e,0x6f,0x72,0x67,0x2f,0x6c,0x69,0x63,0x65,0x6e,
  0x73,0x65,0x73,0x2f,0x3e,0x2e,0xa,0x20,0x2a,0x2f,0xa,0xa,0x69,0x6d,0x70,0x6f,
  0x72,0x74,0x20,0x51,0x74,0x51,0x75,0x69,0x63,0x6b,0x20,0x32,0x2e,0x30,0xa,0xa,
  0x49,0x74,0x65,0x6d,0x20,0x7b,0xa,0x20,0x20,0x20,0x20,0x70,0x72,0x6f,0x70,0x65,
  0x72,0x74,0x79,0x20,0x62,0x6f,0x6f,0x6c,0x20,0x20,0x20,0x63,0x68,0x65,0x63,0x6b,
  0x65,0x64,0xa,0x20,0x20,0x20,0x20,0x70,0x72,0x6f,0x70,0x65,0x72,0x74,0x79,0x20,
  0x73,0x74,0x72,0x69,0x6e,0x67,0x20,0x74,0x65,0x78,0x74,0xa,0x20,0x20,0x20,0x20,
  0x73,0x69,0x67,0x6e,0x61,0x6c,0x20,0x63,0x6c,0x69,0x63,0x6b,0x65,0x64,0xa,0x7d,
  0xa,
    // /home/oles/sailfish/app-sources/harbour-amazfish/ui/qml/components/platform.silica/ContextMenuPL.qml
  0x0,0x0,0x3,0x4d,
  0x2f,
  0x2a,0x20,0x2d,0x2a,0x2d,0x20,0x63,0x6f,0x64,0x69,0x6e,0x67,0x3a,0x20,0x75,0x74,
  0x66,0x2d,0x38,0x2d,0x75,0x6e,0x69,0x78,0x20,0x2d,0x2a,0x2d,0xa,0x20,0x2a,0xa,
  0x20,0x2a,0x20,0x43,0x6f,0x70,0x79,0x72,0x69,0x67,0x68,0x74,0x20,0x28,0x43,0x29,
  0x20,0x32,0x30,0x31,0x38,0x20,0x52,0x69,0x6e,0x69,0x67,0x75,0x73,0xa,0x20,0x2a,
  0xa,0x20,0x2a,0x20,0x54,0x68,0x69,0x73,0x20,0x70,0x72,0x6f,0x67,0x72,0x61,0x6d,
  0x20,0x69,0x73,0x20,0x66,0x72,0x65,0x65,0x20,0x73,0x6f,0x66,0x74,0x77,0x61,0x72,
  0x65,0x3a,0x20,0x79,0x6f,0x75,0x20,0x63,0x61,0x6e,0x20,0x72,0x65,0x64,0x69,0x73,
  0x74,0x72,0x69,0x62,0x75,0x74,0x65,0x20,0x69,0x74,0x20,0x61,0x6e,0x64,0x2f,0x6f,
  0x72,0x20,0x6d,0x6f,0x64,0x69,0x66,0x79,0xa,0x20,0x2a,0x20,0x69,0x74,0x20,0x75,
  0x6e,0x64,0x65,0x72,0x20,0x74,0x68,0x65,0x20,0x74,0x65,0x72,0x6d,0x73,0x20,0x6f,
  0x66,0x20,0x74,0x68,0x65,0x20,0x47,0x4e,0x55,0x20,0x47,0x65,0x6e,0x65,0x72,0x61,
  0x6c,0x20,0x50,0x75,0x62,0x6c,0x69,0x63,0x20,0x4c,0x69,0x63,0x65,0x6e,0x73,0x65,
  0x20,0x61,0x73,0x20,0x70,0x75,0x62,0x6c,0x69,0x73,0x68,0x65,0x64,0x20,0x62,0x79,
  0xa,0x20,0x2a,0x20,0x74,0x68,0x65,0x20,0x46,0x72,0x65,0x65,0x20,0x53,0x6f,0x66,
  0x74,0x77,0x61,0x72,0x65,0x20,0x46,0x6f,0x75,0x6e,0x64,0x61,0x74,0x69,0x6f,0x6e,
  0x2c,0x20,0x65,0x69,0x74,0x68,0x65,0x72,0x20,0x76,0x65,0x72,0x73,0x69,0x6f,0x6e,
  0x20,0x33,0x20,0x6f,0x66,0x20,0x74,0x68,0x65,0x20,0x4c,0x69,0x63,0x65,0x6e,0x73,
  0x65,0x2c,0x20,0x6f,0x72,0xa,0x20,0x2a,0x20,0x28,0x61,0x74,0x20,0x79,0x6f,0x75,
  0x72,0x20,0x6f,0x70,0x74,0x69,0x6f,0x6e,0x29,0x20,0x61,0x6e,0x79,0x20,0x6c,0x61,
  0x74,0x65,0x72,0x20,0x76,0x65,0x72,0x73,0x69,0x6f,0x6e,0x2e,0xa,0x20,0x2a,0xa,
  0x20,0x2a,0x20,0x54,0x68,0x69,0x73,0x20,0x70,0x72,0x6f,0x67,0x72,0x61,0x6d,0x20,
  0x69,0x73,0x20,0x64,0x69,0x73,0x74,0x72,0x69,0x62,0x75,0x74,0x65,0x64,0x20,0x69,
  0x6e,0x20,0x74,0x68,0x65,0x20,0x68,0x6f,0x70,0x65,0x20,0x74,0x68,0x61,0x74,0x20,
  0x69,0x74,0x20,0x77,0x69,0x6c,0x6c,0x20,0x62,0x65,0x20,0x75,0x73,0x65,0x66,0x75,
  0x6c,0x2c,0xa,0x20,0x2a,0x20,0x62,0x75,0x74,0x20,0x57,0x49,0x54,0x48,0x4f,0x55,
  0x54,0x20,0x41,0x4e,0x59,0x20,0x57,0x41,0x52,0x52,0x41,0x4e,0x54,0x59,0x3b,0x20,
  0x77,0x69,0x74,0x68,0x6f,0x75,0x74,0x20,0x65,0x76,0x65,0x6e,0x20,0x74,0x68,0x65,
  0x20,0x69,0x6d,0x70,0x6c,0x69,0x65,0x64,0x20,0x77,0x61,0x72,0x72,0x61,0x6e,0x74,
  0x79,0x20,0x6f,0x66,0xa,0x20,0x2a,0x20,0x4d,0x45,0x52,0x43,0x48,0x41,0x4e,0x54,
  0x41,0x42,0x49,0x4c,0x49,0x54,0x59,0x20,0x6f,0x72,0x20,0x46,0x49,0x54,0x4e,0x45,
  0x53,0x53,0x20,0x46,0x4f,0x52,0x20,0x41,0x20,0x50,0x41,0x52,0x54,0x49,0x43,0x55,
  0x4c,0x41,0x52,0x20,0x50,0x55,0x52,0x50,0x4f,0x53,0x45,0x2e,0x20,0x20,0x53,0x65,
  0x65,0x20,0x74,0x68,0x65,0xa,0x20,0x2a,0x20,0x47,0x4e,0x55,0x20,0x47,0x65,0x6e,
  0x65,0x72,0x61,0x6c,0x20,0x50,0x75,0x62,0x6c,0x69,0x63,0x20,0x4c,0x69,0x63,0x65,
  0x6e,0x73,0x65,0x20,0x66,0x6f,0x72,0x20,0x6d,0x6f,0x72,0x65,0x20,0x64,0x65,0x74,
  0x61,0x69,0x6c,0x73,0x2e,0xa,0x20,0x2a,0xa,0x20,0x2a,0x20,0x59,0x6f,0x75,0x20,
  0x73,0x68,0x6f,0x75,0x6c,0x64,0x20,0x68,0x61,0x76,0x65,0x20,0x72,0x65,0x63,0x65,
  0x69,0x76,0x65,0x64,0x20,0x61,0x20,0x63,0x6f,0x70,0x79,0x20,0x6f,0x66,0x20,0x74,
  0x68,0x65,0x20,0x47,0x4e,0x55,0x20,0x47,0x65,0x6e,0x65,0x72,0x61,0x6c,0x20,0x50,
  0x75,0x62,0x6c,0x69,0x63,0x20,0x4c,0x69,0x63,0x65,0x6e,0x73,0x65,0xa,0x20,0x2a,
  0x20,0x61,0x6c,0x6f,0x6e,0x67,0x20,0x77,0x69,0x74,0x68,0x20,0x74,0x68,0x69,0x73,
  0x20,0x70,0x72,0x6f,0x67,0x72,0x61,0x6d,0x2e,0x20,0x20,0x49,0x66,0x20,0x6e,0x6f,
  0x74,0x2c,0x20,0x73,0x65,0x65,0x20,0x3c,0x68,0x74,0x74,0x70,0x3a,0x2f,0x2f,0x77,
  0x77,0x77,0x2e,0x67,0x6e,0x75,0x2e,0x6f,0x72,0x67,0x2f,0x6c,0x69,0x63,0x65,0x6e,
  0x73,0x65,0x73,0x2f,0x3e,0x2e,0xa,0x20,0x2a,0x2f,0xa,0xa,0x69,0x6d,0x70,0x6f,
  0x72,0x74,0x20,0x51,0x74,0x51,0x75,0x69,0x63,0x6b,0x20,0x32,0x2e,0x30,0xa,0x69,
  0x6d,0x70,0x6f,0x72,0x74,0x20,0x53,0x61,0x69,0x6c,0x66,0x69,0x73,0x68,0x2e,0x53,
  0x69,0x6c,0x69,0x63,0x61,0x20,0x31,0x2e,0x30,0xa,0xa,0x43,0x6f,0x6e,0x74,0x65,
  0x78,0x74,0x4d,0x65,0x6e,0x75,0x20,0x7b,0xa,0x20,0x20,0x20,0x20,0x68,0x61,0x73,
  0x43,0x6f,0x6e,0x74,0x65,0x6e,0x74,0x3a,0x20,0x65,0x6e,0x61,0x62,0x6c,0x65,0x64,
  0x20,0x26,0x26,0x20,0x63,0x68,0x69,0x6c,0x64,0x72,0x65,0x6e,0x2e,0x6c,0x65,0x6e,
  0x67,0x74,0x68,0x20,0x3e,0x20,0x30,0xa,0x20,0x20,0x20,0x20,0x65,0x6e,0x61,0x62,
  0x6c,0x65,0x64,0x3a,0x20,0x74,0x72,0x75,0x65,0xa,0x7d,0xa,
    // /home/oles/sailfish/app-sources/harbour-amazfish/ui/qml/components/platform.silica/MenuDrawerPL.qml
  0x0,0x0,0x4,0xe,
  0x2f,
  0x2a,0x20,0x2d,0x2a,0x2d,0x20,0x63,0x6f,0x64,0x69,0x6e,0x67,0x3a,0x20,0x75,0x74,
  0x66,0x2d,0x38,0x2d,0x75,0x6e,0x69,0x78,0x20,0x2d,0x2a,0x2d,0xa,0x20,0x2a,0xa,
  0x20,0x2a,0x20,0x43,0x6f,0x70,0x79,0x72,0x69,0x67,0x68,0x74,0x20,0x28,0x43,0x29,
  0x20,0x32,0x30,0x31,0x38,0x2d,0x32,0x30,0x31,0x39,0x20,0x52,0x69,0x6e,0x69,0x67,
  0x75,0x73,0x2c,0x20,0x32,0x30,0x31,0x39,0x20,0x50,0x75,0x72,0x69,0x73,0x6d,0x20,
  0x53,0x50,0x43,0xa,0x20,0x2a,0xa,0x20,0x2a,0x20,0x54,0x68,0x69,0x73,0x20,0x70,
  0x72,0x6f,0x67,0x72,0x61,0x6d,0x20,0x69,0x73,0x20,0x66,0x72,0x65,0x65,0x20,0x73,
  0x6f,0x66,0x74,0x77,0x61,0x72,0x65,0x3a,0x20,0x79,0x6f,0x75,0x20,0x63,0x61,0x6e,
  0x20,0x72,0x65,0x64,0x69,0x73,0x74,0x72,0x69,0x62,0x75,0x74,0x65,0x20,0x69,0x74,
  0x20,0x61,0x6e,0x64,0x2f,0x6f,0x72,0x20,0x6d,0x6f,0x64,0x69,0x66,0x79,0xa,0x20,
  0x2a,0x20,0x69,0x74,0x20,0x75,0x6e,0x64,0x65,0x72,0x20,0x74,0x68,0x65,0x20,0x74,
  0x65,0x72,0x6d,0x73,0x20,0x6f,0x66,0x20,0x74,0x68,0x65,0x20,0x47,0x4e,0x55,0x20,
  0x47,0x65,0x6e,0x65,0x72,0x61,0x6c,0x20,0x50,0x75,0x62,0x6c,0x69,0x63,0x20,0x4c,
  0x69,0x63,0x65,0x6e,0x73,0x65,0x20,0x61,0x73,0x20,0x70,0x75,0x62,0x6c,0x69,0x73,
  0x68,0x65,0x64,0x20,0x62,0x79,0xa,0x20,0x2a,0x20,0x74,0x68,0x65,0x20,0x46,0x72,
  0x65,0x65,0x20,0x53,0x6f,0x66,0x74,0x77,0x61,0x72,0x65,0x20,0x46,0x6f,0x75,0x6e,
  0x64,0x61,0x74,0x69,0x6f,0x6e,0x2c,0x20,0x65,0x69,0x74,0x68,0x65,0x72,0x20,0x76,
  0x65,0x72,0x73,0x69,0x6f,0x6e,0x20,0x33,0x20,0x6f,0x66,0x20,0x74,0x68,0x65,0x20,
  0x4c,0x69,0x63,0x65,0x6e,0x73,0x65,0x2c,0x20,0x6f,0x72,0xa,0x20,0x2a,0x20,0x28,
  0x61,0x74,0x20,0x79,0x6f,0x75,0x72,0x20,0x6f,0x70,0x74,0x69,0x6f,0x6e,0x29,0x20,
  0x61,0x6e,0x79,0x20,0x6c,0x61,0x74,0x65,0x72,0x20,0x76,0x65,0x72,0x73,0x69,0x6f,
  0x6e,0x2e,0xa,0x20,0x2a,0xa,0x20,0x2a,0x20,0x54,0x68,0x69,0x73,0x20,0x70,0x72,
  0x6f,0x67,0x72,0x61,0x6d,0x20,0x69,0x73,0x20,0x64,0x69,0x73,0x74,0x72,0x69,0x62,
  0x75,0x74,0x65,0x64,0x20,0x69,0x6e,0x20,0x74,0x68,0x65,0x20,0x68,0x6f,0x70,0x65,
  0x20,0x74,0x68,0x61,0x74,0x20,0x69,0x74,0x20,0x77,0x69,0x6c,0x6c,0x20,0x62,0x65,
  0x20,0x75,0x73,0x65,0x66,0x75,0x6c,0x2c,0xa,0x20,0x2a,0x20,0x62,0x75,0x74,0x20,
  0x57,0x49,0x54,0x48,0x4f,0x55,0x54,0x20,0x41,0x4e,0x59,0x20,0x57,0x41,0x52,0x52,
  0x41,0x4e,0x54,0x59,0x3b,0x20,0x77,0x69,0x74,0x68,0x6f,0x75,0x74,0x20,0x65,0x76,
  0x65,0x6e,0x20,0x74,0x68,0x65,0x20,0x69,0x6d,0x70,0x6c,0x69,0x65,0x64,0x20,0x77,
  0x61,0x72,0x72,0x61,0x6e,0x74,0x79,0x20,0x6f,0x66,0xa,0x20,0x2a,0x20,0x4d,0x45,
  0x52,0x43,0x48,0x41,0x4e,0x54,0x41,0x42,0x49,0x4c,0x49,0x54,0x59,0x20,0x6f,0x72,
  0x20,0x46,0x49,0x54,0x4e,0x45,0x53,0x53,0x20,0x46,0x4f,0x52,0x20,0x41,0x20,0x50,
  0x41,0x52,0x54,0x49,0x43,0x55,0x4c,0x41,0x52,0x20,0x50,0x55,0x52,0x50,0x4f,0x53,
  0x45,0x2e,0x20,0x20,0x53,0x65,0x65,0x20,0x74,0x68,0x65,0xa,0x20,0x2a,0x20,0x47,
  0x4e,0x55,0x20,0x47,0x65,0x6e,0x65,0x72,0x61,0x6c,0x20,0x50,0x75,0x62,0x6c,0x69,
  0x63,0x20,0x4c,0x69,0x63,0x65,0x6e,0x73,0x65,0x20,0x66,0x6f,0x72,0x20,0x6d,0x6f,
  0x72,0x65,0x20,0x64,0x65,0x74,0x61,0x69,0x6c,0x73,0x2e,0xa,0x20,0x2a,0xa,0x20,
  0x2a,0x20,0x59,0x6f,0x75,0x20,0x73,0x68,0x6f,0x75,0x6c,0x64,0x20,0x68,0x61,0x76,
  0x65,0x20,0x72,0x65,0x63,0x65,0x69,0x76,0x65,0x64,0x20,0x61,0x20,0x63,0x6f,0x70,
  0x79,0x20,0x6f,0x66,0x20,0x74,0x68,0x65,0x20,0x47,0x4e,0x55,0x20,0x47,0x65,0x6e,
  0x65,0x72,0x61,0x6c,0x20,0x50,0x75,0x62,0x6c,0x69,0x63,0x20,0x4c,0x69,0x63,0x65,
  0x6e,0x73,0x65,0xa,0x20,0x2a,0x20,0x61,0x6c,0x6f,0x6e,0x67,0x20,0x77,0x69,0x74,
  0x68,0x20,0x74,0x68,0x69,0x73,0x20,0x70,0x72,0x6f,0x67,0x72,0x61,0x6d,0x2e,0x20,
  0x20,0x49,0x66,0x20,0x6e,0x6f,0x74,0x2c,0x20,0x73,0x65,0x65,0x20,0x3c,0x68,0x74,
  0x74,0x70,0x3a,0x2f,0x2f,0x77,0x77,0x77,0x2e,0x67,0x6e,0x75,0x2e,0x6f,0x72,0x67,
  0x2f,0x6c,0x69,0x63,0x65,0x6e,0x73,0x65,0x73,0x2f,0x3e,0x2e,0xa,0x20,0x2a,0x2f,
  0xa,0xa,0x69,0x6d,0x70,0x6f,0x72,0x74,0x20,0x51,0x74,0x51,0x75,0x69,0x63,0x6b,
  0x20,0x32,0x2e,0x30,0xa,0x69,0x6d,0x70,0x6f,0x72,0x74,0x20,0x22,0x2e,0x22,0xa,
  0xa,0x50,0x61,0x67,0x65,0x50,0x4c,0x20,0x7b,0xa,0x20,0x20,0x20,0x20,0x69,0x64,
  0x3a,0x20,0x6d,0x65,0x6e,0x75,0xa,0xa,0x20,0x20,0x20,0x20,0x70,0x72,0x6f,0x70,
  0x65,0x72,0x74,0x79,0x20,0x73,0x74,0x72,0x69,0x6e,0x67,0x20,0x20,0x20,0x20,0x20,
  0x20,0x20,0x20,0x20,0x62,0x61,0x6e,0x6e,0x65,0x72,0x20,0x2f,0x2f,0x20,0x61,0x64,
  0x64,0x65,0x64,0x20,0x66,0x6f,0x72,0x20,0x63,0x6f,0x6d,0x70,0x61,0x74,0x69,0x62,
  0x69,0x6c,0x69,0x74,0x79,0xa,0x20,0x20,0x20,0x20,0x64,0x65,0x66,0x61,0x75,0x6c,
  0x74,0x20,0x70,0x72,0x6f,0x70,0x65,0x72,0x74,0x79,0x20,0x61,0x6c,0x69,0x61,0x73,
  0x20,0x20,0x63,0x6f,0x6e,0x74,0x65,0x6e,0x74,0x3a,0x20,0x63,0x6f,0x6c,0x75,0x6d,
  0x6e,0x2e,0x64,0x61,0x74,0x61,0xa,0x20,0x20,0x20,0x20,0x70,0x72,0x6f,0x70,0x65,
  0x72,0x74,0x79,0x20,0x73,0x74,0x72,0x69,0x6e,0x67,0x20,0x20,0x20,0x20,0x20,0x20,
  0x20,0x20,0x20,0x74,0x69,0x74,0x6c,0x65,0x49,0x63,0x6f,0x6e,0x20,0x2f,0x2f,0x20,
  0x61,0x64,0x64,0x65,0x64,0x20,0x66,0x6f,0x72,0x20,0x63,0x6f,0x6d,0x70,0x61,0x74,
  0x69,0x62,0x69,0x6c,0x69,0x74,0x79,0xa,0xa,0x20,0x20,0x20,0x20,0x43,0x6f,0x6c,
  0x75,0x6d,0x6e,0x20,0x7b,0xa,0x20,0x20,0x20,0x20,0x20,0x20,0x20,0x20,0x69,0x64,
  0x3a,0x20,0x63,0x6f,0x6c,0x75,0x6d,0x6e,0xa,0x20,0x20,0x20,0x20,0x20,0x20,0x20,
  0x20,0x77,0x69,0x64,0x74,0x68,0x3a,0x20,0x70,0x61,0x72,0x65,0x6e,0x74,0x2e,0x77,
  0x69,0x64,0x74,0x68,0xa,0x20,0x20,0x20,0x20,0x7d,0xa,0x7d,0xa,
    // /home/oles/sailfish/app-sources/harbour-amazfish/ui/qml/components/platform.silica/TextFieldPL.qml
  0x0,0x0,0xa,0xf,
  0x2f,
  0x2a,0x20,0x2d,0x2a,0x2d,0x20,0x63,0x6f,0x64,0x69,0x6e,0x67,0x3a,0x20,0x75,0x74,
  0x66,0x2d,0x38,0x2d,0x75,0x6e,0x69,0x78,0x20,0x2d,0x2a,0x2d,0xa,0x20,0x2a,0xa,
  0x20,0x2a,0x20,0x43,0x6f,0x70,0x79,0x72,0x69,0x67,0x68,0x74,0x20,0x28,0x43,0x29,
  0x20,0x32,0x30,0x31,0x38,0x20,0x52,0x69,0x6e,0x69,0x67,0x75,0x73,0xa,0x20,0x2a,
  0xa,0x20,0x2a,0x20,0x54,0x68,0x69,0x73,0x20,0x70,0x72,0x6f,0x67,0x72,0x61,0x6d,
  0x20,0x69,0x73,0x20,0x66,0x72,0x65,0x65,0x20,0x73,0x6f,0x66,0x74,0x77,0x61,0x72,
  0x65,0x3a,0x20,0x79,0x6f,0x75,0x20,0x63,0x61,0x6e,0x20,0x72,0x65,0x64,0x69,0x73,
  0x74,0x72,0x69,0x62,0x75,0x74,0x65,0x20,0x69,0x74,0x20,0x61,0x6e,0x64,0x2f,0x6f,
  0x72,0x20,0x6d,0x6f,0x64,0x69,0x66,0x79,0xa,0x20,0x2a,0x20,0x69,0x74,0x20,0x75,
  0x6e,0x64,0x65,0x72,0x20,0x74,0x68,0x65,0x20,0x74,0x65,0x72,0x6d,0x73,0x20,0x6f,
  0x66,0x20,0x74,0x68,0x65,0x20,0x47,0x4e,0x55,0x20,0x47,0x65,0x6e,0x65,0x72,0x61,
  0x6c,0x20,0x50,0x75,0x62,0x6c,0x69,0x63,0x20,0x4c,0x69,0x63,0x65,0x6e,0x73,0x65,
  0x20,0x61,0x73,0x20,0x70,0x75,0x62,0x6c,0x69,0x73,0x68,0x65,0x64,0x20,0x62,0x79,
  0xa,0x20,0x2a,0x20,0x74,0x68,0x65,0x20,0x46,0x72,0x65,0x65,0x20,0x53,0x6f,0x66,
  0x74,0x77,0x61,0x72,0x65,0x20,0x46,0x6f,0x75,0x6e,0x64,0x61,0x74,0x69,0x6f,0x6e,
  0x2c,0x20,0x65,0x69,0x74,0x68,0x65,0x72,0x20,0x76,0x65,0x72,0x73,0x69,0x6f,0x6e,
  0x20,0x33,0x20,0x6f,0x66,0x20,0x74,0x68,0x65,0x20,0x4c,0x69,0x63,0x65,0x6e,0x73,
  0x65,0x2c,0x20,0x6f,0x72,0xa,0x20,0x2a,0x20,0x28,0x61,0x74,0x20,0x79,0x6f,0x75,
  0x72,0x20,0x6f,0x70,0x74,0x69,0x6f,0x6e,0x29,0x20,0x61,0x6e,0x79,0x20,0x6c,0x61,
  0x74,0x65,0x72,0x20,0x76,0x65,0x72,0x73,0x69,0x6f,0x6e,0x2e,0xa,0x20,0x2a,0xa,
  0x20,0x2a,0x20,0x54,0x68,0x69,0x73,0x20,0x70,0x72,0x6f,0x67,0x72,0x61,0x6d,0x20,
  0x69,0x73,0x20,0x64,0x69,0x73,0x74,0x72,0x69,0x62,0x75,0x74,0x65,0x64,0x20,0x69,
  0x6e,0x20,0x74,0x68,0x65,0x20,0x68,0x6f,0x70,0x65,0x20,0x74,0x68,0x61,0x74,0x20,
  0x69,0x74,0x20,0x77,0x69,0x6c,0x6c,0x20,0x62,0x65,0x20,0x75,0x73,0x65,0x66,0x75,
  0x6c,0x2c,0xa,0x20,0x2a,0x20,0x62,0x75,0x74,0x20,0x57,0x49,0x54,0x48,0x4f,0x55,
  0x54,0x20,0x41,0x4e,0x59,0x20,0x57,0x41,0x52,0x52,0x41,0x4e,0x54,0x59,0x3b,0x20,
  0x77,0x69,0x74,0x68,0x6f,0x75,0x74,0x20,0x65,0x76,0x65,0x6e,0x20,0x74,0x68,0x65,
  0x20,0x69,0x6d,0x70,0x6c,0x69,0x65,0x64,0x20,0x77,0x61,0x72,0x72,0x61,0x6e,0x74,
  0x79,0x20,0x6f,0x66,0xa,0x20,0x2a,0x20,0x4d,0x45,0x52,0x43,0x48,0x41,0x4e,0x54,
  0x41,0x42,0x49,0x4c,0x49,0x54,0x59,0x20,0x6f,0x72,0x20,0x46,0x49,0x54,0x4e,0x45,
  0x53,0x53,0x20,0x46,0x4f,0x52,0x20,0x41,0x20,0x50,0x41,0x52,0x54,0x49,0x43,0x55,
  0x4c,0x41,0x52,0x20,0x50,0x55,0x52,0x50,0x4f,0x53,0x45,0x2e,0x20,0x20,0x53,0x65,
  0x65,0x20,0x74,0x68,0x65,0xa,0x20,0x2a,0x20,0x47,0x4e,0x55,0x20,0x47,0x65,0x6e,
  0x65,0x72,0x61,0x6c,0x20,0x50,0x75,0x62,0x6c,0x69,0x63,0x20,0x4c,0x69,0x63,0x65,
  0x6e,0x73,0x65,0x20,0x66,0x6f,0x72,0x20,0x6d,0x6f,0x72,0x65,0x20,0x64,0x65,0x74,
  0x61,0x69,0x6c,0x73,0x2e,0xa,0x20,0x2a,0xa,0x20,0x2a,0x20,0x59,0x6f,0x75,0x20,
  0x73,0x68,0x6f,0x75,0x6c,0x64,0x20,0x68,0x61,0x76,0x65,0x20,0x72,0x65,0x63,0x65,
  0x69,0x76,0x65,0x64,0x20,0x61,0x20,0x63,0x6f,0x70,0x79,0x20,0x6f,0x66,0x20,0x74,
  0x68,0x65,0x20,0x47,0x4e,0x55,0x20,0x47,0x65,0x6e,0x65,0x72,0x61,0x6c,0x20,0x50,
  0x75,0x62,0x6c,0x69,0x63,0x20,0x4c,0x69,0x63,0x65,0x6e,0x73,0x65,0xa,0x20,0x2a,
  0x20,0x61,0x6c,0x6f,0x6e,0x67,0x20,0x77,0x69,0x74,0x68,0x20,0x74,0x68,0x69,0x73,
  0x20,0x70,0x72,0x6f,0x67,0x72,0x61,0x6d,0x2e,0x20,0x20,0x49,0x66,0x20,0x6e,0x6f,
  0x74,0x2c,0x20,0x73,0x65,0x65,0x20,0x3c,0x68,0x74,0x74,0x70,0x3a,0x2f,0x2f,0x77,
  0x77,0x77,0x2e,0x67,0x6e,0x75,0x2e,0x6f,0x72,0x67,0x2f,0x6c,0x69,0x63,0x65,0x6e,
  0x73,0x65,0x73,0x2f,0x3e,0x2e,0xa,0x20,0x2a,0x2f,0xa,0xa,0x69,0x6d,0x70,0x6f,
  0x72,0x74,0x20,0x51,0x74,0x51,0x75,0x69,0x63,0x6b,0x20,0x32,0x2e,0x30,0xa,0x69,
  0x6d,0x70,0x6f,0x72,0x74,0x20,0x53,0x61,0x69,0x6c,0x66,0x69,0x73,0x68,0x2e,0x53,
  0x69,0x6c,0x69,0x63,0x61,0x20,0x31,0x2e,0x30,0xa,0xa,0x49,0x74,0x65,0x6d,0x20,
  0x7b,0xa,0xa,0x20,0x20,0x20,0x20,0x69,0x64,0x3a,0x20,0x72,0x6f,0x77,0xa,0xa,
  0x20,0x20,0x20,0x20,0x68,0x65,0x69,0x67,0x68,0x74,0x3a,0x20,0x63,0x68,0x69,0x6c,
  0x64,0x72,0x65,0x6e,0x52,0x65,0x63,0x74,0x2e,0x68,0x65,0x69,0x67,0x68,0x74,0xa,
  0x20,0x20,0x20,0x20,0x77,0x69,0x64,0x74,0x68,0x3a,0x20,0x70,0x61,0x72,0x65,0x6e,
  0x74,0x2e,0x77,0x69,0x64,0x74,0x68,0xa,0xa,0x20,0x20,0x20,0x20,0x70,0x72,0x6f,
  0x70,0x65,0x72,0x74,0x79,0x20,0x61,0x6c,0x69,0x61,0x73,0x20,0x61,0x63,0x63,0x65,
  0x70,0x74,0x61,0x62,0x6c,0x65,0x49,0x6e,0x70,0x75,0x74,0x3a,0x20,0x65,0x6e,0x74,
  0x72,0x79,0x2e,0x61,0x63,0x63,0x65,0x70,0x74,0x61,0x62,0x6c,0x65,0x49,0x6e,0x70,
  0x75,0x74,0xa,0x20,0x20,0x20,0x20,0x70,0x72,0x6f,0x70,0x65,0x72,0x74,0x79,0x20,
  0x61,0x6c,0x69,0x61,0x73,0x20,0x64,0x65,0x73,0x63,0x72,0x69,0x70,0x74,0x69,0x6f,
  0x6e,0x3a,0x20,0x64,0x65,0x73,0x63,0x2e,0x74,0x65,0x78,0x74,0xa,0x20,0x20,0x20,
  0x20,0x70,0x72,0x6f,0x70,0x65,0x72,0x74,0x79,0x20,0x61,0x6c,0x69,0x61,0x73,0x20,
  0x69,0x6e,0x70,0x75,0x74,0x4d,0x65,0x74,0x68,0x6f,0x64,0x48,0x69,0x6e,0x74,0x73,
  0x3a,0x20,0x65,0x6e,0x74,0x72,0x79,0x2e,0x69,0x6e,0x70,0x75,0x74,0x4d,0x65,0x74,
  0x68,0x6f,0x64,0x48,0x69,0x6e,0x74,0x73,0xa,0x20,0x20,0x20,0x20,0x70,0x72,0x6f,
  0x70,0x65,0x72,0x74,0x79,0x20,0x61,0x6c,0x69,0x61,0x73,0x20,0x6c,0x61,0x62,0x65,
  0x6c,0x3a,0x20,0x65,0x6e,0x74,0x72,0x79,0x2e,0x6c,0x61,0x62,0x65,0x6c,0xa,0x20,
  0x20,0x20,0x20,0x70,0x72,0x6f,0x70,0x65,0x72,0x74,0x79,0x20,0x61,0x6c,0x69,0x61,
  0x73,0x20,0x70,0x6c,0x61,0x63,0x65,0x68,0x6f,0x6c,0x64,0x65,0x72,0x54,0x65,0x78,
  0x74,0x3a,0x20,0x65,0x6e,0x74,0x72,0x79,0x2e,0x70,0x6c,0x61,0x63,0x65,0x68,0x6f,
  0x6c,0x64,0x65,0x72,0x54,0x65,0x78,0x74,0xa,0x20,0x20,0x20,0x20,0x70,0x72,0x6f,
  0x70,0x65,0x72,0x74,0x79,0x20,0x61,0x6c,0x69,0x61,0x73,0x20,0x74,0x65,0x78,0x74,
  0x3a,0x20,0x65,0x6e,0x74,0x72,0x79,0x2e,0x74,0x65,0x78,0x74,0xa,0x20,0x20,0x20,
  0x20,0x70,0x72,0x6f,0x70,0x65,0x72,0x74,0x79,0x20,0x61,0x6c,0x69,0x61,0x73,0x20,
  0x76,0x61,0x6c,0x69,0x64,0x61,0x74,0x6f,0x72,0x3a,0x20,0x65,0x6e,0x74,0x72,0x79,
  0x2e,0x76,0x61,0x6c,0x69,0x64,0x61,0x74,0x6f,0x72,0xa,0xa,0x20,0x20,0x20,0x20,
  0x73,0x69,0x67,0x6e,0x61,0x6c,0x20,0x65,0x6e,0x74,0x65,0x72,0xa,0xa,0x20,0x20,
  0x20,0x20,0x54,0x65,0x78,0x74,0x46,0x69,0x65,0x6c,0x64,0x20,0x7b,0xa,0x20,0x20,
  0x20,0x20,0x20,0x20,0x20,0x20,0x69,0x64,0x3a,0x20,0x65,0x6e,0x74,0x72,0x79,0xa,
  0x20,0x20,0x20,0x20,0x20,0x20,0x20,0x20,0x61,0x6e,0x63,0x68,0x6f,0x72,0x73,0x2e,
  0x6c,0x65,0x66,0x74,0x3a,0x20,0x70,0x61,0x72,0x65,0x6e,0x74,0x2e,0x6c,0x65,0x66,
  0x74,0xa,0x20,0x20,0x20,0x20,0x20,0x20,0x20,0x20,0x61,0x6e,0x63,0x68,0x6f,0x72,
  0x73,0x2e,0x72,0x69,0x67,0x68,0x74,0x3a,0x20,0x63,0x6c,0x65,0x61,0x72,0x42,0x75,
  0x74,0x74,0x6f,0x6e,0x2e,0x6c,0x65,0x66,0x74,0xa,0x20,0x20,0x20,0x20,0x20,0x20,
  0x20,0x20,0x6c,0x61,0x62,0x65,0x6c,0x56,0x69,0x73,0x69,0x62,0x6c,0x65,0x3a,0x20,
  0x21,0x64,0x65,0x73,0x63,0x72,0x69,0x70,0x74,0x69,0x6f,0x6e,0xa,0x20,0x20,0x20,
  0x20,0x20,0x20,0x20,0x20,0x45,0x6e,0x74,0x65,0x72,0x4b,0x65,0x79,0x2e,0x69,0x63,
  0x6f,0x6e,0x53,0x6f,0x75,0x72,0x63,0x65,0x3a,0x20,0x22,0x69,0x6d,0x61,0x67,0x65,
  0x3a,0x2f,0x2f,0x74,0x68,0x65,0x6d,0x65,0x2f,0x69,0x63,0x6f,0x6e,0x2d,0x6d,0x2d,
  0x65,0x6e,0x74,0x65,0x72,0x2d,0x6e,0x65,0x78,0x74,0x22,0xa,0x20,0x20,0x20,0x20,
  0x20,0x20,0x20,0x20,0x45,0x6e,0x74,0x65,0x72,0x4b,0x65,0x79,0x2e,0x6f,0x6e,0x43,
  0x6c,0x69,0x63,0x6b,0x65,0x64,0x3a,0x20,0x72,0x6f,0x77,0x2e,0x65,0x6e,0x74,0x65,
  0x72,0x28,0x29,0xa,0x20,0x20,0x20,0x20,0x7d,0xa,0xa,0x20,0x20,0x20,0x20,0x49,
  0x63,0x6f,0x6e,0x42,0x75,0x74,0x74,0x6f,0x6e,0x50,0x4c,0x20,0x7b,0xa,0x20,0x20,
  0x20,0x20,0x20,0x20,0x20,0x20,0x69,0x64,0x3a,0x20,0x63,0x6c,0x65,0x61,0x72,0x42,
  0x75,0x74,0x74,0x6f,0x6e,0xa,0x20,0x20,0x20,0x20,0x20,0x20,0x20,0x20,0x61,0x6e,
  0x63,0x68,0x6f,0x72,0x73,0x2e,0x72,0x69,0x67,0x68,0x74,0x3a,0x20,0x70,0x61,0x72,
  0x65,0x6e,0x74,0x2e,0x72,0x69,0x67,0x68,0x74,0xa,0x20,0x20,0x20,0x20,0x20,0x20,
  0x20,0x20,0x61,0x6e,0x63,0x68,0x6f,0x72,0x73,0x2e,0x72,0x69,0x67,0x68,0x74,0x4d,
  0x61,0x72,0x67,0x69,0x6e,0x3a,0x20,0x76,0x69,0x73,0x69,0x62,0x6c,0x65,0x20,0x3f,
  0x20,0x73,0x74,0x79,0x6c,0x65,0x72,0x2e,0x74,0x68,0x65,0x6d,0x65,0x50,0x61,0x64,
  0x64,0x69,0x6e,0x67,0x4d,0x65,0x64,0x69,0x75,0x6d,0x20,0x3a,0x20,0x30,0xa,0x20,
  0x20,0x20,0x20,0x20,0x20,0x20,0x20,0x61,0x6e,0x63,0x68,0x6f,0x72,0x73,0x2e,0x76,
  0x65,0x72,0x74,0x69,0x63,0x61,0x6c,0x43,0x65,0x6e,0x74,0x65,0x72,0x3a,0x20,0x65,
  0x6e,0x74,0x72,0x79,0x2e,0x76,0x65,0x72,0x74,0x69,0x63,0x61,0x6c,0x43,0x65,0x6e,
  0x74,0x65,0x72,0xa,0x20,0x20,0x20,0x20,0x20,0x20,0x20,0x20,0x69,0x63,0x6f,0x6e,
  0x4e,0x61,0x6d,0x65,0x3a,0x20,0x73,0x74,0x79,0x6c,0x65,0x72,0x2e,0x69,0x63,0x6f,
  0x6e,0x45,0x64,0x69,0x74,0x43,0x6c,0x65,0x61,0x72,0xa,0x20,0x20,0x20,0x20,0x20,
  0x20,0x20,0x20,0x69,0x63,0x6f,0x6e,0x48,0x65,0x69,0x67,0x68,0x74,0x3a,0x20,0x73,
  0x74,0x79,0x6c,0x65,0x72,0x2e,0x74,0x68,0x65,0x6d,0x65,0x46,0x6f,0x6e,0x74,0x53,
  0x69,0x7a,0x65,0x4d,0x65,0x64,0x69,0x75,0x6d,0xa,0x20,0x20,0x20,0x20,0x20,0x20,
  0x20,0x20,0x76,0x69,0x73,0x69,0x62,0x6c,0x65,0x3a,0x20,0x65,0x6e,0x74,0x72,0x79,
  0x2e,0x74,0x65,0x78,0x74,0x20,0x26,0x26,0x20,0x65,0x6e,0x74,0x72,0x79,0x2e,0x61,
  0x63,0x74,0x69,0x76,0x65,0x46,0x6f,0x63,0x75,0x73,0xa,0x20,0x20,0x20,0x20,0x20,
  0x20,0x20,0x20,0x6f,0x6e,0x43,0x6c,0x69,0x63,0x6b,0x65,0x64,0x3a,0x20,0x7b,0xa,
  0x20,0x20,0x20,0x20,0x20,0x20,0x20,0x20,0x20,0x20,0x20,0x20,0x65,0x6e,0x74,0x72,
  0x79,0x2e,0x74,0x65,0x78,0x74,0x20,0x3d,0x20,0x22,0x22,0x3b,0xa,0x20,0x20,0x20,
  0x20,0x20,0x20,0x20,0x20,0x20,0x20,0x20,0x20,0x72,0x65,0x66,0x6f,0x63,0x75,0x73,
  0x54,0x69,0x6d,0x65,0x72,0x2e,0x73,0x74,0x61,0x72,0x74,0x28,0x29,0x3b,0xa,0x20,
  0x20,0x20,0x20,0x20,0x20,0x20,0x20,0x7d,0xa,0x20,0x20,0x20,0x20,0x7d,0xa,0xa,
  0x20,0x20,0x20,0x20,0x4c,0x61,0x62,0x65,0x6c,0x20,0x7b,0xa,0x20,0x20,0x20,0x20,
  0x20,0x20,0x20,0x20,0x69,0x64,0x3a,0x20,0x64,0x65,0x73,0x63,0xa,0x20,0x20,0x20,
  0x20,0x20,0x20,0x20,0x20,0x61,0x6e,0x63,0x68,0x6f,0x72,0x73,0x2e,0x6c,0x65,0x66,
  0x74,0x3a,0x20,0x65,0x6e,0x74,0x72,0x79,0x2e,0x6c,0x65,0x66,0x74,0xa,0x20,0x20,
  0x20,0x20,0x20,0x20,0x20,0x20,0x61,0x6e,0x63,0x68,0x6f,0x72,0x73,0x2e,0x6c,0x65,
  0x66,0x74,0x4d,0x61,0x72,0x67,0x69,0x6e,0x3a,0x20,0x73,0x74,0x79,0x6c,0x65,0x72,
  0x2e,0x74,0x68,0x65,0x6d,0x65,0x48,0x6f,0x72,0x69,0x7a,0x6f,0x6e,0x74,0x61,0x6c,
  0x50,0x61,0x67,0x65,0x4d,0x61,0x72,0x67,0x69,0x6e,0xa,0x20,0x20,0x20,0x20,0x20,
  0x20,0x20,0x20,0x61,0x6e,0x63,0x68,0x6f,0x72,0x73,0x2e,0x72,0x69,0x67,0x68,0x74,
  0x3a,0x20,0x70,0x61,0x72,0x65,0x6e,0x74,0x2e,0x72,0x69,0x67,0x68,0x74,0xa,0x20,
  0x20,0x20,0x20,0x20,0x20,0x20,0x20,0x61,0x6e,0x63,0x68,0x6f,0x72,0x73,0x2e,0x72,
  0x69,0x67,0x68,0x74,0x4d,0x61,0x72,0x67,0x69,0x6e,0x3a,0x20,0x73,0x74,0x79,0x6c,
  0x65,0x72,0x2e,0x74,0x68,0x65,0x6d,0x65,0x48,0x6f,0x72,0x69,0x7a,0x6f,0x6e,0x74,
  0x61,0x6c,0x50,0x61,0x67,0x65,0x4d,0x61,0x72,0x67,0x69,0x6e,0xa,0x20,0x20,0x20,
  0x20,0x20,0x20,0x20,0x20,0x61,0x6e,0x63,0x68,0x6f,0x72,0x73,0x2e,0x74,0x6f,0x70,
  0x3a,0x20,0x65,0x6e,0x74,0x72,0x79,0x2e,0x62,0x6f,0x74,0x74,0x6f,0x6d,0xa,0x20,
  0x20,0x20,0x20,0x20,0x20,0x20,0x20,0x61,0x6e,0x63,0x68,0x6f,0x72,0x73,0x2e,0x74,
  0x6f,0x70,0x4d,0x61,0x72,0x67,0x69,0x6e,0x3a,0x20,0x74,0x65,0x78,0x74,0x20,0x3f,
  0x20,0x73,0x74,0x79,0x6c,0x65,0x72,0x2e,0x74,0x68,0x65,0x6d,0x65,0x50,0x61,0x64,
  0x64,0x69,0x6e,0x67,0x53,0x6d,0x61,0x6c,0x6c,0x20,0x3a,0x20,0x30,0xa,0x20,0x20,
  0x20,0x20,0x20,0x20,0x20,0x20,0x66,0x6f,0x6e,0x74,0x2e,0x70,0x69,0x78,0x65,0x6c,
  0x53,0x69,0x7a,0x65,0x3a,0x20,0x73,0x74,0x79,0x6c,0x65,0x72,0x2e,0x74,0x68,0x65,
  0x6d,0x65,0x46,0x6f,0x6e,0x74,0x53,0x69,0x7a,0x65,0x53,0x6d,0x61,0x6c,0x6c,0xa,
  0x20,0x20,0x20,0x20,0x20,0x20,0x20,0x20,0x68,0x65,0x69,0x67,0x68,0x74,0x3a,0x20,
  0x74,0x65,0x78,0x74,0x20,0x3f,0x20,0x69,0x6d,0x70,0x6c,0x69,0x63,0x69,0x74,0x48,
  0x65,0x69,0x67,0x68,0x74,0x20,0x3a,0x20,0x30,0xa,0x20,0x20,0x20,0x20,0x20,0x20,
  0x20,0x20,0x76,0x69,0x73,0x69,0x62,0x6c,0x65,0x3a,0x20,0x74,0x65,0x78,0x74,0xa,
  0x20,0x20,0x20,0x20,0x20,0x20,0x20,0x20,0x77,0x72,0x61,0x70,0x4d,0x6f,0x64,0x65,
  0x3a,0x20,0x54,0x65,0x78,0x74,0x2e,0x57,0x6f,0x72,0x64,0x57,0x72,0x61,0x70,0xa,
  0x20,0x20,0x20,0x20,0x7d,0xa,0xa,0x20,0x20,0x20,0x20,0x54,0x69,0x6d,0x65,0x72,
  0x20,0x7b,0xa,0x20,0x20,0x20,0x20,0x20,0x20,0x20,0x20,0x69,0x64,0x3a,0x20,0x72,
  0x65,0x66,0x6f,0x63,0x75,0x73,0x54,0x69,0x6d,0x65,0x72,0xa,0x20,0x20,0x20,0x20,
  0x20,0x20,0x20,0x20,0x69,0x6e,0x74,0x65,0x72,0x76,0x61,0x6c,0x3a,0x20,0x31,0x30,
  0x30,0xa,0x20,0x20,0x20,0x20,0x20,0x20,0x20,0x20,0x72,0x65,0x70,0x65,0x61,0x74,
  0x3a,0x20,0x66,0x61,0x6c,0x73,0x65,0xa,0x20,0x20,0x20,0x20,0x20,0x20,0x20,0x20,
  0x72,0x75,0x6e,0x6e,0x69,0x6e,0x67,0x3a,0x20,0x66,0x61,0x6c,0x73,0x65,0xa,0x20,
  0x20,0x20,0x20,0x20,0x20,0x20,0x20,0x6f,0x6e,0x54,0x72,0x69,0x67,0x67,0x65,0x72,
  0x65,0x64,0x3a,0x20,0x7b,0xa,0x20,0x20,0x20,0x20,0x20,0x20,0x20,0x20,0x20,0x20,
  0x20,0x20,0x65,0x6e,0x74,0x72,0x79,0x2e,0x66,0x6f,0x63,0x75,0x73,0x20,0x3d,0x20,
  0x74,0x72,0x75,0x65,0x3b,0xa,0x20,0x20,0x20,0x20,0x20,0x20,0x20,0x20,0x20,0x20,
  0x20,0x20,0x65,0x6e,0x74,0x72,0x79,0x2e,0x66,0x6f,0x72,0x63,0x65,0x41,0x63,0x74,
  0x69,0x76,0x65,0x46,0x6f,0x63,0x75,0x73,0x28,0x29,0x3b,0xa,0x20,0x20,0x20,0x20,
  0x20,0x20,0x20,0x20,0x7d,0xa,0x20,0x20,0x20,0x20,0x7d,0xa,0x7d,0xa,
    // /home/oles/sailfish/app-sources/harbour-amazfish/ui/qml/components/platform.silica/ComboBoxPL.qml
  0x0,0x0,0x4,0x3c,
  0x2f,
  0x2a,0x20,0x2d,0x2a,0x2d,0x20,0x63,0x6f,0x64,0x69,0x6e,0x67,0x3a,0x20,0x75,0x74,
  0x66,0x2d,0x38,0x2d,0x75,0x6e,0x69,0x78,0x20,0x2d,0x2a,0x2d,0xa,0x20,0x2a,0xa,
  0x20,0x2a,0x20,0x43,0x6f,0x70,0x79,0x72,0x69,0x67,0x68,0x74,0x20,0x28,0x43,0x29,
  0x20,0x32,0x30,0x31,0x38,0x20,0x52,0x69,0x6e,0x69,0x67,0x75,0x73,0xa,0x20,0x2a,
  0xa,0x20,0x2a,0x20,0x54,0x68,0x69,0x73,0x20,0x70,0x72,0x6f,0x67,0x72,0x61,0x6d,
  0x20,0x69,0x73,0x20,0x66,0x72,0x65,0x65,0x20,0x73,0x6f,0x66,0x74,0x77,0x61,0x72,
  0x65,0x3a,0x20,0x79,0x6f,0x75,0x20,0x63,0x61,0x6e,0x20,0x72,0x65,0x64,0x69,0x73,
  0x74,0x72,0x69,0x62,0x75,0x74,0x65,0x20,0x69,0x74,0x20,0x61,0x6e,0x64,0x2f,0x6f,
  0x72,0x20,0x6d,0x6f,0x64,0x69,0x66,0x79,0xa,0x20,0x2a,0x20,0x69,0x74,0x20,0x75,
  0x6e,0x64,0x65,0x72,0x20,0x74,0x68,0x65,0x20,0x74,0x65,0x72,0x6d,0x73,0x20,0x6f,
  0x66,0x20,0x74,0x68,0x65,0x20,0x47,0x4e,0x55,0x20,0x47,0x65,0x6e,0x65,0x72,0x61,
  0x6c,0x20,0x50,0x75,0x62,0x6c,0x69,0x63,0x20,0x4c,0x69,0x63,0x65,0x6e,0x73,0x65,
  0x20,0x61,0x73,0x20,0x70,0x75,0x62,0x6c,0x69,0x73,0x68,0x65,0x64,0x20,0x62,0x79,
  0xa,0x20,0x2a,0x20,0x74,0x68,0x65,0x20,0x46,0x72,0x65,0x65,0x20,0x53,0x6f,0x66,
  0x74,0x77,0x61,0x72,0x65,0x20,0x46,0x6f,0x75,0x6e,0x64,0x61,0x74,0x69,0x6f,0x6e,
  0x2c,0x20,0x65,0x69,0x74,0x68,0x65,0x72,0x20,0x76,0x65,0x72,0x73,0x69,0x6f,0x6e,
  0x20,0x33,0x20,0x6f,0x66,0x20,0x74,0x68,0x65,0x20,0x4c,0x69,0x63,0x65,0x6e,0x73,
  0x65,0x2c,0x20,0x6f,0x72,0xa,0x20,0x2a,0x20,0x28,0x61,0x74,0x20,0x79,0x6f,0x75,
  0x72,0x20,0x6f,0x70,0x74,0x69,0x6f,0x6e,0x29,0x20,0x61,0x6e,0x79,0x20,0x6c,0x61,
  0x74,0x65,0x72,0x20,0x76,0x65,0x72,0x73,0x69,0x6f,0x6e,0x2e,0xa,0x20,0x2a,0xa,
  0x20,0x2a,0x20,0x54,0x68,0x69,0x73,0x20,0x70,0x72,0x6f,0x67,0x72,0x61,0x6d,0x20,
  0x69,0x73,0x20,0x64,0x69,0x73,0x74,0x72,0x69,0x62,0x75,0x74,0x65,0x64,0x20,0x69,
  0x6e,0x20,0x74,0x68,0x65,0x20,0x68,0x6f,0x70,0x65,0x20,0x74,0x68,0x61,0x74,0x20,
  0x69,0x74,0x20,0x77,0x69,0x6c,0x6c,0x20,0x62,0x65,0x20,0x75,0x73,0x65,0x66,0x75,
  0x6c,0x2c,0xa,0x20,0x2a,0x20,0x62,0x75,0x74,0x20,0x57,0x49,0x54,0x48,0x4f,0x55,
  0x54,0x20,0x41,0x4e,0x59,0x20,0x57,0x41,0x52,0x52,0x41,0x4e,0x54,0x59,0x3b,0x20,
  0x77,0x69,0x74,0x68,0x6f,0x75,0x74,0x20,0x65,0x76,0x65,0x6e,0x20,0x74,0x68,0x65,
  0x20,0x69,0x6d,0x70,0x6c,0x69,0x65,0x64,0x20,0x77,0x61,0x72,0x72,0x61,0x6e,0x74,
  0x79,0x20,0x6f,0x66,0xa,0x20,0x2a,0x20,0x4d,0x45,0x52,0x43,0x48,0x41,0x4e,0x54,
  0x41,0x42,0x49,0x4c,0x49,0x54,0x59,0x20,0x6f,0x72,0x20,0x46,0x49,0x54,0x4e,0x45,
  0x53,0x53,0x20,0x46,0x4f,0x52,0x20,0x41,0x20,0x50,0x41,0x52,0x54,0x49,0x43,0x55,
  0x4c,0x41,0x52,0x20,0x50,0x55,0x52,0x50,0x4f,0x53,0x45,0x2e,0x20,0x20,0x53,0x65,
  0x65,0x20,0x74,0x68,0x65,0xa,0x20,0x2a,0x20,0x47,0x4e,0x55,0x20,0x47,0x65,0x6e,
  0x65,0x72,0x61,0x6c,0x20,0x50,0x75,0x62,0x6c,0x69,0x63,0x20,0x4c,0x69,0x63,0x65,
  0x6e,0x73,0x65,0x20,0x66,0x6f,0x72,0x20,0x6d,0x6f,0x72,0x65,0x20,0x64,0x65,0x74,
  0x61,0x69,0x6c,0x73,0x2e,0xa,0x20,0x2a,0xa,0x20,0x2a,0x20,0x59,0x6f,0x75,0x20,
  0x73,0x68,0x6f,0x75,0x6c,0x64,0x20,0x68,0x61,0x76,0x65,0x20,0x72,0x65,0x63,0x65,
  0x69,0x76,0x65,0x64,0x20,0x61,0x20,0x63,0x6f,0x70,0x79,0x20,0x6f,0x66,0x20,0x74,
  0x68,0x65,0x20,0x47,0x4e,0x55,0x20,0x47,0x65,0x6e,0x65,0x72,0x61,0x6c,0x20,0x50,
  0x75,0x62,0x6c,0x69,0x63,0x20,0x4c,0x69,0x63,0x65,0x6e,0x73,0x65,0xa,0x20,0x2a,
  0x20,0x61,0x6c,0x6f,0x6e,0x67,0x20,0x77,0x69,0x74,0x68,0x20,0x74,0x68,0x69,0x73,
  0x20,0x70,0x72,0x6f,0x67,0x72,0x61,0x6d,0x2e,0x20,0x20,0x49,0x66,0x20,0x6e,0x6f,
  0x74,0x2c,0x20,0x73,0x65,0x65,0x20,0x3c,0x68,0x74,0x74,0x70,0x3a,0x2f,0x2f,0x77,
  0x77,0x77,0x2e,0x67,0x6e,0x75,0x2e,0x6f,0x72,0x67,0x2f,0x6c,0x69,0x63,0x65,0x6e,
  0x73,0x65,0x73,0x2f,0x3e,0x2e,0xa,0x20,0x2a,0x2f,0xa,0xa,0x69,0x6d,0x70,0x6f,
  0x72,0x74,0x20,0x51,0x74,0x51,0x75,0x69,0x63,0x6b,0x20,0x32,0x2e,0x30,0xa,0x69,
  0x6d,0x70,0x6f,0x72,0x74,0x20,0x53,0x61,0x69,0x6c,0x66,0x69,0x73,0x68,0x2e,0x53,
  0x69,0x6c,0x69,0x63,0x61,0x20,0x31,0x2e,0x30,0xa,0xa,0x43,0x6f,0x6d,0x62,0x6f,
  0x42,0x6f,0x78,0x20,0x7b,0xa,0x20,0x20,0x20,0x20,0x69,0x64,0x3a,0x20,0x62,0x6f,
  0x78,0xa,0x20,0x20,0x20,0x20,0x70,0x72,0x6f,0x70,0x65,0x72,0x74,0x79,0x20,0x73,
  0x74,0x72,0x69,0x6e,0x67,0x20,0x74,0x65,0x78,0x74,0x52,0x6f,0x6c,0x65,0x3a,0x20,
  0x22,0x22,0xa,0x20,0x20,0x20,0x20,0x70,0x72,0x6f,0x70,0x65,0x72,0x74,0x79,0x20,
  0x62,0x6f,0x6f,0x6c,0x20,0x20,0x20,0x69,0x6e,0x46,0x6f,0x72,0x6d,0xa,0xa,0x20,
  0x20,0x20,0x20,0x6d,0x65,0x6e,0x75,0x3a,0x20,0x43,0x6f,0x6e,0x74,0x65,0x78,0x74,
  0x4d,0x65,0x6e,0x75,0x20,0x7b,0xa,0x20,0x20,0x20,0x20,0x20,0x20,0x20,0x20,0x52,
  0x65,0x70,0x65,0x61,0x74,0x65,0x72,0x20,0x7b,0xa,0x20,0x20,0x20,0x20,0x20,0x20,
  0x20,0x20,0x20,0x20,0x20,0x20,0x6d,0x6f,0x64,0x65,0x6c,0x3a,0x20,0x62,0x6f,0x78,
  0x2e,0x6d,0x6f,0x64,0x65,0x6c,0xa,0x20,0x20,0x20,0x20,0x20,0x20,0x20,0x20,0x20,
  0x20,0x20,0x20,0x4d,0x65,0x6e,0x75,0x49,0x74,0x65,0x6d,0x20,0x7b,0x20,0x74,0x65,
  0x78,0x74,0x3a,0x20,0x69,0x74,0x65,0x6d,0x54,0x65,0x78,0x74,0x20,0x7d,0xa,0x20,
  0x20,0x20,0x20,0x20,0x20,0x20,0x20,0x7d,0xa,0x20,0x20,0x20,0x20,0x7d,0xa,0xa,
  0x20,0x20,0x20,0x20,0x70,0x72,0x6f,0x70,0x65,0x72,0x74,0x79,0x20,0x76,0x61,0x72,
  0x20,0x6d,0x6f,0x64,0x65,0x6c,0xa,0xa,0x20,0x20,0x20,0x20,0x66,0x75,0x6e,0x63,
  0x74,0x69,0x6f,0x6e,0x20,0x61,0x63,0x74,0x69,0x76,0x61,0x74,0x65,0x28,0x29,0x20,
  0x7b,0xa,0x20,0x20,0x20,0x20,0x20,0x20,0x20,0x20,0x69,0x66,0x20,0x28,0x21,0x62,
  0x6f,0x78,0x2e,0x6d,0x65,0x6e,0x75,0x2e,0x61,0x63,0x74,0x69,0x76,0x65,0x29,0x20,
  0x62,0x6f,0x78,0x2e,0x6d,0x65,0x6e,0x75,0x2e,0x6f,0x70,0x65,0x6e,0x28,0x62,0x6f,
  0x78,0x29,0xa,0x20,0x20,0x20,0x20,0x7d,0xa,0x7d,0xa,
    // /home/oles/sailfish/app-sources/harbour-amazfish/ui/qml/components/platform.silica/SliderPL.qml
  0x0,0x0,0x6,0x76,
  0x2f,
  0x2a,0x20,0x2d,0x2a,0x2d,0x20,0x63,0x6f,0x64,0x69,0x6e,0x67,0x3a,0x20,0x75,0x74,
  0x66,0x2d,0x38,0x2d,0x75,0x6e,0x69,0x78,0x20,0x2d,0x2a,0x2d,0xa,0x20,0x2a,0xa,
  0x20,0x2a,0x20,0x43,0x6f,0x70,0x79,0x72,0x69,0x67,0x68,0x74,0x20,0x28,0x43,0x29,
  0x20,0x32,0x30,0x31,0x38,0x20,0x52,0x69,0x6e,0x69,0x67,0x75,0x73,0xa,0x20,0x2a,
  0xa,0x20,0x2a,0x20,0x54,0x68,0x69,0x73,0x20,0x70,0x72,0x6f,0x67,0x72,0x61,0x6d,
  0x20,0x69,0x73,0x20,0x66,0x72,0x65,0x65,0x20,0x73,0x6f,0x66,0x74,0x77,0x61,0x72,
  0x65,0x3a,0x20,0x79,0x6f,0x75,0x20,0x63,0x61,0x6e,0x20,0x72,0x65,0x64,0x69,0x73,
  0x74,0x72,0x69,0x62,0x75,0x74,0x65,0x20,0x69,0x74,0x20,0x61,0x6e,0x64,0x2f,0x6f,
  0x72,0x20,0x6d,0x6f,0x64,0x69,0x66,0x79,0xa,0x20,0x2a,0x20,0x69,0x74,0x20,0x75,
  0x6e,0x64,0x65,0x72,0x20,0x74,0x68,0x65,0x20,0x74,0x65,0x72,0x6d,0x73,0x20,0x6f,
  0x66,0x20,0x74,0x68,0x65,0x20,0x47,0x4e,0x55,0x20,0x47,0x65,0x6e,0x65,0x72,0x61,
  0x6c,0x20,0x50,0x75,0x62,0x6c,0x69,0x63,0x20,0x4c,0x69,0x63,0x65,0x6e,0x73,0x65,
  0x20,0x61,0x73,0x20,0x70,0x75,0x62,0x6c,0x69,0x73,0x68,0x65,0x64,0x20,0x62,0x79,
  0xa,0x20,0x2a,0x20,0x74,0x68,0x65,0x20,0x46,0x72,0x65,0x65,0x20,0x53,0x6f,0x66,
  0x74,0x77,0x61,0x72,0x65,0x20,0x46,0x6f,0x75,0x6e,0x64,0x61,0x74,0x69,0x6f,0x6e,
  0x2c,0x20,0x65,0x69,0x74,0x68,0x65,0x72,0x20,0x76,0x65,0x72,0x73,0x69,0x6f,0x6e,
  0x20,0x33,0x20,0x6f,0x66,0x20,0x74,0x68,0x65,0x20,0x4c,0x69,0x63,0x65,0x6e,0x73,
  0x65,0x2c,0x20,0x6f,0x72,0xa,0x20,0x2a,0x20,0x28,0x61,0x74,0x20,0x79,0x6f,0x75,
  0x72,0x20,0x6f,0x70,0x74,0x69,0x6f,0x6e,0x29,0x20,0x61,0x6e,0x79,0x20,0x6c,0x61,
  0x74,0x65,0x72,0x20,0x76,0x65,0x72,0x73,0x69,0x6f,0x6e,0x2e,0xa,0x20,0x2a,0xa,
  0x20,0x2a,0x20,0x54,0x68,0x69,0x73,0x20,0x70,0x72,0x6f,0x67,0x72,0x61,0x6d,0x20,
  0x69,0x73,0x20,0x64,0x69,0x73,0x74,0x72,0x69,0x62,0x75,0x74,0x65,0x64,0x20,0x69,
  0x6e,0x20,0x74,0x68,0x65,0x20,0x68,0x6f,0x70,0x65,0x20,0x74,0x68,0x61,0x74,0x20,
  0x69,0x74,0x20,0x77,0x69,0x6c,0x6c,0x20,0x62,0x65,0x20,0x75,0x73,0x65,0x66,0x75,
  0x6c,0x2c,0xa,0x20,0x2a,0x20,0x62,0x75,0x74,0x20,0x57,0x49,0x54,0x48,0x4f,0x55,
  0x54,0x20,0x41,0x4e,0x59,0x20,0x57,0x41,0x52,0x52,0x41,0x4e,0x54,0x59,0x3b,0x20,
  0x77,0x69,0x74,0x68,0x6f,0x75,0x74,0x20,0x65,0x76,0x65,0x6e,0x20,0x74,0x68,0x65,
  0x20,0x69,0x6d,0x70,0x6c,0x69,0x65,0x64,0x20,0x77,0x61,0x72,0x72,0x61,0x6e,0x74,
  0x79,0x20,0x6f,0x66,0xa,0x20,0x2a,0x20,0x4d,0x45,0x52,0x43,0x48,0x41,0x4e,0x54,
  0x41,0x42,0x49,0x4c,0x49,0x54,0x59,0x20,0x6f,0x72,0x20,0x46,0x49,0x54,0x4e,0x45,
  0x53,0x53,0x20,0x46,0x4f,0x52,0x20,0x41,0x20,0x50,0x41,0x52,0x54,0x49,0x43,0x55,
  0x4c,0x41,0x52,0x20,0x50,0x55,0x52,0x50,0x4f,0x53,0x45,0x2e,0x20,0x20,0x53,0x65,
  0x65,0x20,0x74,0x68,0x65,0xa,0x20,0x2a,0x20,0x47,0x4e,0x55,0x20,0x47,0x65,0x6e,
  0x65,0x72,0x61,0x6c,0x20,0x50,0x75,0x62,0x6c,0x69,0x63,0x20,0x4c,0x69,0x63,0x65,
  0x6e,0x73,0x65,0x20,0x66,0x6f,0x72,0x20,0x6d,0x6f,0x72,0x65,0x20,0x64,0x65,0x74,
  0x61,0x69,0x6c,0x73,0x2e,0xa,0x20,0x2a,0xa,0x20,0x2a,0x20,0x59,0x6f,0x75,0x20,
  0x73,0x68,0x6f,0x75,0x6c,0x64,0x20,0x68,0x61,0x76,0x65,0x20,0x72,0x65,0x63,0x65,
  0x69,0x76,0x65,0x64,0x20,0x61,0x20,0x63,0x6f,0x70,0x79,0x20,0x6f,0x66,0x20,0x74,
  0x68,0x65,0x20,0x47,0x4e,0x55,0x20,0x47,0x65,0x6e,0x65,0x72,0x61,0x6c,0x20,0x50,
  0x75,0x62,0x6c,0x69,0x63,0x20,0x4c,0x69,0x63,0x65,0x6e,0x73,0x65,0xa,0x20,0x2a,
  0x20,0x61,0x6c,0x6f,0x6e,0x67,0x20,0x77,0x69,0x74,0x68,0x20,0x74,0x68,0x69,0x73,
  0x20,0x70,0x72,0x6f,0x67,0x72,0x61,0x6d,0x2e,0x20,0x20,0x49,0x66,0x20,0x6e,0x6f,
  0x74,0x2c,0x20,0x73,0x65,0x65,0x20,0x3c,0x68,0x74,0x74,0x70,0x3a,0x2f,0x2f,0x77,
  0x77,0x77,0x2e,0x67,0x6e,0x75,0x2e,0x6f,0x72,0x67,0x2f,0x6c,0x69,0x63,0x65,0x6e,
  0x73,0x65,0x73,0x2f,0x3e,0x2e,0xa,0x20,0x2a,0x2f,0xa,0xa,0x69,0x6d,0x70,0x6f,
  0x72,0x74,0x20,0x51,0x74,0x51,0x75,0x69,0x63,0x6b,0x20,0x32,0x2e,0x30,0xa,0x69,
  0x6d,0x70,0x6f,0x72,0x74,0x20,0x53,0x61,0x69,0x6c,0x66,0x69,0x73,0x68,0x2e,0x53,
  0x69,0x6c,0x69,0x63,0x61,0x20,0x31,0x2e,0x30,0xa,0x69,0x6d,0x70,0x6f,0x72,0x74,
  0x20,0x22,0x2e,0x22,0xa,0xa,0x49,0x74,0x65,0x6d,0x20,0x7b,0xa,0x20,0x20,0x20,
  0x20,0x68,0x65,0x69,0x67,0x68,0x74,0x3a,0x20,0x63,0x68,0x69,0x6c,0x64,0x72,0x65,
  0x6e,0x52,0x65,0x63,0x74,0x2e,0x68,0x65,0x69,0x67,0x68,0x74,0xa,0xa,0x20,0x20,
  0x20,0x20,0x70,0x72,0x6f,0x70,0x65,0x72,0x74,0x79,0x20,0x61,0x6c,0x69,0x61,0x73,
  0x20,0x64,0x65,0x73,0x63,0x72,0x69,0x70,0x74,0x69,0x6f,0x6e,0x3a,0x20,0x64,0x65,
  0x73,0x63,0x2e,0x74,0x65,0x78,0x74,0xa,0x20,0x20,0x20,0x20,0x70,0x72,0x6f,0x70,
  0x65,0x72,0x74,0x79,0x20,0x61,0x6c,0x69,0x61,0x73,0x20,0x6c,0x61,0x62,0x65,0x6c,
  0x3a,0x20,0x76,0x61,0x6c,0x2e,0x6c,0x61,0x62,0x65,0x6c,0xa,0x20,0x20,0x20,0x20,
  0x70,0x72,0x6f,0x70,0x65,0x72,0x74,0x79,0x20,0x61,0x6c,0x69,0x61,0x73,0x20,0x6d,
  0x61,0x78,0x69,0x6d,0x75,0x6d,0x56,0x61,0x6c,0x75,0x65,0x3a,0x20,0x76,0x61,0x6c,
  0x2e,0x6d,0x61,0x78,0x69,0x6d,0x75,0x6d,0x56,0x61,0x6c,0x75,0x65,0xa,0x20,0x20,
  0x20,0x20,0x70,0x72,0x6f,0x70,0x65,0x72,0x74,0x79,0x20,0x61,0x6c,0x69,0x61,0x73,
  0x20,0x6d,0x69,0x6e,0x69,0x6d,0x75,0x6d,0x56,0x61,0x6c,0x75,0x65,0x3a,0x20,0x76,
  0x61,0x6c,0x2e,0x6d,0x69,0x6e,0x69,0x6d,0x75,0x6d,0x56,0x61,0x6c,0x75,0x65,0xa,
  0x20,0x20,0x20,0x20,0x70,0x72,0x6f,0x70,0x65,0x72,0x74,0x79,0x20,0x61,0x6c,0x69,
  0x61,0x73,0x20,0x73,0x74,0x65,0x70,0x53,0x69,0x7a,0x65,0x3a,0x20,0x76,0x61,0x6c,
  0x2e,0x73,0x74,0x65,0x70,0x53,0x69,0x7a,0x65,0xa,0x20,0x20,0x20,0x20,0x70,0x72,
  0x6f,0x70,0x65,0x72,0x74,0x79,0x20,0x61,0x6c,0x69,0x61,0x73,0x20,0x76,0x61,0x6c,
  0x75,0x65,0x3a,0x20,0x76,0x61,0x6c,0x2e,0x76,0x61,0x6c,0x75,0x65,0xa,0x20,0x20,
  0x20,0x20,0x70,0x72,0x6f,0x70,0x65,0x72,0x74,0x79,0x20,0x61,0x6c,0x69,0x61,0x73,
  0x20,0x76,0x61,0x6c,0x75,0x65,0x54,0x65,0x78,0x74,0x3a,0x20,0x76,0x61,0x6c,0x2e,
  0x76,0x61,0x6c,0x75,0x65,0x54,0x65,0x78,0x74,0xa,0xa,0x20,0x20,0x20,0x20,0x53,
  0x6c,0x69,0x64,0x65,0x72,0x20,0x7b,0xa,0x20,0x20,0x20,0x20,0x20,0x20,0x20,0x20,
  0x69,0x64,0x3a,0x20,0x76,0x61,0x6c,0xa,0x20,0x20,0x20,0x20,0x20,0x20,0x20,0x20,
  0x77,0x69,0x64,0x74,0x68,0x3a,0x20,0x70,0x61,0x72,0x65,0x6e,0x74,0x2e,0x77,0x69,
  0x64,0x74,0x68,0xa,0x20,0x20,0x20,0x20,0x7d,0xa,0xa,0x20,0x20,0x20,0x20,0x4c,
  0x61,0x62,0x65,0x6c,0x50,0x4c,0x20,0x7b,0xa,0x20,0x20,0x20,0x20,0x20,0x20,0x20,
  0x20,0x69,0x64,0x3a,0x20,0x64,0x65,0x73,0x63,0xa,0x20,0x20,0x20,0x20,0x20,0x20,
  0x20,0x20,0x61,0x6e,0x63,0x68,0x6f,0x72,0x73,0x2e,0x74,0x6f,0x70,0x3a,0x20,0x76,
  0x61,0x6c,0x2e,0x62,0x6f,0x74,0x74,0x6f,0x6d,0xa,0x20,0x20,0x20,0x20,0x20,0x20,
  0x20,0x20,0x61,0x6e,0x63,0x68,0x6f,0x72,0x73,0x2e,0x74,0x6f,0x70,0x4d,0x61,0x72,
  0x67,0x69,0x6e,0x3a,0x20,0x74,0x65,0x78,0x74,0x20,0x3f,0x20,0x73,0x74,0x79,0x6c,
  0x65,0x72,0x2e,0x74,0x68,0x65,0x6d,0x65,0x50,0x61,0x64,0x64,0x69,0x6e,0x67,0x4d,
  0x65,0x64,0x69,0x75,0x6d,0x20,0x3a,0x20,0x30,0xa,0x20,0x20,0x20,0x20,0x20,0x20,
  0x20,0x20,0x61,0x6e,0x63,0x68,0x6f,0x72,0x73,0x2e,0x6c,0x65,0x66,0x74,0x3a,0x20,
  0x70,0x61,0x72,0x65,0x6e,0x74,0x2e,0x6c,0x65,0x66,0x74,0xa,0x20,0x20,0x20,0x20,
  0x20,0x20,0x20,0x20,0x61,0x6e,0x63,0x68,0x6f,0x72,0x73,0x2e,0x6c,0x65,0x66,0x74,
  0x4d,0x61,0x72,0x67,0x69,0x6e,0x3a,0x20,0x73,0x74,0x79,0x6c,0x65,0x72,0x2e,0x74,
  0x68,0x65,0x6d,0x65,0x48,0x6f,0x72,0x69,0x7a,0x6f,0x6e,0x74,0x61,0x6c,0x50,0x61,
  0x67,0x65,0x4d,0x61,0x72,0x67,0x69,0x6e,0xa,0x20,0x20,0x20,0x20,0x20,0x20,0x20,
  0x20,0x61,0x6e,0x63,0x68,0x6f,0x72,0x73,0x2e,0x72,0x69,0x67,0x68,0x74,0x3a,0x20,
  0x70,0x61,0x72,0x65,0x6e,0x74,0x2e,0x72,0x69,0x67,0x68,0x74,0xa,0x20,0x20,0x20,
  0x20,0x20,0x20,0x20,0x20,0x61,0x6e,0x63,0x68,0x6f,0x72,0x73,0x2e,0x72,0x69,0x67,
  0x68,0x74,0x4d,0x61,0x72,0x67,0x69,0x6e,0x3a,0x20,0x73,0x74,0x79,0x6c,0x65,0x72,
  0x2e,0x74,0x68,0x65,0x6d,0x65,0x48,0x6f,0x72,0x69,0x7a,0x6f,0x6e,0x74,0x61,0x6c,
  0x50,0x61,0x67,0x65,0x4d,0x61,0x72,0x67,0x69,0x6e,0xa,0x20,0x20,0x20,0x20,0x20,
  0x20,0x20,0x20,0x66,0x6f,0x6e,0x74,0x2e,0x70,0x69,0x78,0x65,0x6c,0x53,0x69,0x7a,
  0x65,0x3a,0x20,0x73,0x74,0x79,0x6c,0x65,0x72,0x2e,0x74,0x68,0x65,0x6d,0x65,0x46,
  0x6f,0x6e,0x74,0x53,0x69,0x7a,0x65,0x53,0x6d,0x61,0x6c,0x6c,0xa,0x20,0x20,0x20,
  0x20,0x20,0x20,0x20,0x20,0x68,0x65,0x69,0x67,0x68,0x74,0x3a,0x20,0x74,0x65,0x78,
  0x74,0x20,0x3f,0x20,0x69,0x6d,0x70,0x6c,0x69,0x63,0x69,0x74,0x48,0x65,0x69,0x67,
  0x68,0x74,0x20,0x3a,0x20,0x30,0xa,0x20,0x20,0x20,0x20,0x20,0x20,0x20,0x20,0x76,
  0x69,0x73,0x69,0x62,0x6c,0x65,0x3a,0x20,0x74,0x65,0x78,0x74,0xa,0x20,0x20,0x20,
  0x20,0x20,0x20,0x20,0x20,0x77,0x72,0x61,0x70,0x4d,0x6f,0x64,0x65,0x3a,0x20,0x54,
  0x65,0x78,0x74,0x2e,0x57,0x6f,0x72,0x64,0x57,0x72,0x61,0x70,0xa,0x20,0x20,0x20,
  0x20,0x7d,0xa,0x7d,0xa,
    // /home/oles/sailfish/app-sources/harbour-amazfish/ui/qml/components/platform.silica/ExpandingSectionGroupPL.qml
  0x0,0x0,0x3,0x16,
  0x2f,
  0x2a,0x20,0x2d,0x2a,0x2d,0x20,0x63,0x6f,0x64,0x69,0x6e,0x67,0x3a,0x20,0x75,0x74,
  0x66,0x2d,0x38,0x2d,0x75,0x6e,0x69,0x78,0x20,0x2d,0x2a,0x2d,0xa,0x20,0x2a,0xa,
  0x20,0x2a,0x20,0x43,0x6f,0x70,0x79,0x72,0x69,0x67,0x68,0x74,0x20,0x28,0x43,0x29,
  0x20,0x32,0x30,0x31,0x38,0x20,0x52,0x69,0x6e,0x69,0x67,0x75,0x73,0xa,0x20,0x2a,
  0xa,0x20,0x2a,0x20,0x54,0x68,0x69,0x73,0x20,0x70,0x72,0x6f,0x67,0x72,0x61,0x6d,
  0x20,0x69,0x73,0x20,0x66,0x72,0x65,0x65,0x20,0x73,0x6f,0x66,0x74,0x77,0x61,0x72,
  0x65,0x3a,0x20,0x79,0x6f,0x75,0x20,0x63,0x61,0x6e,0x20,0x72,0x65,0x64,0x69,0x73,
  0x74,0x72,0x69,0x62,0x75,0x74,0x65,0x20,0x69,0x74,0x20,0x61,0x6e,0x64,0x2f,0x6f,
  0x72,0x20,0x6d,0x6f,0x64,0x69,0x66,0x79,0xa,0x20,0x2a,0x20,0x69,0x74,0x20,0x75,
  0x6e,0x64,0x65,0x72,0x20,0x74,0x68,0x65,0x20,0x74,0x65,0x72,0x6d,0x73,0x20,0x6f,
  0x66,0x20,0x74,0x68,0x65,0x20,0x47,0x4e,0x55,0x20,0x47,0x65,0x6e,0x65,0x72,0x61,
  0x6c,0x20,0x50,0x75,0x62,0x6c,0x69,0x63,0x20,0x4c,0x69,0x63,0x65,0x6e,0x73,0x65,
  0x20,0x61,0x73,0x20,0x70,0x75,0x62,0x6c,0x69,0x73,0x68,0x65,0x64,0x20,0x62,0x79,
  0xa,0x20,0x2a,0x20,0x74,0x68,0x65,0x20,0x46,0x72,0x65,0x65,0x20,0x53,0x6f,0x66,
  0x74,0x77,0x61,0x72,0x65,0x20,0x46,0x6f,0x75,0x6e,0x64,0x61,0x74,0x69,0x6f,0x6e,
  0x2c,0x20,0x65,0x69,0x74,0x68,0x65,0x72,0x20,0x76,0x65,0x72,0x73,0x69,0x6f,0x6e,
  0x20,0x33,0x20,0x6f,0x66,0x20,0x74,0x68,0x65,0x20,0x4c,0x69,0x63,0x65,0x6e,0x73,
  0x65,0x2c,0x20,0x6f,0x72,0xa,0x20,0x2a,0x20,0x28,0x61,0x74,0x20,0x79,0x6f,0x75,
  0x72,0x20,0x6f,0x70,0x74,0x69,0x6f,0x6e,0x29,0x20,0x61,0x6e,0x79,0x20,0x6c,0x61,
  0x74,0x65,0x72,0x20,0x76,0x65,0x72,0x73,0x69,0x6f,0x6e,0x2e,0xa,0x20,0x2a,0xa,
  0x20,0x2a,0x20,0x54,0x68,0x69,0x73,0x20,0x70,0x72,0x6f,0x67,0x72,0x61,0x6d,0x20,
  0x69,0x73,0x20,0x64,0x69,0x73,0x74,0x72,0x69,0x62,0x75,0x74,0x65,0x64,0x20,0x69,
  0x6e,0x20,0x74,0x68,0x65,0x20,0x68,0x6f,0x70,0x65,0x20,0x74,0x68,0x61,0x74,0x20,
  0x69,0x74,0x20,0x77,0x69,0x6c,0x6c,0x20,0x62,0x65,0x20,0x75,0x73,0x65,0x66,0x75,
  0x6c,0x2c,0xa,0x20,0x2a,0x20,0x62,0x75,0x74,0x20,0x57,0x49,0x54,0x48,0x4f,0x55,
  0x54,0x20,0x41,0x4e,0x59,0x20,0x57,0x41,0x52,0x52,0x41,0x4e,0x54,0x59,0x3b,0x20,
  0x77,0x69,0x74,0x68,0x6f,0x75,0x74,0x20,0x65,0x76,0x65,0x6e,0x20,0x74,0x68,0x65,
  0x20,0x69,0x6d,0x70,0x6c,0x69,0x65,0x64,0x20,0x77,0x61,0x72,0x72,0x61,0x6e,0x74,
  0x79,0x20,0x6f,0x66,0xa,0x20,0x2a,0x20,0x4d,0x45,0x52,0x43,0x48,0x41,0x4e,0x54,
  0x41,0x42,0x49,0x4c,0x49,0x54,0x59,0x20,0x6f,0x72,0x20,0x46,0x49,0x54,0x4e,0x45,
  0x53,0x53,0x20,0x46,0x4f,0x52,0x20,0x41,0x20,0x50,0x41,0x52,0x54,0x49,0x43,0x55,
  0x4c,0x41,0x52,0x20,0x50,0x55,0x52,0x50,0x4f,0x53,0x45,0x2e,0x20,0x20,0x53,0x65,
  0x65,0x20,0x74,0x68,0x65,0xa,0x20,0x2a,0x20,0x47,0x4e,0x55,0x20,0x47,0x65,0x6e,
  0x65,0x72,0x61,0x6c,0x20,0x50,0x75,0x62,0x6c,0x69,0x63,0x20,0x4c,0x69,0x63,0x65,
  0x6e,0x73,0x65,0x20,0x66,0x6f,0x72,0x20,0x6d,0x6f,0x72,0x65,0x20,0x64,0x65,0x74,
  0x61,0x69,0x6c,0x73,0x2e,0xa,0x20,0x2a,0xa,0x20,0x2a,0x20,0x59,0x6f,0x75,0x20,
  0x73,0x68,0x6f,0x75,0x6c,0x64,0x20,0x68,0x61,0x76,0x65,0x20,0x72,0x65,0x63,0x65,
  0x69,0x76,0x65,0x64,0x20,0x61,0x20,0x63,0x6f,0x70,0x79,0x20,0x6f,0x66,0x20,0x74,
  0x68,0x65,0x20,0x47,0x4e,0x55,0x20,0x47,0x65,0x6e,0x65,0x72,0x61,0x6c,0x20,0x50,
  0x75,0x62,0x6c,0x69,0x63,0x20,0x4c,0x69,0x63,0x65,0x6e,0x73,0x65,0xa,0x20,0x2a,
  0x20,0x61,0x6c,0x6f,0x6e,0x67,0x20,0x77,0x69,0x74,0x68,0x20,0x74,0x68,0x69,0x73,
  0x20,0x70,0x72,0x6f,0x67,0x72,0x61,0x6d,0x2e,0x20,0x20,0x49,0x66,0x20,0x6e,0x6f,
  0x74,0x2c,0x20,0x73,0x65,0x65,0x20,0x3c,0x68,0x74,0x74,0x70,0x3a,0x2f,0x2f,0x77,
  0x77,0x77,0x2e,0x67,0x6e,0x75,0x2e,0x6f,0x72,0x67,0x2f,0x6c,0x69,0x63,0x65,0x6e,
  0x73,0x65,0x73,0x2f,0x3e,0x2e,0xa,0x20,0x2a,0x2f,0xa,0xa,0x69,0x6d,0x70,0x6f,
  0x72,0x74,0x20,0x51,0x74,0x51,0x75,0x69,0x63,0x6b,0x20,0x32,0x2e,0x30,0xa,0x69,
  0x6d,0x70,0x6f,0x72,0x74,0x20,0x53,0x61,0x69,0x6c,0x66,0x69,0x73,0x68,0x2e,0x53,
  0x69,0x6c,0x69,0x63,0x61,0x20,0x31,0x2e,0x30,0xa,0xa,0x45,0x78,0x70,0x61,0x6e,
  0x64,0x69,0x6e,0x67,0x53,0x65,0x63,0x74,0x69,0x6f,0x6e,0x47,0x72,0x6f,0x75,0x70,
  0x20,0x7b,0xa,0x7d,0xa,
    // /home/oles/sailfish/app-sources/harbour-amazfish/ui/qml/components/platform.silica/PopupPL.qml
  0x0,0x0,0x1,0x4d,
  0x69,
  0x6d,0x70,0x6f,0x72,0x74,0x20,0x51,0x74,0x51,0x75,0x69,0x63,0x6b,0x20,0x32,0x2e,
  0x30,0xa,0x69,0x6d,0x70,0x6f,0x72,0x74,0x20,0x4e,0x65,0x6d,0x6f,0x2e,0x4e,0x6f,
  0x74,0x69,0x66,0x69,0x63,0x61,0x74,0x69,0x6f,0x6e,0x73,0x20,0x31,0x2e,0x30,0xa,
  0xa,0x4e,0x6f,0x74,0x69,0x66,0x69,0x63,0x61,0x74,0x69,0x6f,0x6e,0x20,0x7b,0xa,
  0x20,0x20,0x20,0x20,0x69,0x64,0x3a,0x20,0x6e,0x6f,0x74,0x69,0x66,0x69,0x63,0x61,
  0x74,0x69,0x6f,0x6e,0xa,0x20,0x20,0x20,0x20,0x65,0x78,0x70,0x69,0x72,0x65,0x54,
  0x69,0x6d,0x65,0x6f,0x75,0x74,0x3a,0x20,0x35,0x30,0x30,0x30,0xa,0xa,0x20,0x20,
  0x20,0x20,0x66,0x75,0x6e,0x63,0x74,0x69,0x6f,0x6e,0x20,0x73,0x68,0x6f,0x77,0x4d,
  0x65,0x73,0x73,0x61,0x67,0x65,0x28,0x6d,0x73,0x67,0x29,0xa,0x20,0x20,0x20,0x20,
  0x7b,0xa,0x20,0x20,0x20,0x20,0x20,0x20,0x20,0x20,0x6e,0x6f,0x74,0x69,0x66,0x69,
  0x63,0x61,0x74,0x69,0x6f,0x6e,0x2e,0x72,0x65,0x70,0x6c,0x61,0x63,0x65,0x73,0x49,
  0x64,0x20,0x3d,0x20,0x5f,0x6c,0x61,0x73,0x74,0x4e,0x6f,0x74,0x69,0x66,0x69,0x63,
  0x61,0x74,0x69,0x6f,0x6e,0x49,0x64,0xa,0x20,0x20,0x20,0x20,0x20,0x20,0x20,0x20,
  0x6e,0x6f,0x74,0x69,0x66,0x69,0x63,0x61,0x74,0x69,0x6f,0x6e,0x2e,0x70,0x72,0x65,
  0x76,0x69,0x65,0x77,0x42,0x6f,0x64,0x79,0x20,0x3d,0x20,0x6d,0x73,0x67,0xa,0x20,
  0x20,0x20,0x20,0x20,0x20,0x20,0x20,0x6e,0x6f,0x74,0x69,0x66,0x69,0x63,0x61,0x74,
  0x69,0x6f,0x6e,0x2e,0x70,0x75,0x62,0x6c,0x69,0x73,0x68,0x28,0x29,0xa,0x20,0x20,
  0x20,0x20,0x20,0x20,0x20,0x20,0x5f,0x6c,0x61,0x73,0x74,0x4e,0x6f,0x74,0x69,0x66,
  0x69,0x63,0x61,0x74,0x69,0x6f,0x6e,0x49,0x64,0x20,0x3d,0x20,0x6e,0x6f,0x74,0x69,
  0x66,0x69,0x63,0x61,0x74,0x69,0x6f,0x6e,0x2e,0x72,0x65,0x70,0x6c,0x61,0x63,0x65,
  0x73,0x49,0x64,0xa,0x20,0x20,0x20,0x20,0x7d,0xa,0x7d,0xa,
    // /home/oles/sailfish/app-sources/harbour-amazfish/ui/qml/components/platform.silica/ListItemPL.qml
  0x0,0x0,0x3,0xa8,
  0x2f,
  0x2a,0x20,0x2d,0x2a,0x2d,0x20,0x63,0x6f,0x64,0x69,0x6e,0x67,0x3a,0x20,0x75,0x74,
  0x66,0x2d,0x38,0x2d,0x75,0x6e,0x69,0x78,0x20,0x2d,0x2a,0x2d,0xa,0x20,0x2a,0xa,
  0x20,0x2a,0x20,0x43,0x6f,0x70,0x79,0x72,0x69,0x67,0x68,0x74,0x20,0x28,0x43,0x29,
  0x20,0x32,0x30,0x31,0x38,0x20,0x52,0x69,0x6e,0x69,0x67,0x75,0x73,0xa,0x20,0x2a,
  0xa,0x20,0x2a,0x20,0x54,0x68,0x69,0x73,0x20,0x70,0x72,0x6f,0x67,0x72,0x61,0x6d,
  0x20,0x69,0x73,0x20,0x66,0x72,0x65,0x65,0x20,0x73,0x6f,0x66,0x74,0x77,0x61,0x72,
  0x65,0x3a,0x20,0x79,0x6f,0x75,0x20,0x63,0x61,0x6e,0x20,0x72,0x65,0x64,0x69,0x73,
  0x74,0x72,0x69,0x62,0x75,0x74,0x65,0x20,0x69,0x74,0x20,0x61,0x6e,0x64,0x2f,0x6f,
  0x72,0x20,0x6d,0x6f,0x64,0x69,0x66,0x79,0xa,0x20,0x2a,0x20,0x69,0x74,0x20,0x75,
  0x6e,0x64,0x65,0x72,0x20,0x74,0x68,0x65,0x20,0x74,0x65,0x72,0x6d,0x73,0x20,0x6f,
  0x66,0x20,0x74,0x68,0x65,0x20,0x47,0x4e,0x55,0x20,0x47,0x65,0x6e,0x65,0x72,0x61,
  0x6c,0x20,0x50,0x75,0x62,0x6c,0x69,0x63,0x20,0x4c,0x69,0x63,0x65,0x6e,0x73,0x65,
  0x20,0x61,0x73,0x20,0x70,0x75,0x62,0x6c,0x69,0x73,0x68,0x65,0x64,0x20,0x62,0x79,
  0xa,0x20,0x2a,0x20,0x74,0x68,0x65,0x20,0x46,0x72,0x65,0x65,0x20,0x53,0x6f,0x66,
  0x74,0x77,0x61,0x72,0x65,0x20,0x46,0x6f,0x75,0x6e,0x64,0x61,0x74,0x69,0x6f,0x6e,
  0x2c,0x20,0x65,0x69,0x74,0x68,0x65,0x72,0x20,0x76,0x65,0x72,0x73,0x69,0x6f,0x6e,
  0x20,0x33,0x20,0x6f,0x66,0x20,0x74,0x68,0x65,0x20,0x4c,0x69,0x63,0x65,0x6e,0x73,
  0x65,0x2c,0x20,0x6f,0x72,0xa,0x20,0x2a,0x20,0x28,0x61,0x74,0x20,0x79,0x6f,0x75,
  0x72,0x20,0x6f,0x70,0x74,0x69,0x6f,0x6e,0x29,0x20,0x61,0x6e,0x79,0x20,0x6c,0x61,
  0x74,0x65,0x72,0x20,0x76,0x65,0x72,0x73,0x69,0x6f,0x6e,0x2e,0xa,0x20,0x2a,0xa,
  0x20,0x2a,0x20,0x54,0x68,0x69,0x73,0x20,0x70,0x72,0x6f,0x67,0x72,0x61,0x6d,0x20,
  0x69,0x73,0x20,0x64,0x69,0x73,0x74,0x72,0x69,0x62,0x75,0x74,0x65,0x64,0x20,0x69,
  0x6e,0x20,0x74,0x68,0x65,0x20,0x68,0x6f,0x70,0x65,0x20,0x74,0x68,0x61,0x74,0x20,
  0x69,0x74,0x20,0x77,0x69,0x6c,0x6c,0x20,0x62,0x65,0x20,0x75,0x73,0x65,0x66,0x75,
  0x6c,0x2c,0xa,0x20,0x2a,0x20,0x62,0x75,0x74,0x20,0x57,0x49,0x54,0x48,0x4f,0x55,
  0x54,0x20,0x41,0x4e,0x59,0x20,0x57,0x41,0x52,0x52,0x41,0x4e,0x54,0x59,0x3b,0x20,
  0x77,0x69,0x74,0x68,0x6f,0x75,0x74,0x20,0x65,0x76,0x65,0x6e,0x20,0x74,0x68,0x65,
  0x20,0x69,0x6d,0x70,0x6c,0x69,0x65,0x64,0x20,0x77,0x61,0x72,0x72,0x61,0x6e,0x74,
  0x79,0x20,0x6f,0x66,0xa,0x20,0x2a,0x20,0x4d,0x45,0x52,0x43,0x48,0x41,0x4e,0x54,
  0x41,0x42,0x49,0x4c,0x49,0x54,0x59,0x20,0x6f,0x72,0x20,0x46,0x49,0x54,0x4e,0x45,
  0x53,0x53,0x20,0x46,0x4f,0x52,0x20,0x41,0x20,0x50,0x41,0x52,0x54,0x49,0x43,0x55,
  0x4c,0x41,0x52,0x20,0x50,0x55,0x52,0x50,0x4f,0x53,0x45,0x2e,0x20,0x20,0x53,0x65,
  0x65,0x20,0x74,0x68,0x65,0xa,0x20,0x2a,0x20,0x47,0x4e,0x55,0x20,0x47,0x65,0x6e,
  0x65,0x72,0x61,0x6c,0x20,0x50,0x75,0x62,0x6c,0x69,0x63,0x20,0x4c,0x69,0x63,0x65,
  0x6e,0x73,0x65,0x20,0x66,0x6f,0x72,0x20,0x6d,0x6f,0x72,0x65,0x20,0x64,0x65,0x74,
  0x61,0x69,0x6c,0x73,0x2e,0xa,0x20,0x2a,0xa,0x20,0x2a,0x20,0x59,0x6f,0x75,0x20,
  0x73,0x68,0x6f,0x75,0x6c,0x64,0x20,0x68,0x61,0x76,0x65,0x20,0x72,0x65,0x63,0x65,
  0x69,0x76,0x65,0x64,0x20,0x61,0x20,0x63,0x6f,0x70,0x79,0x20,0x6f,0x66,0x20,0x74,
  0x68,0x65,0x20,0x47,0x4e,0x55,0x20,0x47,0x65,0x6e,0x65,0x72,0x61,0x6c,0x20,0x50,
  0x75,0x62,0x6c,0x69,0x63,0x20,0x4c,0x69,0x63,0x65,0x6e,0x73,0x65,0xa,0x20,0x2a,
  0x20,0x61,0x6c,0x6f,0x6e,0x67,0x20,0x77,0x69,0x74,0x68,0x20,0x74,0x68,0x69,0x73,
  0x20,0x70,0x72,0x6f,0x67,0x72,0x61,0x6d,0x2e,0x20,0x20,0x49,0x66,0x20,0x6e,0x6f,
  0x74,0x2c,0x20,0x73,0x65,0x65,0x20,0x3c,0x68,0x74,0x74,0x70,0x3a,0x2f,0x2f,0x77,
  0x77,0x77,0x2e,0x67,0x6e,0x75,0x2e,0x6f,0x72,0x67,0x2f,0x6c,0x69,0x63,0x65,0x6e,
  0x73,0x65,0x73,0x2f,0x3e,0x2e,0xa,0x20,0x2a,0x2f,0xa,0xa,0x69,0x6d,0x70,0x6f,
  0x72,0x74,0x20,0x51,0x74,0x51,0x75,0x69,0x63,0x6b,0x20,0x32,0x2e,0x30,0xa,0x69,
  0x6d,0x70,0x6f,0x72,0x74,0x20,0x53,0x61,0x69,0x6c,0x66,0x69,0x73,0x68,0x2e,0x53,
  0x69,0x6c,0x69,0x63,0x61,0x20,0x31,0x2e,0x30,0xa,0xa,0x4c,0x69,0x73,0x74,0x49,
  0x74,0x65,0x6d,0x20,0x7b,0xa,0x20,0x20,0x20,0x20,0x69,0x64,0x3a,0x20,0x72,0x6f,
  0x6f,0x74,0xa,0x20,0x20,0x20,0x20,0x2f,0x2f,0x20,0x72,0x65,0x71,0x75,0x69,0x72,
  0x65,0x64,0x20,0x70,0x72,0x6f,0x70,0x65,0x72,0x74,0x69,0x65,0x73,0x3a,0xa,0x20,
  0x20,0x20,0x20,0x2f,0x2f,0x20,0x20,0x20,0x20,0x63,0x6f,0x6e,0x74,0x65,0x6e,0x74,
  0x48,0x65,0x69,0x67,0x68,0x74,0xa,0x20,0x20,0x20,0x20,0x2f,0x2f,0x20,0x20,0x20,
  0x20,0x6d,0x65,0x6e,0x75,0xa,0x20,0x20,0x20,0x20,0x2f,0x2f,0xa,0x20,0x20,0x20,
  0x20,0x2f,0x2f,0x20,0x73,0x69,0x67,0x6e,0x61,0x6c,0x73,0x3a,0x20,0x63,0x6c,0x69,
  0x63,0x6b,0x65,0x64,0xa,0x20,0x20,0x20,0x20,0x70,0x72,0x6f,0x70,0x65,0x72,0x74,
  0x79,0x20,0x61,0x6c,0x69,0x61,0x73,0x20,0x65,0x6d,0x70,0x68,0x61,0x73,0x69,0x7a,
  0x65,0x64,0x3a,0x20,0x72,0x6f,0x6f,0x74,0x2e,0x68,0x69,0x67,0x68,0x6c,0x69,0x67,
  0x68,0x74,0x65,0x64,0xa,0x7d,0xa,
    // /home/oles/sailfish/app-sources/harbour-amazfish/ui/qml/components/platform.silica/SectionHeaderPL.qml
  0x0,0x0,0x3,0xe,
  0x2f,
  0x2a,0x20,0x2d,0x2a,0x2d,0x20,0x63,0x6f,0x64,0x69,0x6e,0x67,0x3a,0x20,0x75,0x74,
  0x66,0x2d,0x38,0x2d,0x75,0x6e,0x69,0x78,0x20,0x2d,0x2a,0x2d,0xa,0x20,0x2a,0xa,
  0x20,0x2a,0x20,0x43,0x6f,0x70,0x79,0x72,0x69,0x67,0x68,0x74,0x20,0x28,0x43,0x29,
  0x20,0x32,0x30,0x31,0x38,0x20,0x52,0x69,0x6e,0x69,0x67,0x75,0x73,0xa,0x20,0x2a,
  0xa,0x20,0x2a,0x20,0x54,0x68,0x69,0x73,0x20,0x70,0x72,0x6f,0x67,0x72,0x61,0x6d,
  0x20,0x69,0x73,0x20,0x66,0x72,0x65,0x65,0x20,0x73,0x6f,0x66,0x74,0x77,0x61,0x72,
  0x65,0x3a,0x20,0x79,0x6f,0x75,0x20,0x63,0x61,0x6e,0x20,0x72,0x65,0x64,0x69,0x73,
  0x74,0x72,0x69,0x62,0x75,0x74,0x65,0x20,0x69,0x74,0x20,0x61,0x6e,0x64,0x2f,0x6f,
  0x72,0x20,0x6d,0x6f,0x64,0x69,0x66,0x79,0xa,0x20,0x2a,0x20,0x69,0x74,0x20,0x75,
  0x6e,0x64,0x65,0x72,0x20,0x74,0x68,0x65,0x20,0x74,0x65,0x72,0x6d,0x73,0x20,0x6f,
  0x66,0x20,0x74,0x68,0x65,0x20,0x47,0x4e,0x55,0x20,0x47,0x65,0x6e,0x65,0x72,0x61,
  0x6c,0x20,0x50,0x75,0x62,0x6c,0x69,0x63,0x20,0x4c,0x69,0x63,0x65,0x6e,0x73,0x65,
  0x20,0x61,0x73,0x20,0x70,0x75,0x62,0x6c,0x69,0x73,0x68,0x65,0x64,0x20,0x62,0x79,
  0xa,0x20,0x2a,0x20,0x74,0x68,0x65,0x20,0x46,0x72,0x65,0x65,0x20,0x53,0x6f,0x66,
  0x74,0x77,0x61,0x72,0x65,0x20,0x46,0x6f,0x75,0x6e,0x64,0x61,0x74,0x69,0x6f,0x6e,
  0x2c,0x20,0x65,0x69,0x74,0x68,0x65,0x72,0x20,0x76,0x65,0x72,0x73,0x69,0x6f,0x6e,
  0x20,0x33,0x20,0x6f,0x66,0x20,0x74,0x68,0x65,0x20,0x4c,0x69,0x63,0x65,0x6e,0x73,
  0x65,0x2c,0x20,0x6f,0x72,0xa,0x20,0x2a,0x20,0x28,0x61,0x74,0x20,0x79,0x6f,0x75,
  0x72,0x20,0x6f,0x70,0x74,0x69,0x6f,0x6e,0x29,0x20,0x61,0x6e,0x79,0x20,0x6c,0x61,
  0x74,0x65,0x72,0x20,0x76,0x65,0x72,0x73,0x69,0x6f,0x6e,0x2e,0xa,0x20,0x2a,0xa,
  0x20,0x2a,0x20,0x54,0x68,0x69,0x73,0x20,0x70,0x72,0x6f,0x67,0x72,0x61,0x6d,0x20,
  0x69,0x73,0x20,0x64,0x69,0x73,0x74,0x72,0x69,0x62,0x75,0x74,0x65,0x64,0x20,0x69,
  0x6e,0x20,0x74,0x68,0x65,0x20,0x68,0x6f,0x70,0x65,0x20,0x74,0x68,0x61,0x74,0x20,
  0x69,0x74,0x20,0x77,0x69,0x6c,0x6c,0x20,0x62,0x65,0x20,0x75,0x73,0x65,0x66,0x75,
  0x6c,0x2c,0xa,0x20,0x2a,0x20,0x62,0x75,0x74,0x20,0x57,0x49,0x54,0x48,0x4f,0x55,
  0x54,0x20,0x41,0x4e,0x59,0x20,0x57,0x41,0x52,0x52,0x41,0x4e,0x54,0x59,0x3b,0x20,
  0x77,0x69,0x74,0x68,0x6f,0x75,0x74,0x20,0x65,0x76,0x65,0x6e,0x20,0x74,0x68,0x65,
  0x20,0x69,0x6d,0x70,0x6c,0x69,0x65,0x64,0x20,0x77,0x61,0x72,0x72,0x61,0x6e,0x74,
  0x79,0x20,0x6f,0x66,0xa,0x20,0x2a,0x20,0x4d,0x45,0x52,0x43,0x48,0x41,0x4e,0x54,
  0x41,0x42,0x49,0x4c,0x49,0x54,0x59,0x20,0x6f,0x72,0x20,0x46,0x49,0x54,0x4e,0x45,
  0x53,0x53,0x20,0x46,0x4f,0x52,0x20,0x41,0x20,0x50,0x41,0x52,0x54,0x49,0x43,0x55,
  0x4c,0x41,0x52,0x20,0x50,0x55,0x52,0x50,0x4f,0x53,0x45,0x2e,0x20,0x20,0x53,0x65,
  0x65,0x20,0x74,0x68,0x65,0xa,0x20,0x2a,0x20,0x47,0x4e,0x55,0x20,0x47,0x65,0x6e,
  0x65,0x72,0x61,0x6c,0x20,0x50,0x75,0x62,0x6c,0x69,0x63,0x20,0x4c,0x69,0x63,0x65,
  0x6e,0x73,0x65,0x20,0x66,0x6f,0x72,0x20,0x6d,0x6f,0x72,0x65,0x20,0x64,0x65,0x74,
  0x61,0x69,0x6c,0x73,0x2e,0xa,0x20,0x2a,0xa,0x20,0x2a,0x20,0x59,0x6f,0x75,0x20,
  0x73,0x68,0x6f,0x75,0x6c,0x64,0x20,0x68,0x61,0x76,0x65,0x20,0x72,0x65,0x63,0x65,
  0x69,0x76,0x65,0x64,0x20,0x61,0x20,0x63,0x6f,0x70,0x79,0x20,0x6f,0x66,0x20,0x74,
  0x68,0x65,0x20,0x47,0x4e,0x55,0x20,0x47,0x65,0x6e,0x65,0x72,0x61,0x6c,0x20,0x50,
  0x75,0x62,0x6c,0x69,0x63,0x20,0x4c,0x69,0x63,0x65,0x6e,0x73,0x65,0xa,0x20,0x2a,
  0x20,0x61,0x6c,0x6f,0x6e,0x67,0x20,0x77,0x69,0x74,0x68,0x20,0x74,0x68,0x69,0x73,
  0x20,0x70,0x72,0x6f,0x67,0x72,0x61,0x6d,0x2e,0x20,0x20,0x49,0x66,0x20,0x6e,0x6f,
  0x74,0x2c,0x20,0x73,0x65,0x65,0x20,0x3c,0x68,0x74,0x74,0x70,0x3a,0x2f,0x2f,0x77,
  0x77,0x77,0x2e,0x67,0x6e,0x75,0x2e,0x6f,0x72,0x67,0x2f,0x6c,0x69,0x63,0x65,0x6e,
  0x73,0x65,0x73,0x2f,0x3e,0x2e,0xa,0x20,0x2a,0x2f,0xa,0xa,0x69,0x6d,0x70,0x6f,
  0x72,0x74,0x20,0x51,0x74,0x51,0x75,0x69,0x63,0x6b,0x20,0x32,0x2e,0x30,0xa,0x69,
  0x6d,0x70,0x6f,0x72,0x74,0x20,0x53,0x61,0x69,0x6c,0x66,0x69,0x73,0x68,0x2e,0x53,
  0x69,0x6c,0x69,0x63,0x61,0x20,0x31,0x2e,0x30,0xa,0xa,0x53,0x65,0x63,0x74,0x69,
  0x6f,0x6e,0x48,0x65,0x61,0x64,0x65,0x72,0x20,0x7b,0xa,0x7d,0xa,
    // /home/oles/sailfish/app-sources/harbour-amazfish/ui/qml/components/platform.silica/PageMenuPL.qml
  0x0,0x0,0x3,0xd,
  0x2f,
  0x2a,0x20,0x2d,0x2a,0x2d,0x20,0x63,0x6f,0x64,0x69,0x6e,0x67,0x3a,0x20,0x75,0x74,
  0x66,0x2d,0x38,0x2d,0x75,0x6e,0x69,0x78,0x20,0x2d,0x2a,0x2d,0xa,0x20,0x2a,0xa,
  0x20,0x2a,0x20,0x43,0x6f,0x70,0x79,0x72,0x69,0x67,0x68,0x74,0x20,0x28,0x43,0x29,
  0x20,0x32,0x30,0x31,0x38,0x20,0x52,0x69,0x6e,0x69,0x67,0x75,0x73,0xa,0x20,0x2a,
  0xa,0x20,0x2a,0x20,0x54,0x68,0x69,0x73,0x20,0x70,0x72,0x6f,0x67,0x72,0x61,0x6d,
  0x20,0x69,0x73,0x20,0x66,0x72,0x65,0x65,0x20,0x73,0x6f,0x66,0x74,0x77,0x61,0x72,
  0x65,0x3a,0x20,0x79,0x6f,0x75,0x20,0x63,0x61,0x6e,0x20,0x72,0x65,0x64,0x69,0x73,
  0x74,0x72,0x69,0x62,0x75,0x74,0x65,0x20,0x69,0x74,0x20,0x61,0x6e,0x64,0x2f,0x6f,
  0x72,0x20,0x6d,0x6f,0x64,0x69,0x66,0x79,0xa,0x20,0x2a,0x20,0x69,0x74,0x20,0x75,
  0x6e,0x64,0x65,0x72,0x20,0x74,0x68,0x65,0x20,0x74,0x65,0x72,0x6d,0x73,0x20,0x6f,
  0x66,0x20,0x74,0x68,0x65,0x20,0x47,0x4e,0x55,0x20,0x47,0x65,0x6e,0x65,0x72,0x61,
  0x6c,0x20,0x50,0x75,0x62,0x6c,0x69,0x63,0x20,0x4c,0x69,0x63,0x65,0x6e,0x73,0x65,
  0x20,0x61,0x73,0x20,0x70,0x75,0x62,0x6c,0x69,0x73,0x68,0x65,0x64,0x20,0x62,0x79,
  0xa,0x20,0x2a,0x20,0x74,0x68,0x65,0x20,0x46,0x72,0x65,0x65,0x20,0x53,0x6f,0x66,
  0x74,0x77,0x61,0x72,0x65,0x20,0x46,0x6f,0x75,0x6e,0x64,0x61,0x74,0x69,0x6f,0x6e,
  0x2c,0x20,0x65,0x69,0x74,0x68,0x65,0x72,0x20,0x76,0x65,0x72,0x73,0x69,0x6f,0x6e,
  0x20,0x33,0x20,0x6f,0x66,0x20,0x74,0x68,0x65,0x20,0x4c,0x69,0x63,0x65,0x6e,0x73,
  0x65,0x2c,0x20,0x6f,0x72,0xa,0x20,0x2a,0x20,0x28,0x61,0x74,0x20,0x79,0x6f,0x75,
  0x72,0x20,0x6f,0x70,0x74,0x69,0x6f,0x6e,0x29,0x20,0x61,0x6e,0x79,0x20,0x6c,0x61,
  0x74,0x65,0x72,0x20,0x76,0x65,0x72,0x73,0x69,0x6f,0x6e,0x2e,0xa,0x20,0x2a,0xa,
  0x20,0x2a,0x20,0x54,0x68,0x69,0x73,0x20,0x70,0x72,0x6f,0x67,0x72,0x61,0x6d,0x20,
  0x69,0x73,0x20,0x64,0x69,0x73,0x74,0x72,0x69,0x62,0x75,0x74,0x65,0x64,0x20,0x69,
  0x6e,0x20,0x74,0x68,0x65,0x20,0x68,0x6f,0x70,0x65,0x20,0x74,0x68,0x61,0x74,0x20,
  0x69,0x74,0x20,0x77,0x69,0x6c,0x6c,0x20,0x62,0x65,0x20,0x75,0x73,0x65,0x66,0x75,
  0x6c,0x2c,0xa,0x20,0x2a,0x20,0x62,0x75,0x74,0x20,0x57,0x49,0x54,0x48,0x4f,0x55,
  0x54,0x20,0x41,0x4e,0x59,0x20,0x57,0x41,0x52,0x52,0x41,0x4e,0x54,0x59,0x3b,0x20,
  0x77,0x69,0x74,0x68,0x6f,0x75,0x74,0x20,0x65,0x76,0x65,0x6e,0x20,0x74,0x68,0x65,
  0x20,0x69,0x6d,0x70,0x6c,0x69,0x65,0x64,0x20,0x77,0x61,0x72,0x72,0x61,0x6e,0x74,
  0x79,0x20,0x6f,0x66,0xa,0x20,0x2a,0x20,0x4d,0x45,0x52,0x43,0x48,0x41,0x4e,0x54,
  0x41,0x42,0x49,0x4c,0x49,0x54,0x59,0x20,0x6f,0x72,0x20,0x46,0x49,0x54,0x4e,0x45,
  0x53,0x53,0x20,0x46,0x4f,0x52,0x20,0x41,0x20,0x50,0x41,0x52,0x54,0x49,0x43,0x55,
  0x4c,0x41,0x52,0x20,0x50,0x55,0x52,0x50,0x4f,0x53,0x45,0x2e,0x20,0x20,0x53,0x65,
  0x65,0x20,0x74,0x68,0x65,0xa,0x20,0x2a,0x20,0x47,0x4e,0x55,0x20,0x47,0x65,0x6e,
  0x65,0x72,0x61,0x6c,0x20,0x50,0x75,0x62,0x6c,0x69,0x63,0x20,0x4c,0x69,0x63,0x65,
  0x6e,0x73,0x65,0x20,0x66,0x6f,0x72,0x20,0x6d,0x6f,0x72,0x65,0x20,0x64,0x65,0x74,
  0x61,0x69,0x6c,0x73,0x2e,0xa,0x20,0x2a,0xa,0x20,0x2a,0x20,0x59,0x6f,0x75,0x20,
  0x73,0x68,0x6f,0x75,0x6c,0x64,0x20,0x68,0x61,0x76,0x65,0x20,0x72,0x65,0x63,0x65,
  0x69,0x76,0x65,0x64,0x20,0x61,0x20,0x63,0x6f,0x70,0x79,0x20,0x6f,0x66,0x20,0x74,
  0x68,0x65,0x20,0x47,0x4e,0x55,0x20,0x47,0x65,0x6e,0x65,0x72,0x61,0x6c,0x20,0x50,
  0x75,0x62,0x6c,0x69,0x63,0x20,0x4c,0x69,0x63,0x65,0x6e,0x73,0x65,0xa,0x20,0x2a,
  0x20,0x61,0x6c,0x6f,0x6e,0x67,0x20,0x77,0x69,0x74,0x68,0x20,0x74,0x68,0x69,0x73,
  0x20,0x70,0x72,0x6f,0x67,0x72,0x61,0x6d,0x2e,0x20,0x20,0x49,0x66,0x20,0x6e,0x6f,
  0x74,0x2c,0x20,0x73,0x65,0x65,0x20,0x3c,0x68,0x74,0x74,0x70,0x3a,0x2f,0x2f,0x77,
  0x77,0x77,0x2e,0x67,0x6e,0x75,0x2e,0x6f,0x72,0x67,0x2f,0x6c,0x69,0x63,0x65,0x6e,
  0x73,0x65,0x73,0x2f,0x3e,0x2e,0xa,0x20,0x2a,0x2f,0xa,0xa,0x69,0x6d,0x70,0x6f,
  0x72,0x74,0x20,0x51,0x74,0x51,0x75,0x69,0x63,0x6b,0x20,0x32,0x2e,0x30,0xa,0x69,
  0x6d,0x70,0x6f,0x72,0x74,0x20,0x53,0x61,0x69,0x6c,0x66,0x69,0x73,0x68,0x2e,0x53,
  0x69,0x6c,0x69,0x63,0x61,0x20,0x31,0x2e,0x30,0xa,0xa,0x50,0x75,0x6c,0x6c,0x44,
  0x6f,0x77,0x6e,0x4d,0x65,0x6e,0x75,0x20,0x7b,0xa,0x7d,0xa,
    // /home/oles/sailfish/app-sources/harbour-amazfish/ui/qml/components/platform.silica/ListViewPL.qml
  0x0,0x0,0x0,0x42,
  0x69,
  0x6d,0x70,0x6f,0x72,0x74,0x20,0x51,0x74,0x51,0x75,0x69,0x63,0x6b,0x20,0x32,0x2e,
  0x30,0xa,0x69,0x6d,0x70,0x6f,0x72,0x74,0x20,0x53,0x61,0x69,0x6c,0x66,0x69,0x73,
  0x68,0x2e,0x53,0x69,0x6c,0x69,0x63,0x61,0x20,0x31,0x2e,0x30,0xa,0xa,0x53,0x69,
  0x6c,0x69,0x63,0x61,0x4c,0x69,0x73,0x74,0x56,0x69,0x65,0x77,0x20,0x7b,0xa,0x7d,
  0xa,
    // /home/oles/sailfish/app-sources/harbour-amazfish/ui/qml/components/platform.silica/DialogPL.qml
  0x0,0x0,0x8,0x9d,
  0x2f,
  0x2a,0x20,0x2d,0x2a,0x2d,0x20,0x63,0x6f,0x64,0x69,0x6e,0x67,0x3a,0x20,0x75,0x74,
  0x66,0x2d,0x38,0x2d,0x75,0x6e,0x69,0x78,0x20,0x2d,0x2a,0x2d,0xa,0x20,0x2a,0xa,
  0x20,0x2a,0x20,0x43,0x6f,0x70,0x79,0x72,0x69,0x67,0x68,0x74,0x20,0x28,0x43,0x29,
  0x20,0x32,0x30,0x31,0x38,0x20,0x52,0x69,0x6e,0x69,0x67,0x75,0x73,0xa,0x20,0x2a,
  0xa,0x20,0x2a,0x20,0x54,0x68,0x69,0x73,0x20,0x70,0x72,0x6f,0x67,0x72,0x61,0x6d,
  0x20,0x69,0x73,0x20,0x66,0x72,0x65,0x65,0x20,0x73,0x6f,0x66,0x74,0x77,0x61,0x72,
  0x65,0x3a,0x20,0x79,0x6f,0x75,0x20,0x63,0x61,0x6e,0x20,0x72,0x65,0x64,0x69,0x73,
  0x74,0x72,0x69,0x62,0x75,0x74,0x65,0x20,0x69,0x74,0x20,0x61,0x6e,0x64,0x2f,0x6f,
  0x72,0x20,0x6d,0x6f,0x64,0x69,0x66,0x79,0xa,0x20,0x2a,0x20,0x69,0x74,0x20,0x75,
  0x6e,0x64,0x65,0x72,0x20,0x74,0x68,0x65,0x20,0x74,0x65,0x72,0x6d,0x73,0x20,0x6f,
  0x66,0x20,0x74,0x68,0x65,0x20,0x47,0x4e,0x55,0x20,0x47,0x65,0x6e,0x65,0x72,0x61,
  0x6c,0x20,0x50,0x75,0x62,0x6c,0x69,0x63,0x20,0x4c,0x69,0x63,0x65,0x6e,0x73,0x65,
  0x20,0x61,0x73,0x20,0x70,0x75,0x62,0x6c,0x69,0x73,0x68,0x65,0x64,0x20,0x62,0x79,
  0xa,0x20,0x2a,0x20,0x74,0x68,0x65,0x20,0x46,0x72,0x65,0x65,0x20,0x53,0x6f,0x66,
  0x74,0x77,0x61,0x72,0x65,0x20,0x46,0x6f,0x75,0x6e,0x64,0x61,0x74,0x69,0x6f,0x6e,
  0x2c,0x20,0x65,0x69,0x74,0x68,0x65,0x72,0x20,0x76,0x65,0x72,0x73,0x69,0x6f,0x6e,
  0x20,0x33,0x20,0x6f,0x66,0x20,0x74,0x68,0x65,0x20,0x4c,0x69,0x63,0x65,0x6e,0x73,
  0x65,0x2c,0x20,0x6f,0x72,0xa,0x20,0x2a,0x20,0x28,0x61,0x74,0x20,0x79,0x6f,0x75,
  0x72,0x20,0x6f,0x70,0x74,0x69,0x6f,0x6e,0x29,0x20,0x61,0x6e,0x79,0x20,0x6c,0x61,
  0x74,0x65,0x72,0x20,0x76,0x65,0x72,0x73,0x69,0x6f,0x6e,0x2e,0xa,0x20,0x2a,0xa,
  0x20,0x2a,0x20,0x54,0x68,0x69,0x73,0x20,0x70,0x72,0x6f,0x67,0x72,0x61,0x6d,0x20,
  0x69,0x73,0x20,0x64,0x69,0x73,0x74,0x72,0x69,0x62,0x75,0x74,0x65,0x64,0x20,0x69,
  0x6e,0x20,0x74,0x68,0x65,0x20,0x68,0x6f,0x70,0x65,0x20,0x74,0x68,0x61,0x74,0x20,
  0x69,0x74,0x20,0x77,0x69,0x6c,0x6c,0x20,0x62,0x65,0x20,0x75,0x73,0x65,0x66,0x75,
  0x6c,0x2c,0xa,0x20,0x2a,0x20,0x62,0x75,0x74,0x20,0x57,0x49,0x54,0x48,0x4f,0x55,
  0x54,0x20,0x41,0x4e,0x59,0x20,0x57,0x41,0x52,0x52,0x41,0x4e,0x54,0x59,0x3b,0x20,
  0x77,0x69,0x74,0x68,0x6f,0x75,0x74,0x20,0x65,0x76,0x65,0x6e,0x20,0x74,0x68,0x65,
  0x20,0x69,0x6d,0x70,0x6c,0x69,0x65,0x64,0x20,0x77,0x61,0x72,0x72,0x61,0x6e,0x74,
  0x79,0x20,0x6f,0x66,0xa,0x20,0x2a,0x20,0x4d,0x45,0x52,0x43,0x48,0x41,0x4e,0x54,
  0x41,0x42,0x49,0x4c,0x49,0x54,0x59,0x20,0x6f,0x72,0x20,0x46,0x49,0x54,0x4e,0x45,
  0x53,0x53,0x20,0x46,0x4f,0x52,0x20,0x41,0x20,0x50,0x41,0x52,0x54,0x49,0x43,0x55,
  0x4c,0x41,0x52,0x20,0x50,0x55,0x52,0x50,0x4f,0x53,0x45,0x2e,0x20,0x20,0x53,0x65,
  0x65,0x20,0x74,0x68,0x65,0xa,0x20,0x2a,0x20,0x47,0x4e,0x55,0x20,0x47,0x65,0x6e,
  0x65,0x72,0x61,0x6c,0x20,0x50,0x75,0x62,0x6c,0x69,0x63,0x20,0x4c,0x69,0x63,0x65,
  0x6e,0x73,0x65,0x20,0x66,0x6f,0x72,0x20,0x6d,0x6f,0x72,0x65,0x20,0x64,0x65,0x74,
  0x61,0x69,0x6c,0x73,0x2e,0xa,0x20,0x2a,0xa,0x20,0x2a,0x20,0x59,0x6f,0x75,0x20,
  0x73,0x68,0x6f,0x75,0x6c,0x64,0x20,0x68,0x61,0x76,0x65,0x20,0x72,0x65,0x63,0x65,
  0x69,0x76,0x65,0x64,0x20,0x61,0x20,0x63,0x6f,0x70,0x79,0x20,0x6f,0x66,0x20,0x74,
  0x68,0x65,0x20,0x47,0x4e,0x55,0x20,0x47,0x65,0x6e,0x65,0x72,0x61,0x6c,0x20,0x50,
  0x75,0x62,0x6c,0x69,0x63,0x20,0x4c,0x69,0x63,0x65,0x6e,0x73,0x65,0xa,0x20,0x2a,
  0x20,0x61,0x6c,0x6f,0x6e,0x67,0x20,0x77,0x69,0x74,0x68,0x20,0x74,0x68,0x69,0x73,
  0x20,0x70,0x72,0x6f,0x67,0x72,0x61,0x6d,0x2e,0x20,0x20,0x49,0x66,0x20,0x6e,0x6f,
  0x74,0x2c,0x20,0x73,0x65,0x65,0x20,0x3c,0x68,0x74,0x74,0x70,0x3a,0x2f,0x2f,0x77,
  0x77,0x77,0x2e,0x67,0x6e,0x75,0x2e,0x6f,0x72,0x67,0x2f,0x6c,0x69,0x63,0x65,0x6e,
  0x73,0x65,0x73,0x2f,0x3e,0x2e,0xa,0x20,0x2a,0x2f,0xa,0xa,0x69,0x6d,0x70,0x6f,
  0x72,0x74,0x20,0x51,0x74,0x51,0x75,0x69,0x63,0x6b,0x20,0x32,0x2e,0x30,0xa,0x69,
  0x6d,0x70,0x6f,0x72,0x74,0x20,0x53,0x61,0x69,0x6c,0x66,0x69,0x73,0x68,0x2e,0x53,
  0x69,0x6c,0x69,0x63,0x61,0x20,0x31,0x2e,0x30,0xa,0xa,0x44,0x69,0x61,0x6c,0x6f,
  0x67,0x20,0x7b,0xa,0x20,0x20,0x20,0x20,0x69,0x64,0x3a,0x20,0x70,0x61,0x67,0x65,
  0xa,0x20,0x20,0x20,0x20,0x61,0x6c,0x6c,0x6f,0x77,0x65,0x64,0x4f,0x72,0x69,0x65,
  0x6e,0x74,0x61,0x74,0x69,0x6f,0x6e,0x73,0x3a,0x20,0x61,0x70,0x70,0x2e,0x64,0x65,
  0x66,0x61,0x75,0x6c,0x74,0x41,0x6c,0x6c,0x6f,0x77,0x65,0x64,0x4f,0x72,0x69,0x65,
  0x6e,0x74,0x61,0x74,0x69,0x6f,0x6e,0x73,0xa,0xa,0x20,0x20,0x20,0x20,0x70,0x72,
  0x6f,0x70,0x65,0x72,0x74,0x79,0x20,0x62,0x6f,0x6f,0x6c,0x20,0x20,0x20,0x61,0x63,
  0x63,0x65,0x70,0x74,0x44,0x65,0x73,0x74,0x69,0x6e,0x61,0x74,0x69,0x6f,0x6e,0x50,
  0x6f,0x70,0x3a,0x20,0x66,0x61,0x6c,0x73,0x65,0xa,0x20,0x20,0x20,0x20,0x70,0x72,
  0x6f,0x70,0x65,0x72,0x74,0x79,0x20,0x73,0x74,0x72,0x69,0x6e,0x67,0x20,0x61,0x63,
  0x63,0x65,0x70,0x74,0x49,0x63,0x6f,0x6e,0x4e,0x61,0x6d,0x65,0x20,0x2f,0x2f,0x20,
  0x66,0x6f,0x72,0x20,0x63,0x6f,0x6d,0x70,0x61,0x74,0x69,0x62,0x69,0x6c,0x69,0x74,
  0x79,0xa,0x20,0x20,0x20,0x20,0x70,0x72,0x6f,0x70,0x65,0x72,0x74,0x79,0x20,0x73,
  0x74,0x72,0x69,0x6e,0x67,0x20,0x61,0x63,0x63,0x65,0x70,0x74,0x54,0x65,0x78,0x74,
  0xa,0x20,0x20,0x20,0x20,0x64,0x65,0x66,0x61,0x75,0x6c,0x74,0x20,0x70,0x72,0x6f,
  0x70,0x65,0x72,0x74,0x79,0x20,0x61,0x6c,0x69,0x61,0x73,0x20,0x63,0x6f,0x6e,0x74,
  0x65,0x6e,0x74,0x3a,0x20,0x69,0x74,0x65,0x6d,0x43,0x6f,0x6e,0x74,0x2e,0x64,0x61,
  0x74,0x61,0xa,0x20,0x20,0x20,0x20,0x70,0x72,0x6f,0x70,0x65,0x72,0x74,0x79,0x20,
  0x73,0x74,0x72,0x69,0x6e,0x67,0x20,0x74,0x69,0x74,0x6c,0x65,0xa,0xa,0x20,0x20,
  0x20,0x20,0x73,0x69,0x67,0x6e,0x61,0x6c,0x20,0x70,0x61,0x67,0x65,0x53,0x74,0x61,
  0x74,0x75,0x73,0x41,0x63,0x74,0x69,0x76,0x61,0x74,0x69,0x6e,0x67,0xa,0x20,0x20,
  0x20,0x20,0x73,0x69,0x67,0x6e,0x61,0x6c,0x20,0x70,0x61,0x67,0x65,0x53,0x74,0x61,
  0x74,0x75,0x73,0x41,0x63,0x74,0x69,0x76,0x65,0xa,0x20,0x20,0x20,0x20,0x73,0x69,
  0x67,0x6e,0x61,0x6c,0x20,0x70,0x61,0x67,0x65,0x53,0x74,0x61,0x74,0x75,0x73,0x49,
  0x6e,0x61,0x63,0x74,0x69,0x76,0x65,0xa,0xa,0x20,0x20,0x20,0x20,0x53,0x69,0x6c,
  0x69,0x63,0x61,0x46,0x6c,0x69,0x63,0x6b,0x61,0x62,0x6c,0x65,0x20,0x7b,0xa,0x20,
  0x20,0x20,0x20,0x20,0x20,0x20,0x20,0x69,0x64,0x3a,0x20,0x66,0x6c,0x69,0x63,0x6b,
  0x61,0x62,0x6c,0x65,0xa,0x20,0x20,0x20,0x20,0x20,0x20,0x20,0x20,0x61,0x6e,0x63,
  0x68,0x6f,0x72,0x73,0x2e,0x66,0x69,0x6c,0x6c,0x3a,0x20,0x70,0x61,0x72,0x65,0x6e,
  0x74,0xa,0x20,0x20,0x20,0x20,0x20,0x20,0x20,0x20,0x63,0x6f,0x6e,0x74,0x65,0x6e,
  0x74,0x48,0x65,0x69,0x67,0x68,0x74,0x3a,0x20,0x74,0x69,0x74,0x6c,0x65,0x2e,0x68,
  0x65,0x69,0x67,0x68,0x74,0x20,0x2b,0x20,0x32,0x20,0x2a,0x20,0x73,0x74,0x79,0x6c,
  0x65,0x72,0x2e,0x74,0x68,0x65,0x6d,0x65,0x50,0x61,0x64,0x64,0x69,0x6e,0x67,0x4c,
  0x61,0x72,0x67,0x65,0x20,0x2b,0x20,0x69,0x74,0x65,0x6d,0x43,0x6f,0x6e,0x74,0x2e,
  0x68,0x65,0x69,0x67,0x68,0x74,0xa,0xa,0x20,0x20,0x20,0x20,0x20,0x20,0x20,0x20,
  0x44,0x69,0x61,0x6c,0x6f,0x67,0x48,0x65,0x61,0x64,0x65,0x72,0x20,0x7b,0xa,0x20,
  0x20,0x20,0x20,0x20,0x20,0x20,0x20,0x20,0x20,0x20,0x20,0x69,0x64,0x3a,0x20,0x74,
  0x69,0x74,0x6c,0x65,0xa,0x20,0x20,0x20,0x20,0x20,0x20,0x20,0x20,0x20,0x20,0x20,
  0x20,0x74,0x69,0x74,0x6c,0x65,0x3a,0x20,0x70,0x61,0x67,0x65,0x2e,0x74,0x69,0x74,
  0x6c,0x65,0xa,0x20,0x20,0x20,0x20,0x20,0x20,0x20,0x20,0x20,0x20,0x20,0x20,0x43,
  0x6f,0x6d,0x70,0x6f,0x6e,0x65,0x6e,0x74,0x2e,0x6f,0x6e,0x43,0x6f,0x6d,0x70,0x6c,
  0x65,0x74,0x65,0x64,0x3a,0x20,0x7b,0xa,0x20,0x20,0x20,0x20,0x20,0x20,0x20,0x20,
  0x20,0x20,0x20,0x20,0x20,0x20,0x20,0x20,0x69,0x66,0x20,0x28,0x70,0x61,0x67,0x65,
  0x2e,0x61,0x63,0x63,0x65,0x70,0x74,0x54,0x65,0x78,0x74,0x29,0x20,0x61,0x63,0x63,
  0x65,0x70,0x74,0x54,0x65,0x78,0x74,0x20,0x3d,0x20,0x70,0x61,0x67,0x65,0x2e,0x61,
  0x63,0x63,0x65,0x70,0x74,0x54,0x65,0x78,0x74,0x3b,0xa,0x20,0x20,0x20,0x20,0x20,
  0x20,0x20,0x20,0x20,0x20,0x20,0x20,0x7d,0xa,0x20,0x20,0x20,0x20,0x20,0x20,0x20,
  0x20,0x7d,0xa,0xa,0x20,0x20,0x20,0x20,0x20,0x20,0x20,0x20,0x49,0x74,0x65,0x6d,
  0x20,0x7b,0xa,0x20,0x20,0x20,0x20,0x20,0x20,0x20,0x20,0x20,0x20,0x20,0x20,0x69,
  0x64,0x3a,0x20,0x69,0x74,0x65,0x6d,0x43,0x6f,0x6e,0x74,0xa,0x20,0x20,0x20,0x20,
  0x20,0x20,0x20,0x20,0x20,0x20,0x20,0x20,0x61,0x6e,0x63,0x68,0x6f,0x72,0x73,0x2e,
  0x68,0x6f,0x72,0x69,0x7a,0x6f,0x6e,0x74,0x61,0x6c,0x43,0x65,0x6e,0x74,0x65,0x72,
  0x3a,0x20,0x70,0x61,0x72,0x65,0x6e,0x74,0x2e,0x68,0x6f,0x72,0x69,0x7a,0x6f,0x6e,
  0x74,0x61,0x6c,0x43,0x65,0x6e,0x74,0x65,0x72,0xa,0x20,0x20,0x20,0x20,0x20,0x20,
  0x20,0x20,0x20,0x20,0x20,0x20,0x61,0x6e,0x63,0x68,0x6f,0x72,0x73,0x2e,0x74,0x6f,
  0x70,0x3a,0x20,0x74,0x69,0x74,0x6c,0x65,0x2e,0x62,0x6f,0x74,0x74,0x6f,0x6d,0xa,
  0x20,0x20,0x20,0x20,0x20,0x20,0x20,0x20,0x20,0x20,0x20,0x20,0x61,0x6e,0x63,0x68,
  0x6f,0x72,0x73,0x2e,0x74,0x6f,0x70,0x4d,0x61,0x72,0x67,0x69,0x6e,0x3a,0x20,0x73,
  0x74,0x79,0x6c,0x65,0x72,0x2e,0x74,0x68,0x65,0x6d,0x65,0x50,0x61,0x64,0x64,0x69,
  0x6e,0x67,0x4c,0x61,0x72,0x67,0x65,0xa,0x20,0x20,0x20,0x20,0x20,0x20,0x20,0x20,
  0x20,0x20,0x20,0x20,0x68,0x65,0x69,0x67,0x68,0x74,0x3a,0x20,0x63,0x68,0x69,0x6c,
  0x64,0x72,0x65,0x6e,0x52,0x65,0x63,0x74,0x2e,0x68,0x65,0x69,0x67,0x68,0x74,0xa,
  0x20,0x20,0x20,0x20,0x20,0x20,0x20,0x20,0x20,0x20,0x20,0x20,0x77,0x69,0x64,0x74,
  0x68,0x3a,0x20,0x70,0x61,0x72,0x65,0x6e,0x74,0x2e,0x77,0x69,0x64,0x74,0x68,0xa,
  0x20,0x20,0x20,0x20,0x20,0x20,0x20,0x20,0x7d,0xa,0xa,0x20,0x20,0x20,0x20,0x20,
  0x20,0x20,0x20,0x56,0x65,0x72,0x74,0x69,0x63,0x61,0x6c,0x53,0x63,0x72,0x6f,0x6c,
  0x6c,0x44,0x65,0x63,0x6f,0x72,0x61,0x74,0x6f,0x72,0x20,0x7b,0x20,0x66,0x6c,0x69,
  0x63,0x6b,0x61,0x62,0x6c,0x65,0x3a,0x20,0x66,0x6c,0x69,0x63,0x6b,0x61,0x62,0x6c,
  0x65,0x20,0x7d,0xa,0x20,0x20,0x20,0x20,0x7d,0xa,0xa,0x20,0x20,0x20,0x20,0x6f,
  0x6e,0x53,0x74,0x61,0x74,0x75,0x73,0x43,0x68,0x61,0x6e,0x67,0x65,0x64,0x3a,0x20,
  0x7b,0xa,0x20,0x20,0x20,0x20,0x20,0x20,0x20,0x20,0x69,0x66,0x20,0x28,0x70,0x61,
  0x67,0x65,0x2e,0x73,0x74,0x61,0x74,0x75,0x73,0x20,0x3d,0x3d,0x3d,0x20,0x50,0x61,
  0x67,0x65,0x53,0x74,0x61,0x74,0x75,0x73,0x2e,0x41,0x63,0x74,0x69,0x76,0x61,0x74,
  0x69,0x6e,0x67,0x29,0x20,0x70,0x61,0x67,0x65,0x53,0x74,0x61,0x74,0x75,0x73,0x41,
  0x63,0x74,0x69,0x76,0x61,0x74,0x69,0x6e,0x67,0x28,0x29,0x3b,0xa,0x20,0x20,0x20,
  0x20,0x20,0x20,0x20,0x20,0x65,0x6c,0x73,0x65,0x20,0x69,0x66,0x20,0x28,0x70,0x61,
  0x67,0x65,0x2e,0x73,0x74,0x61,0x74,0x75,0x73,0x20,0x3d,0x3d,0x3d,0x20,0x50,0x61,
  0x67,0x65,0x53,0x74,0x61,0x74,0x75,0x73,0x2e,0x41,0x63,0x74,0x69,0x76,0x65,0x29,
  0x20,0x70,0x61,0x67,0x65,0x53,0x74,0x61,0x74,0x75,0x73,0x41,0x63,0x74,0x69,0x76,
  0x65,0x28,0x29,0x3b,0xa,0x20,0x20,0x20,0x20,0x20,0x20,0x20,0x20,0x65,0x6c,0x73,
  0x65,0x20,0x69,0x66,0x20,0x28,0x70,0x61,0x67,0x65,0x2e,0x73,0x74,0x61,0x74,0x75,
  0x73,0x20,0x3d,0x3d,0x3d,0x20,0x50,0x61,0x67,0x65,0x53,0x74,0x61,0x74,0x75,0x73,
  0x2e,0x49,0x6e,0x61,0x63,0x74,0x69,0x76,0x65,0x29,0x20,0x70,0x61,0x67,0x65,0x53,
  0x74,0x61,0x74,0x75,0x73,0x49,0x6e,0x61,0x63,0x74,0x69,0x76,0x65,0x28,0x29,0xa,
  0x20,0x20,0x20,0x20,0x7d,0xa,0xa,0x20,0x20,0x20,0x20,0x43,0x6f,0x6d,0x70,0x6f,
  0x6e,0x65,0x6e,0x74,0x2e,0x6f,0x6e,0x43,0x6f,0x6d,0x70,0x6c,0x65,0x74,0x65,0x64,
  0x3a,0x20,0x69,0x66,0x20,0x28,0x61,0x63,0x63,0x65,0x70,0x74,0x44,0x65,0x73,0x74,
  0x69,0x6e,0x61,0x74,0x69,0x6f,0x6e,0x50,0x6f,0x70,0x29,0x20,0x61,0x63,0x63,0x65,
  0x70,0x74,0x44,0x65,0x73,0x74,0x69,0x6e,0x61,0x74,0x69,0x6f,0x6e,0x41,0x63,0x74,
  0x69,0x6f,0x6e,0x20,0x3d,0x20,0x50,0x61,0x67,0x65,0x53,0x74,0x61,0x63,0x6b,0x41,
  0x63,0x74,0x69,0x6f,0x6e,0x2e,0x50,0x6f,0x70,0xa,0x7d,0xa,
    // /home/oles/sailfish/app-sources/harbour-amazfish/ui/qml/components/platform.silica/DialogAutoPL.qml
  0x0,0x0,0x3,0x8f,
  0x2f,
  0x2a,0x20,0x2d,0x2a,0x2d,0x20,0x63,0x6f,0x64,0x69,0x6e,0x67,0x3a,0x20,0x75,0x74,
  0x66,0x2d,0x38,0x2d,0x75,0x6e,0x69,0x78,0x20,0x2d,0x2a,0x2d,0xa,0x20,0x2a,0xa,
  0x20,0x2a,0x20,0x43,0x6f,0x70,0x79,0x72,0x69,0x67,0x68,0x74,0x20,0x28,0x43,0x29,
  0x20,0x32,0x30,0x31,0x39,0x20,0x52,0x69,0x6e,0x69,0x67,0x75,0x73,0xa,0x20,0x2a,
  0xa,0x20,0x2a,0x20,0x54,0x68,0x69,0x73,0x20,0x70,0x72,0x6f,0x67,0x72,0x61,0x6d,
  0x20,0x69,0x73,0x20,0x66,0x72,0x65,0x65,0x20,0x73,0x6f,0x66,0x74,0x77,0x61,0x72,
  0x65,0x3a,0x20,0x79,0x6f,0x75,0x20,0x63,0x61,0x6e,0x20,0x72,0x65,0x64,0x69,0x73,
  0x74,0x72,0x69,0x62,0x75,0x74,0x65,0x20,0x69,0x74,0x20,0x61,0x6e,0x64,0x2f,0x6f,
  0x72,0x20,0x6d,0x6f,0x64,0x69,0x66,0x79,0xa,0x20,0x2a,0x20,0x69,0x74,0x20,0x75,
  0x6e,0x64,0x65,0x72,0x20,0x74,0x68,0x65,0x20,0x74,0x65,0x72,0x6d,0x73,0x20,0x6f,
  0x66,0x20,0x74,0x68,0x65,0x20,0x47,0x4e,0x55,0x20,0x47,0x65,0x6e,0x65,0x72,0x61,
  0x6c,0x20,0x50,0x75,0x62,0x6c,0x69,0x63,0x20,0x4c,0x69,0x63,0x65,0x6e,0x73,0x65,
  0x20,0x61,0x73,0x20,0x70,0x75,0x62,0x6c,0x69,0x73,0x68,0x65,0x64,0x20,0x62,0x79,
  0xa,0x20,0x2a,0x20,0x74,0x68,0x65,0x20,0x46,0x72,0x65,0x65,0x20,0x53,0x6f,0x66,
  0x74,0x77,0x61,0x72,0x65,0x20,0x46,0x6f,0x75,0x6e,0x64,0x61,0x74,0x69,0x6f,0x6e,
  0x2c,0x20,0x65,0x69,0x74,0x68,0x65,0x72,0x20,0x76,0x65,0x72,0x73,0x69,0x6f,0x6e,
  0x20,0x33,0x20,0x6f,0x66,0x20,0x74,0x68,0x65,0x20,0x4c,0x69,0x63,0x65,0x6e,0x73,
  0x65,0x2c,0x20,0x6f,0x72,0xa,0x20,0x2a,0x20,0x28,0x61,0x74,0x20,0x79,0x6f,0x75,
  0x72,0x20,0x6f,0x70,0x74,0x69,0x6f,0x6e,0x29,0x20,0x61,0x6e,0x79,0x20,0x6c,0x61,
  0x74,0x65,0x72,0x20,0x76,0x65,0x72,0x73,0x69,0x6f,0x6e,0x2e,0xa,0x20,0x2a,0xa,
  0x20,0x2a,0x20,0x54,0x68,0x69,0x73,0x20,0x70,0x72,0x6f,0x67,0x72,0x61,0x6d,0x20,
  0x69,0x73,0x20,0x64,0x69,0x73,0x74,0x72,0x69,0x62,0x75,0x74,0x65,0x64,0x20,0x69,
  0x6e,0x20,0x74,0x68,0x65,0x20,0x68,0x6f,0x70,0x65,0x20,0x74,0x68,0x61,0x74,0x20,
  0x69,0x74,0x20,0x77,0x69,0x6c,0x6c,0x20,0x62,0x65,0x20,0x75,0x73,0x65,0x66,0x75,
  0x6c,0x2c,0xa,0x20,0x2a,0x20,0x62,0x75,0x74,0x20,0x57,0x49,0x54,0x48,0x4f,0x55,
  0x54,0x20,0x41,0x4e,0x59,0x20,0x57,0x41,0x52,0x52,0x41,0x4e,0x54,0x59,0x3b,0x20,
  0x77,0x69,0x74,0x68,0x6f,0x75,0x74,0x20,0x65,0x76,0x65,0x6e,0x20,0x74,0x68,0x65,
  0x20,0x69,0x6d,0x70,0x6c,0x69,0x65,0x64,0x20,0x77,0x61,0x72,0x72,0x61,0x6e,0x74,
  0x79,0x20,0x6f,0x66,0xa,0x20,0x2a,0x20,0x4d,0x45,0x52,0x43,0x48,0x41,0x4e,0x54,
  0x41,0x42,0x49,0x4c,0x49,0x54,0x59,0x20,0x6f,0x72,0x20,0x46,0x49,0x54,0x4e,0x45,
  0x53,0x53,0x20,0x46,0x4f,0x52,0x20,0x41,0x20,0x50,0x41,0x52,0x54,0x49,0x43,0x55,
  0x4c,0x41,0x52,0x20,0x50,0x55,0x52,0x50,0x4f,0x53,0x45,0x2e,0x20,0x20,0x53,0x65,
  0x65,0x20,0x74,0x68,0x65,0xa,0x20,0x2a,0x20,0x47,0x4e,0x55,0x20,0x47,0x65,0x6e,
  0x65,0x72,0x61,0x6c,0x20,0x50,0x75,0x62,0x6c,0x69,0x63,0x20,0x4c,0x69,0x63,0x65,
  0x6e,0x73,0x65,0x20,0x66,0x6f,0x72,0x20,0x6d,0x6f,0x72,0x65,0x20,0x64,0x65,0x74,
  0x61,0x69,0x6c,0x73,0x2e,0xa,0x20,0x2a,0xa,0x20,0x2a,0x20,0x59,0x6f,0x75,0x20,
  0x73,0x68,0x6f,0x75,0x6c,0x64,0x20,0x68,0x61,0x76,0x65,0x20,0x72,0x65,0x63,0x65,
  0x69,0x76,0x65,0x64,0x20,0x61,0x20,0x63,0x6f,0x70,0x79,0x20,0x6f,0x66,0x20,0x74,
  0x68,0x65,0x20,0x47,0x4e,0x55,0x20,0x47,0x65,0x6e,0x65,0x72,0x61,0x6c,0x20,0x50,
  0x75,0x62,0x6c,0x69,0x63,0x20,0x4c,0x69,0x63,0x65,0x6e,0x73,0x65,0xa,0x20,0x2a,
  0x20,0x61,0x6c,0x6f,0x6e,0x67,0x20,0x77,0x69,0x74,0x68,0x20,0x74,0x68,0x69,0x73,
  0x20,0x70,0x72,0x6f,0x67,0x72,0x61,0x6d,0x2e,0x20,0x20,0x49,0x66,0x20,0x6e,0x6f,
  0x74,0x2c,0x20,0x73,0x65,0x65,0x20,0x3c,0x68,0x74,0x74,0x70,0x3a,0x2f,0x2f,0x77,
  0x77,0x77,0x2e,0x67,0x6e,0x75,0x2e,0x6f,0x72,0x67,0x2f,0x6c,0x69,0x63,0x65,0x6e,
  0x73,0x65,0x73,0x2f,0x3e,0x2e,0xa,0x20,0x2a,0x2f,0xa,0xa,0x69,0x6d,0x70,0x6f,
  0x72,0x74,0x20,0x22,0x2e,0x22,0xa,0xa,0x2f,0x2f,0x20,0x55,0x73,0x65,0x64,0x20,
  0x77,0x68,0x65,0x6e,0x20,0x61,0x63,0x63,0x65,0x70,0x74,0x65,0x64,0x20,0x69,0x73,
  0x20,0x63,0x61,0x6c,0x6c,0x65,0x64,0x20,0x6f,0x6e,0x6c,0x79,0x20,0x74,0x68,0x72,
  0x6f,0x75,0x67,0x68,0x20,0x70,0x72,0x6f,0x67,0x72,0x61,0x6d,0xa,0x50,0x61,0x67,
  0x65,0x50,0x4c,0x20,0x7b,0xa,0x20,0x20,0x20,0x20,0x69,0x64,0x3a,0x20,0x70,0x61,
  0x67,0x65,0xa,0xa,0x20,0x20,0x20,0x20,0x73,0x69,0x67,0x6e,0x61,0x6c,0x20,0x61,
  0x63,0x63,0x65,0x70,0x74,0x65,0x64,0xa,0xa,0x20,0x20,0x20,0x20,0x6f,0x6e,0x41,
  0x63,0x63,0x65,0x70,0x74,0x65,0x64,0x3a,0x20,0x61,0x70,0x70,0x2e,0x70,0x61,0x67,
  0x65,0x73,0x2e,0x70,0x6f,0x70,0x28,0x29,0xa,0xa,0x20,0x20,0x20,0x20,0x66,0x75,
  0x6e,0x63,0x74,0x69,0x6f,0x6e,0x20,0x61,0x63,0x63,0x65,0x70,0x74,0x28,0x29,0x20,
  0x7b,0xa,0x20,0x20,0x20,0x20,0x20,0x20,0x20,0x20,0x61,0x63,0x63,0x65,0x70,0x74,
  0x65,0x64,0x28,0x29,0x3b,0xa,0x20,0x20,0x20,0x20,0x7d,0xa,0x7d,0xa,
    // /home/oles/sailfish/app-sources/harbour-amazfish/ui/qml/components/platform.silica/IconPL.qml
  0x0,0x0,0x4,0x3f,
  0x2f,
  0x2a,0x20,0x2d,0x2a,0x2d,0x20,0x63,0x6f,0x64,0x69,0x6e,0x67,0x3a,0x20,0x75,0x74,
  0x66,0x2d,0x38,0x2d,0x75,0x6e,0x69,0x78,0x20,0x2d,0x2a,0x2d,0xa,0x20,0x2a,0xa,
  0x20,0x2a,0x20,0x43,0x6f,0x70,0x79,0x72,0x69,0x67,0x68,0x74,0x20,0x28,0x43,0x29,
  0x20,0x32,0x30,0x31,0x39,0x20,0x52,0x69,0x6e,0x69,0x67,0x75,0x73,0xa,0x20,0x2a,
  0xa,0x20,0x2a,0x20,0x54,0x68,0x69,0x73,0x20,0x70,0x72,0x6f,0x67,0x72,0x61,0x6d,
  0x20,0x69,0x73,0x20,0x66,0x72,0x65,0x65,0x20,0x73,0x6f,0x66,0x74,0x77,0x61,0x72,
  0x65,0x3a,0x20,0x79,0x6f,0x75,0x20,0x63,0x61,0x6e,0x20,0x72,0x65,0x64,0x69,0x73,
  0x74,0x72,0x69,0x62,0x75,0x74,0x65,0x20,0x69,0x74,0x20,0x61,0x6e,0x64,0x2f,0x6f,
  0x72,0x20,0x6d,0x6f,0x64,0x69,0x66,0x79,0xa,0x20,0x2a,0x20,0x69,0x74,0x20,0x75,
  0x6e,0x64,0x65,0x72,0x20,0x74,0x68,0x65,0x20,0x74,0x65,0x72,0x6d,0x73,0x20,0x6f,
  0x66,0x20,0x74,0x68,0x65,0x20,0x47,0x4e,0x55,0x20,0x47,0x65,0x6e,0x65,0x72,0x61,
  0x6c,0x20,0x50,0x75,0x62,0x6c,0x69,0x63,0x20,0x4c,0x69,0x63,0x65,0x6e,0x73,0x65,
  0x20,0x61,0x73,0x20,0x70,0x75,0x62,0x6c,0x69,0x73,0x68,0x65,0x64,0x20,0x62,0x79,
  0xa,0x20,0x2a,0x20,0x74,0x68,0x65,0x20,0x46,0x72,0x65,0x65,0x20,0x53,0x6f,0x66,
  0x74,0x77,0x61,0x72,0x65,0x20,0x46,0x6f,0x75,0x6e,0x64,0x61,0x74,0x69,0x6f,0x6e,
  0x2c,0x20,0x65,0x69,0x74,0x68,0x65,0x72,0x20,0x76,0x65,0x72,0x73,0x69,0x6f,0x6e,
  0x20,0x33,0x20,0x6f,0x66,0x20,0x74,0x68,0x65,0x20,0x4c,0x69,0x63,0x65,0x6e,0x73,
  0x65,0x2c,0x20,0x6f,0x72,0xa,0x20,0x2a,0x20,0x28,0x61,0x74,0x20,0x79,0x6f,0x75,
  0x72,0x20,0x6f,0x70,0x74,0x69,0x6f,0x6e,0x29,0x20,0x61,0x6e,0x79,0x20,0x6c,0x61,
  0x74,0x65,0x72,0x20,0x76,0x65,0x72,0x73,0x69,0x6f,0x6e,0x2e,0xa,0x20,0x2a,0xa,
  0x20,0x2a,0x20,0x54,0x68,0x69,0x73,0x20,0x70,0x72,0x6f,0x67,0x72,0x61,0x6d,0x20,
  0x69,0x73,0x20,0x64,0x69,0x73,0x74,0x72,0x69,0x62,0x75,0x74,0x65,0x64,0x20,0x69,
  0x6e,0x20,0x74,0x68,0x65,0x20,0x68,0x6f,0x70,0x65,0x20,0x74,0x68,0x61,0x74,0x20,
  0x69,0x74,0x20,0x77,0x69,0x6c,0x6c,0x20,0x62,0x65,0x20,0x75,0x73,0x65,0x66,0x75,
  0x6c,0x2c,0xa,0x20,0x2a,0x20,0x62,0x75,0x74,0x20,0x57,0x49,0x54,0x48,0x4f,0x55,
  0x54,0x20,0x41,0x4e,0x59,0x20,0x57,0x41,0x52,0x52,0x41,0x4e,0x54,0x59,0x3b,0x20,
  0x77,0x69,0x74,0x68,0x6f,0x75,0x74,0x20,0x65,0x76,0x65,0x6e,0x20,0x74,0x68,0x65,
  0x20,0x69,0x6d,0x70,0x6c,0x69,0x65,0x64,0x20,0x77,0x61,0x72,0x72,0x61,0x6e,0x74,
  0x79,0x20,0x6f,0x66,0xa,0x20,0x2a,0x20,0x4d,0x45,0x52,0x43,0x48,0x41,0x4e,0x54,
  0x41,0x42,0x49,0x4c,0x49,0x54,0x59,0x20,0x6f,0x72,0x20,0x46,0x49,0x54,0x4e,0x45,
  0x53,0x53,0x20,0x46,0x4f,0x52,0x20,0x41,0x20,0x50,0x41,0x52,0x54,0x49,0x43,0x55,
  0x4c,0x41,0x52,0x20,0x50,0x55,0x52,0x50,0x4f,0x53,0x45,0x2e,0x20,0x20,0x53,0x65,
  0x65,0x20,0x74,0x68,0x65,0xa,0x20,0x2a,0x20,0x47,0x4e,0x55,0x20,0x47,0x65,0x6e,
  0x65,0x72,0x61,0x6c,0x20,0x50,0x75,0x62,0x6c,0x69,0x63,0x20,0x4c,0x69,0x63,0x65,
  0x6e,0x73,0x65,0x20,0x66,0x6f,0x72,0x20,0x6d,0x6f,0x72,0x65,0x20,0x64,0x65,0x74,
  0x61,0x69,0x6c,0x73,0x2e,0xa,0x20,0x2a,0xa,0x20,0x2a,0x20,0x59,0x6f,0x75,0x20,
  0x73,0x68,0x6f,0x75,0x6c,0x64,0x20,0x68,0x61,0x76,0x65,0x20,0x72,0x65,0x63,0x65,
  0x69,0x76,0x65,0x64,0x20,0x61,0x20,0x63,0x6f,0x70,0x79,0x20,0x6f,0x66,0x20,0x74,
  0x68,0x65,0x20,0x47,0x4e,0x55,0x20,0x47,0x65,0x6e,0x65,0x72,0x61,0x6c,0x20,0x50,
  0x75,0x62,0x6c,0x69,0x63,0x20,0x4c,0x69,0x63,0x65,0x6e,0x73,0x65,0xa,0x20,0x2a,
  0x20,0x61,0x6c,0x6f,0x6e,0x67,0x20,0x77,0x69,0x74,0x68,0x20,0x74,0x68,0x69,0x73,
  0x20,0x70,0x72,0x6f,0x67,0x72,0x61,0x6d,0x2e,0x20,0x20,0x49,0x66,0x20,0x6e,0x6f,
  0x74,0x2c,0x20,0x73,0x65,0x65,0x20,0x3c,0x68,0x74,0x74,0x70,0x3a,0x2f,0x2f,0x77,
  0x77,0x77,0x2e,0x67,0x6e,0x75,0x2e,0x6f,0x72,0x67,0x2f,0x6c,0x69,0x63,0x65,0x6e,
  0x73,0x65,0x73,0x2f,0x3e,0x2e,0xa,0x20,0x2a,0x2f,0xa,0xa,0x69,0x6d,0x70,0x6f,
  0x72,0x74,0x20,0x51,0x74,0x51,0x75,0x69,0x63,0x6b,0x20,0x32,0x2e,0x30,0xa,0x69,
  0x6d,0x70,0x6f,0x72,0x74,0x20,0x53,0x61,0x69,0x6c,0x66,0x69,0x73,0x68,0x2e,0x53,
  0x69,0x6c,0x69,0x63,0x61,0x20,0x31,0x2e,0x30,0xa,0xa,0x49,0x6d,0x61,0x67,0x65,
  0x20,0x7b,0xa,0x20,0x20,0x20,0x20,0x69,0x64,0x3a,0x20,0x69,0x6d,0x61,0x67,0x65,
  0xa,0x20,0x20,0x20,0x20,0x73,0x6f,0x75,0x72,0x63,0x65,0x3a,0x20,0x69,0x63,0x6f,
  0x6e,0x4e,0x61,0x6d,0x65,0x20,0x7c,0x7c,0x20,0x69,0x63,0x6f,0x6e,0x53,0x6f,0x75,
  0x72,0x63,0x65,0xa,0x20,0x20,0x20,0x20,0x73,0x6f,0x75,0x72,0x63,0x65,0x53,0x69,
  0x7a,0x65,0x2e,0x68,0x65,0x69,0x67,0x68,0x74,0x3a,0x20,0x69,0x63,0x6f,0x6e,0x48,
  0x65,0x69,0x67,0x68,0x74,0xa,0x20,0x20,0x20,0x20,0x73,0x6f,0x75,0x72,0x63,0x65,
  0x53,0x69,0x7a,0x65,0x2e,0x77,0x69,0x64,0x74,0x68,0x3a,0x20,0x69,0x63,0x6f,0x6e,
  0x57,0x69,0x64,0x74,0x68,0xa,0xa,0x20,0x20,0x20,0x20,0x70,0x72,0x6f,0x70,0x65,
  0x72,0x74,0x79,0x20,0x62,0x6f,0x6f,0x6c,0x20,0x20,0x20,0x69,0x63,0x6f,0x6e,0x43,
  0x6f,0x6c,0x6f,0x72,0x69,0x7a,0x65,0x3a,0x20,0x74,0x72,0x75,0x65,0x20,0x2f,0x2f,
  0x20,0x66,0x6f,0x72,0x20,0x63,0x6f,0x6d,0x70,0x61,0x74,0x69,0x62,0x69,0x6c,0x69,
  0x74,0x79,0x2c,0x20,0x6e,0x6f,0x74,0x20,0x75,0x73,0x65,0x64,0xa,0x20,0x20,0x20,
  0x20,0x70,0x72,0x6f,0x70,0x65,0x72,0x74,0x79,0x20,0x69,0x6e,0x74,0x20,0x20,0x20,
  0x20,0x69,0x63,0x6f,0x6e,0x48,0x65,0x69,0x67,0x68,0x74,0x3a,0x20,0x30,0xa,0x20,
  0x20,0x20,0x20,0x70,0x72,0x6f,0x70,0x65,0x72,0x74,0x79,0x20,0x73,0x74,0x72,0x69,
  0x6e,0x67,0x20,0x69,0x63,0x6f,0x6e,0x4e,0x61,0x6d,0x65,0xa,0x20,0x20,0x20,0x20,
  0x70,0x72,0x6f,0x70,0x65,0x72,0x74,0x79,0x20,0x73,0x74,0x72,0x69,0x6e,0x67,0x20,
  0x69,0x63,0x6f,0x6e,0x53,0x6f,0x75,0x72,0x63,0x65,0xa,0x20,0x20,0x20,0x20,0x70,
  0x72,0x6f,0x70,0x65,0x72,0x74,0x79,0x20,0x69,0x6e,0x74,0x20,0x20,0x20,0x20,0x69,
  0x63,0x6f,0x6e,0x57,0x69,0x64,0x74,0x68,0x3a,0x20,0x30,0xa,0x7d,0xa,
    // /home/oles/sailfish/app-sources/harbour-amazfish/ui/qml/components/platform.silica/ApplicationWindowPL.qml
  0x0,0x0,0xd,0xd4,
  0x2f,
  0x2a,0x20,0x2d,0x2a,0x2d,0x20,0x63,0x6f,0x64,0x69,0x6e,0x67,0x3a,0x20,0x75,0x74,
  0x66,0x2d,0x38,0x2d,0x75,0x6e,0x69,0x78,0x20,0x2d,0x2a,0x2d,0xa,0x20,0x2a,0xa,
  0x20,0x2a,0x20,0x43,0x6f,0x70,0x79,0x72,0x69,0x67,0x68,0x74,0x20,0x28,0x43,0x29,
  0x20,0x32,0x30,0x31,0x38,0x2d,0x32,0x30,0x32,0x30,0x20,0x52,0x69,0x6e,0x69,0x67,
  0x75,0x73,0xa,0x20,0x2a,0xa,0x20,0x2a,0x20,0x54,0x68,0x69,0x73,0x20,0x70,0x72,
  0x6f,0x67,0x72,0x61,0x6d,0x20,0x69,0x73,0x20,0x66,0x72,0x65,0x65,0x20,0x73,0x6f,
  0x66,0x74,0x77,0x61,0x72,0x65,0x3a,0x20,0x79,0x6f,0x75,0x20,0x63,0x61,0x6e,0x20,
  0x72,0x65,0x64,0x69,0x73,0x74,0x72,0x69,0x62,0x75,0x74,0x65,0x20,0x69,0x74,0x20,
  0x61,0x6e,0x64,0x2f,0x6f,0x72,0x20,0x6d,0x6f,0x64,0x69,0x66,0x79,0xa,0x20,0x2a,
  0x20,0x69,0x74,0x20,0x75,0x6e,0x64,0x65,0x72,0x20,0x74,0x68,0x65,0x20,0x74,0x65,
  0x72,0x6d,0x73,0x20,0x6f,0x66,0x20,0x74,0x68,0x65,0x20,0x47,0x4e,0x55,0x20,0x47,
  0x65,0x6e,0x65,0x72,0x61,0x6c,0x20,0x50,0x75,0x62,0x6c,0x69,0x63,0x20,0x4c,0x69,
  0x63,0x65,0x6e,0x73,0x65,0x20,0x61,0x73,0x20,0x70,0x75,0x62,0x6c,0x69,0x73,0x68,
  0x65,0x64,0x20,0x62,0x79,0xa,0x20,0x2a,0x20,0x74,0x68,0x65,0x20,0x46,0x72,0x65,
  0x65,0x20,0x53,0x6f,0x66,0x74,0x77,0x61,0x72,0x65,0x20,0x46,0x6f,0x75,0x6e,0x64,
  0x61,0x74,0x69,0x6f,0x6e,0x2c,0x20,0x65,0x69,0x74,0x68,0x65,0x72,0x20,0x76,0x65,
  0x72,0x73,0x69,0x6f,0x6e,0x20,0x33,0x20,0x6f,0x66,0x20,0x74,0x68,0x65,0x20,0x4c,
  0x69,0x63,0x65,0x6e,0x73,0x65,0x2c,0x20,0x6f,0x72,0xa,0x20,0x2a,0x20,0x28,0x61,
  0x74,0x20,0x79,0x6f,0x75,0x72,0x20,0x6f,0x70,0x74,0x69,0x6f,0x6e,0x29,0x20,0x61,
  0x6e,0x79,0x20,0x6c,0x61,0x74,0x65,0x72,0x20,0x76,0x65,0x72,0x73,0x69,0x6f,0x6e,
  0x2e,0xa,0x20,0x2a,0xa,0x20,0x2a,0x20,0x54,0x68,0x69,0x73,0x20,0x70,0x72,0x6f,
  0x67,0x72,0x61,0x6d,0x20,0x69,0x73,0x20,0x64,0x69,0x73,0x74,0x72,0x69,0x62,0x75,
  0x74,0x65,0x64,0x20,0x69,0x6e,0x20,0x74,0x68,0x65,0x20,0x68,0x6f,0x70,0x65,0x20,
  0x74,0x68,0x61,0x74,0x20,0x69,0x74,0x20,0x77,0x69,0x6c,0x6c,0x20,0x62,0x65,0x20,
  0x75,0x73,0x65,0x66,0x75,0x6c,0x2c,0xa,0x20,0x2a,0x20,0x62,0x75,0x74,0x20,0x57,
  0x49,0x54,0x48,0x4f,0x55,0x54,0x20,0x41,0x4e,0x59,0x20,0x57,0x41,0x52,0x52,0x41,
  0x4e,0x54,0x59,0x3b,0x20,0x77,0x69,0x74,0x68,0x6f,0x75,0x74,0x20,0x65,0x76,0x65,
  0x6e,0x20,0x74,0x68,0x65,0x20,0x69,0x6d,0x70,0x6c,0x69,0x65,0x64,0x20,0x77,0x61,
  0x72,0x72,0x61,0x6e,0x74,0x79,0x20,0x6f,0x66,0xa,0x20,0x2a,0x20,0x4d,0x45,0x52,
  0x43,0x48,0x41,0x4e,0x54,0x41,0x42,0x49,0x4c,0x49,0x54,0x59,0x20,0x6f,0x72,0x20,
  0x46,0x49,0x54,0x4e,0x45,0x53,0x53,0x20,0x46,0x4f,0x52,0x20,0x41,0x20,0x50,0x41,
  0x52,0x54,0x49,0x43,0x55,0x4c,0x41,0x52,0x20,0x50,0x55,0x52,0x50,0x4f,0x53,0x45,
  0x2e,0x20,0x20,0x53,0x65,0x65,0x20,0x74,0x68,0x65,0xa,0x20,0x2a,0x20,0x47,0x4e,
  0x55,0x20,0x47,0x65,0x6e,0x65,0x72,0x61,0x6c,0x20,0x50,0x75,0x62,0x6c,0x69,0x63,
  0x20,0x4c,0x69,0x63,0x65,0x6e,0x73,0x65,0x20,0x66,0x6f,0x72,0x20,0x6d,0x6f,0x72,
  0x65,0x20,0x64,0x65,0x74,0x61,0x69,0x6c,0x73,0x2e,0xa,0x20,0x2a,0xa,0x20,0x2a,
  0x20,0x59,0x6f,0x75,0x20,0x73,0x68,0x6f,0x75,0x6c,0x64,0x20,0x68,0x61,0x76,0x65,
  0x20,0x72,0x65,0x63,0x65,0x69,0x76,0x65,0x64,0x20,0x61,0x20,0x63,0x6f,0x70,0x79,
  0x20,0x6f,0x66,0x20,0x74,0x68,0x65,0x20,0x47,0x4e,0x55,0x20,0x47,0x65,0x6e,0x65,
  0x72,0x61,0x6c,0x20,0x50,0x75,0x62,0x6c,0x69,0x63,0x20,0x4c,0x69,0x63,0x65,0x6e,
  0x73,0x65,0xa,0x20,0x2a,0x20,0x61,0x6c,0x6f,0x6e,0x67,0x20,0x77,0x69,0x74,0x68,
  0x20,0x74,0x68,0x69,0x73,0x20,0x70,0x72,0x6f,0x67,0x72,0x61,0x6d,0x2e,0x20,0x20,
  0x49,0x66,0x20,0x6e,0x6f,0x74,0x2c,0x20,0x73,0x65,0x65,0x20,0x3c,0x68,0x74,0x74,
  0x70,0x3a,0x2f,0x2f,0x77,0x77,0x77,0x2e,0x67,0x6e,0x75,0x2e,0x6f,0x72,0x67,0x2f,
  0x6c,0x69,0x63,0x65,0x6e,0x73,0x65,0x73,0x2f,0x3e,0x2e,0xa,0x20,0x2a,0x2f,0xa,
  0xa,0x69,0x6d,0x70,0x6f,0x72,0x74,0x20,0x51,0x74,0x51,0x75,0x69,0x63,0x6b,0x20,
  0x32,0x2e,0x30,0xa,0x69,0x6d,0x70,0x6f,0x72,0x74,0x20,0x53,0x61,0x69,0x6c,0x66,
  0x69,0x73,0x68,0x2e,0x53,0x69,0x6c,0x69,0x63,0x61,0x20,0x31,0x2e,0x30,0xa,0x69,
  0x6d,0x70,0x6f,0x72,0x74,0x20,0x4e,0x65,0x6d,0x6f,0x2e,0x4b,0x65,0x65,0x70,0x41,
  0x6c,0x69,0x76,0x65,0x20,0x31,0x2e,0x32,0xa,0x69,0x6d,0x70,0x6f,0x72,0x74,0x20,
  0x22,0x2e,0x22,0xa,0xa,0x41,0x70,0x70,0x6c,0x69,0x63,0x61,0x74,0x69,0x6f,0x6e,
  0x57,0x69,0x6e,0x64,0x6f,0x77,0x20,0x7b,0xa,0x20,0x20,0x20,0x20,0x61,0x6c,0x6c,
  0x6f,0x77,0x65,0x64,0x4f,0x72,0x69,0x65,0x6e,0x74,0x61,0x74,0x69,0x6f,0x6e,0x73,
  0x3a,0x20,0x64,0x65,0x66,0x61,0x75,0x6c,0x74,0x41,0x6c,0x6c,0x6f,0x77,0x65,0x64,
  0x4f,0x72,0x69,0x65,0x6e,0x74,0x61,0x74,0x69,0x6f,0x6e,0x73,0xa,0x20,0x20,0x20,
  0x20,0x5f,0x64,0x65,0x66,0x61,0x75,0x6c,0x74,0x50,0x61,0x67,0x65,0x4f,0x72,0x69,
  0x65,0x6e,0x74,0x61,0x74,0x69,0x6f,0x6e,0x73,0x3a,0x20,0x64,0x65,0x66,0x61,0x75,
  0x6c,0x74,0x41,0x6c,0x6c,0x6f,0x77,0x65,0x64,0x4f,0x72,0x69,0x65,0x6e,0x74,0x61,
  0x74,0x69,0x6f,0x6e,0x73,0x20,0x2f,0x2f,0x20,0x72,0x65,0x71,0x75,0x69,0x72,0x65,
  0x64,0x20,0x74,0x6f,0x20,0x66,0x69,0x78,0x20,0x69,0x73,0x73,0x75,0x65,0x20,0x23,
  0x32,0x31,0x39,0xa,0x20,0x20,0x20,0x20,0x63,0x6f,0x76,0x65,0x72,0x3a,0x20,0x43,
  0x6f,0x76,0x65,0x72,0x20,0x7b,0x7d,0xa,0x20,0x20,0x20,0x20,0x69,0x6e,0x69,0x74,
  0x69,0x61,0x6c,0x50,0x61,0x67,0x65,0x3a,0x20,0x6e,0x75,0x6c,0x6c,0xa,0xa,0x20,
  0x20,0x20,0x20,0x70,0x72,0x6f,0x70,0x65,0x72,0x74,0x79,0x20,0x72,0x65,0x61,0x6c,
  0x20,0x20,0x20,0x63,0x6f,0x6d,0x70,0x61,0x73,0x73,0x4f,0x72,0x69,0x65,0x6e,0x74,
  0x61,0x74,0x69,0x6f,0x6e,0x4f,0x66,0x66,0x73,0x65,0x74,0x3a,0x20,0x30,0xa,0x20,
  0x20,0x20,0x20,0x70,0x72,0x6f,0x70,0x65,0x72,0x74,0x79,0x20,0x73,0x74,0x72,0x69,
  0x6e,0x67,0x20,0x6d,0x65,0x6e,0x75,0x50,0x61,0x67,0x65,0x55,0x72,0x6c,0xa,0x20,
  0x20,0x20,0x20,0x70,0x72,0x6f,0x70,0x65,0x72,0x74,0x79,0x20,0x76,0x61,0x72,0x20,
  0x20,0x20,0x20,0x70,0x61,0x67,0x65,0x73,0x3a,0x20,0x53,0x74,0x61,0x63,0x6b,0x50,
  0x4c,0x20,0x7b,0x20,0x7d,0xa,0x20,0x20,0x20,0x20,0x70,0x72,0x6f,0x70,0x65,0x72,
  0x74,0x79,0x20,0x62,0x6f,0x6f,0x6c,0x20,0x20,0x20,0x72,0x75,0x6e,0x6e,0x69,0x6e,
  0x67,0x3a,0x20,0x61,0x70,0x70,0x6c,0x69,0x63,0x61,0x74,0x69,0x6f,0x6e,0x41,0x63,
  0x74,0x69,0x76,0x65,0x20,0x7c,0x7c,0x20,0x28,0x63,0x6f,0x76,0x65,0x72,0x20,0x26,
  0x26,0x20,0x63,0x6f,0x76,0x65,0x72,0x2e,0x61,0x63,0x74,0x69,0x76,0x65,0x29,0x20,
  0x7c,0x7c,0x20,0x6b,0x65,0x65,0x70,0x41,0x6c,0x69,0x76,0x65,0x42,0x61,0x63,0x6b,
  0x67,0x72,0x6f,0x75,0x6e,0x64,0xa,0x20,0x20,0x20,0x20,0x70,0x72,0x6f,0x70,0x65,
  0x72,0x74,0x79,0x20,0x69,0x6e,0x74,0x20,0x20,0x20,0x20,0x73,0x63,0x72,0x65,0x65,
  0x6e,0x48,0x65,0x69,0x67,0x68,0x74,0x3a,0x20,0x53,0x63,0x72,0x65,0x65,0x6e,0x2e,
  0x68,0x65,0x69,0x67,0x68,0x74,0xa,0x20,0x20,0x20,0x20,0x70,0x72,0x6f,0x70,0x65,
  0x72,0x74,0x79,0x20,0x62,0x6f,0x6f,0x6c,0x20,0x20,0x20,0x73,0x63,0x72,0x65,0x65,
  0x6e,0x4c,0x61,0x72,0x67,0x65,0x3a,0x20,0x53,0x63,0x72,0x65,0x65,0x6e,0x2e,0x73,
  0x69,0x7a,0x65,0x43,0x61,0x74,0x65,0x67,0x6f,0x72,0x79,0x20,0x3e,0x3d,0x20,0x53,
  0x63,0x72,0x65,0x65,0x6e,0x2e,0x4c,0x61,0x72,0x67,0x65,0xa,0x20,0x20,0x20,0x20,
  0x70,0x72,0x6f,0x70,0x65,0x72,0x74,0x79,0x20,0x69,0x6e,0x74,0x20,0x20,0x20,0x20,
  0x73,0x63,0x72,0x65,0x65,0x6e,0x57,0x69,0x64,0x74,0x68,0x3a,0x20,0x53,0x63,0x72,
  0x65,0x65,0x6e,0x2e,0x77,0x69,0x64,0x74,0x68,0xa,0x20,0x20,0x20,0x20,0x70,0x72,
  0x6f,0x70,0x65,0x72,0x74,0x79,0x20,0x73,0x74,0x72,0x69,0x6e,0x67,0x20,0x74,0x69,
  0x74,0x6c,0x65,0xa,0x20,0x20,0x20,0x20,0x70,0x72,0x6f,0x70,0x65,0x72,0x74,0x79,
  0x20,0x62,0x6f,0x6f,0x6c,0x20,0x20,0x20,0x6b,0x65,0x65,0x70,0x41,0x6c,0x69,0x76,
  0x65,0x3a,0x20,0x66,0x61,0x6c,0x73,0x65,0xa,0x20,0x20,0x20,0x20,0x70,0x72,0x6f,
  0x70,0x65,0x72,0x74,0x79,0x20,0x62,0x6f,0x6f,0x6c,0x20,0x20,0x20,0x6b,0x65,0x65,
  0x70,0x41,0x6c,0x69,0x76,0x65,0x42,0x61,0x63,0x6b,0x67,0x72,0x6f,0x75,0x6e,0x64,
  0x3a,0x20,0x66,0x61,0x6c,0x73,0x65,0xa,0xa,0x20,0x20,0x20,0x20,0x44,0x69,0x73,
  0x70,0x6c,0x61,0x79,0x42,0x6c,0x61,0x6e,0x6b,0x69,0x6e,0x67,0x20,0x7b,0xa,0x20,
  0x20,0x20,0x20,0x20,0x20,0x20,0x20,0x70,0x72,0x65,0x76,0x65,0x6e,0x74,0x42,0x6c,
  0x61,0x6e,0x6b,0x69,0x6e,0x67,0x3a,0x20,0x61,0x70,0x70,0x6c,0x69,0x63,0x61,0x74,
  0x69,0x6f,0x6e,0x41,0x63,0x74,0x69,0x76,0x65,0x20,0x26,0x26,0x20,0x6b,0x65,0x65,
  0x70,0x41,0x6c,0x69,0x76,0x65,0xa,0x20,0x20,0x20,0x20,0x7d,0xa,0xa,0x20,0x20,
  0x20,0x20,0x4b,0x65,0x65,0x70,0x41,0x6c,0x69,0x76,0x65,0x20,0x7b,0xa,0x20,0x20,
  0x20,0x20,0x20,0x20,0x20,0x20,0x65,0x6e,0x61,0x62,0x6c,0x65,0x64,0x3a,0x20,0x6b,
  0x65,0x65,0x70,0x41,0x6c,0x69,0x76,0x65,0x42,0x61,0x63,0x6b,0x67,0x72,0x6f,0x75,
  0x6e,0x64,0xa,0x20,0x20,0x20,0x20,0x7d,0xa,0xa,0x20,0x20,0x20,0x20,0x43,0x6f,
  0x6d,0x70,0x6f,0x6e,0x65,0x6e,0x74,0x2e,0x6f,0x6e,0x43,0x6f,0x6d,0x70,0x6c,0x65,
  0x74,0x65,0x64,0x3a,0x20,0x7b,0xa,0x20,0x20,0x20,0x20,0x20,0x20,0x20,0x20,0x70,
  0x61,0x67,0x65,0x73,0x2e,0x70,0x73,0x20,0x3d,0x20,0x70,0x61,0x67,0x65,0x53,0x74,
  0x61,0x63,0x6b,0x3b,0xa,0x20,0x20,0x20,0x20,0x20,0x20,0x20,0x20,0x75,0x70,0x64,
  0x61,0x74,0x65,0x4f,0x72,0x69,0x65,0x6e,0x74,0x61,0x74,0x69,0x6f,0x6e,0x28,0x29,
  0xa,0x20,0x20,0x20,0x20,0x7d,0xa,0xa,0x20,0x20,0x20,0x20,0x4b,0x65,0x79,0x73,
  0x2e,0x6f,0x6e,0x50,0x72,0x65,0x73,0x73,0x65,0x64,0x3a,0x20,0x7b,0xa,0x20,0x20,
  0x20,0x20,0x20,0x20,0x20,0x20,0x2f,0x2f,0x20,0x41,0x6c,0x6c,0x6f,0x77,0x20,0x7a,
  0x6f,0x6f,0x6d,0x69,0x6e,0x67,0x20,0x77,0x69,0x74,0x68,0x20,0x70,0x6c,0x75,0x73,
  0x20,0x61,0x6e,0x64,0x20,0x6d,0x69,0x6e,0x75,0x73,0x20,0x6b,0x65,0x79,0x73,0x20,
  0x6f,0x6e,0x20,0x74,0x68,0x65,0x20,0x65,0x6d,0x75,0x6c,0x61,0x74,0x6f,0x72,0x2e,
  0xa,0x20,0x20,0x20,0x20,0x20,0x20,0x20,0x20,0x28,0x65,0x76,0x65,0x6e,0x74,0x2e,
  0x6b,0x65,0x79,0x20,0x3d,0x3d,0x3d,0x20,0x51,0x74,0x2e,0x4b,0x65,0x79,0x5f,0x50,
  0x6c,0x75,0x73,0x29,0x20,0x20,0x26,0x26,0x20,0x6d,0x61,0x70,0x2e,0x73,0x65,0x74,
  0x5a,0x6f,0x6f,0x6d,0x4c,0x65,0x76,0x65,0x6c,0x28,0x6d,0x61,0x70,0x2e,0x7a,0x6f,
  0x6f,0x6d,0x4c,0x65,0x76,0x65,0x6c,0x2b,0x31,0x29,0x3b,0xa,0x20,0x20,0x20,0x20,
  0x20,0x20,0x20,0x20,0x28,0x65,0x76,0x65,0x6e,0x74,0x2e,0x6b,0x65,0x79,0x20,0x3d,
  0x3d,0x3d,0x20,0x51,0x74,0x2e,0x4b,0x65,0x79,0x5f,0x4d,0x69,0x6e,0x75,0x73,0x29,
  0x20,0x26,0x26,0x20,0x6d,0x61,0x70,0x2e,0x73,0x65,0x74,0x5a,0x6f,0x6f,0x6d,0x4c,
  0x65,0x76,0x65,0x6c,0x28,0x6d,0x61,0x70,0x2e,0x7a,0x6f,0x6f,0x6d,0x4c,0x65,0x76,
  0x65,0x6c,0x2d,0x31,0x29,0x3b,0xa,0x20,0x20,0x20,0x20,0x7d,0xa,0xa,0x20,0x20,
  0x20,0x20,0x6f,0x6e,0x44,0x65,0x76,0x69,0x63,0x65,0x4f,0x72,0x69,0x65,0x6e,0x74,
  0x61,0x74,0x69,0x6f,0x6e,0x43,0x68,0x61,0x6e,0x67,0x65,0x64,0x3a,0x20,0x75,0x70,
  0x64,0x61,0x74,0x65,0x4f,0x72,0x69,0x65,0x6e,0x74,0x61,0x74,0x69,0x6f,0x6e,0x28,
  0x29,0xa,0xa,0x20,0x20,0x20,0x20,0x66,0x75,0x6e,0x63,0x74,0x69,0x6f,0x6e,0x20,
  0x63,0x6c,0x65,0x61,0x72,0x50,0x61,0x67,0x65,0x73,0x28,0x29,0x20,0x7b,0xa,0x20,
  0x20,0x20,0x20,0x20,0x20,0x20,0x20,0x2f,0x2f,0x20,0x6e,0x6f,0x74,0x20,0x75,0x73,
  0x65,0x64,0x20,0x69,0x6e,0x20,0x74,0x68,0x65,0x20,0x70,0x6c,0x61,0x74,0x66,0x6f,
  0x72,0x6d,0x73,0x20,0x77,0x69,0x74,0x68,0x20,0x6d,0x65,0x6e,0x75,0x20,0x73,0x68,
  0x6f,0x77,0x6e,0xa,0x20,0x20,0x20,0x20,0x20,0x20,0x20,0x20,0x2f,0x2f,0x20,0x61,
  0x73,0x20,0x61,0x20,0x70,0x61,0x67,0x65,0x20,0x69,0x6e,0x20,0x61,0x20,0x73,0x74,
  0x61,0x63,0x6b,0xa,0x20,0x20,0x20,0x20,0x7d,0xa,0xa,0x20,0x20,0x20,0x20,0x66,
  0x75,0x6e,0x63,0x74,0x69,0x6f,0x6e,0x20,0x69,0x6e,0x69,0x74,0x50,0x61,0x67,0x65,
  0x73,0x28,0x29,0x20,0x7b,0xa,0x20,0x20,0x20,0x20,0x7d,0xa,0xa,0x20,0x20,0x20,
  0x20,0x66,0x75,0x6e,0x63,0x74,0x69,0x6f,0x6e,0x20,0x73,0x65,0x6e,0x64,0x53,0x6d,
  0x73,0x28,0x74,0x65,0x78,0x74,0x29,0x20,0x7b,0xa,0x20,0x20,0x20,0x20,0x20,0x20,
  0x20,0x20,0x2f,0x2f,0x20,0x58,0x58,0x58,0x3a,0x20,0x53,0x4d,0x53,0x20,0x6c,0x69,
  0x6e,0x6b,0x73,0x20,0x64,0x6f,0x6e,0x27,0x74,0x20,0x77,0x6f,0x72,0x6b,0x20,0x77,
  0x69,0x74,0x68,0x6f,0x75,0x74,0x20,0x61,0x20,0x72,0x65,0x63,0x69,0x70,0x69,0x65,
  0x6e,0x74,0x2e,0xa,0x20,0x20,0x20,0x20,0x20,0x20,0x20,0x20,0x2f,0x2f,0x20,0x68,
  0x74,0x74,0x70,0x73,0x3a,0x2f,0x2f,0x74,0x6f,0x67,0x65,0x74,0x68,0x65,0x72,0x2e,
  0x6a,0x6f,0x6c,0x6c,0x61,0x2e,0x63,0x6f,0x6d,0x2f,0x71,0x75,0x65,0x73,0x74,0x69,
  0x6f,0x6e,0x2f,0x38,0x34,0x31,0x33,0x34,0x2f,0xa,0x20,0x20,0x20,0x20,0x20,0x20,
  0x20,0x20,0x63,0x6c,0x69,0x70,0x62,0x6f,0x61,0x72,0x64,0x2e,0x63,0x6f,0x70,0x79,
  0x28,0x74,0x65,0x78,0x74,0x29,0x3b,0xa,0x20,0x20,0x20,0x20,0x20,0x20,0x20,0x20,
  0x70,0x79,0x2e,0x63,0x61,0x6c,0x6c,0x28,0x22,0x70,0x6f,0x6f,0x72,0x2e,0x75,0x74,
  0x69,0x6c,0x2e,0x70,0x6f,0x70,0x65,0x6e,0x22,0x2c,0x20,0x5b,0xa,0x20,0x20,0x20,
  0x20,0x20,0x20,0x20,0x20,0x20,0x20,0x20,0x20,0x20,0x20,0x20,0x20,0x20,0x20,0x20,
  0x20,0x22,0x2f,0x75,0x73,0x72,0x2f,0x62,0x69,0x6e,0x2f,0x69,0x6e,0x76,0x6f,0x6b,
  0x65,0x72,0x22,0x2c,0xa,0x20,0x20,0x20,0x20,0x20,0x20,0x20,0x20,0x20,0x20,0x20,
  0x20,0x20,0x20,0x20,0x20,0x20,0x20,0x20,0x20,0x22,0x2d,0x2d,0x74,0x79,0x70,0x65,
  0x3d,0x73,0x69,0x6c,0x69,0x63,0x61,0x2d,0x71,0x74,0x35,0x22,0x2c,0xa,0x20,0x20,
  0x20,0x20,0x20,0x20,0x20,0x20,0x20,0x20,0x20,0x20,0x20,0x20,0x20,0x20,0x20,0x20,
  0x20,0x20,0x22,0x2f,0x75,0x73,0x72,0x2f,0x62,0x69,0x6e,0x2f,0x6a,0x6f,0x6c,0x6c,
  0x61,0x2d,0x6d,0x65,0x73,0x73,0x61,0x67,0x65,0x73,0x22,0x2c,0xa,0x20,0x20,0x20,
  0x20,0x20,0x20,0x20,0x20,0x20,0x20,0x20,0x20,0x20,0x20,0x20,0x20,0x5d,0x2c,0x20,
  0x6e,0x75,0x6c,0x6c,0x29,0x3b,0xa,0x20,0x20,0x20,0x20,0x20,0x20,0x20,0x20,0x72,
  0x65,0x74,0x75,0x72,0x6e,0x20,0x5b,0x31,0x2c,0x20,0x30,0x5d,0x3b,0xa,0x20,0x20,
  0x20,0x20,0x7d,0xa,0xa,0x20,0x20,0x20,0x20,0x66,0x75,0x6e,0x63,0x74,0x69,0x6f,
  0x6e,0x20,0x73,0x68,0x6f,0x77,0x4d,0x61,0x69,0x6e,0x4d,0x65,0x6e,0x75,0x28,0x29,
  0x20,0x7b,0xa,0x20,0x20,0x20,0x20,0x20,0x20,0x20,0x20,0x61,0x70,0x70,0x2e,0x70,
  0x75,0x73,0x68,0x28,0x6d,0x65,0x6e,0x75,0x50,0x61,0x67,0x65,0x55,0x72,0x6c,0x29,
  0x3b,0xa,0x20,0x20,0x20,0x20,0x7d,0xa,0xa,0x20,0x20,0x20,0x20,0x66,0x75,0x6e,
  0x63,0x74,0x69,0x6f,0x6e,0x20,0x75,0x70,0x64,0x61,0x74,0x65,0x4f,0x72,0x69,0x65,
  0x6e,0x74,0x61,0x74,0x69,0x6f,0x6e,0x28,0x29,0x20,0x7b,0xa,0x20,0x20,0x20,0x20,
  0x20,0x20,0x20,0x20,0x69,0x66,0x20,0x28,0x21,0x28,0x64,0x65,0x76,0x69,0x63,0x65,
  0x4f,0x72,0x69,0x65,0x6e,0x74,0x61,0x74,0x69,0x6f,0x6e,0x20,0x26,0x20,0x61,0x6c,
  0x6c,0x6f,0x77,0x65,0x64,0x4f,0x72,0x69,0x65,0x6e,0x74,0x61,0x74,0x69,0x6f,0x6e,
  0x73,0x29,0x29,0x20,0x72,0x65,0x74,0x75,0x72,0x6e,0x3b,0xa,0x20,0x20,0x20,0x20,
  0x20,0x20,0x20,0x20,0x73,0x77,0x69,0x74,0x63,0x68,0x20,0x28,0x64,0x65,0x76,0x69,
  0x63,0x65,0x4f,0x72,0x69,0x65,0x6e,0x74,0x61,0x74,0x69,0x6f,0x6e,0x29,0x20,0x7b,
  0xa,0x20,0x20,0x20,0x20,0x20,0x20,0x20,0x20,0x63,0x61,0x73,0x65,0x20,0x4f,0x72,
  0x69,0x65,0x6e,0x74,0x61,0x74,0x69,0x6f,0x6e,0x2e,0x50,0x6f,0x72,0x74,0x72,0x61,
  0x69,0x74,0x3a,0xa,0x20,0x20,0x20,0x20,0x20,0x20,0x20,0x20,0x20,0x20,0x20,0x20,
  0x63,0x6f,0x6d,0x70,0x61,0x73,0x73,0x4f,0x72,0x69,0x65,0x6e,0x74,0x61,0x74,0x69,
  0x6f,0x6e,0x4f,0x66,0x66,0x73,0x65,0x74,0x20,0x3d,0x20,0x30,0x3b,0xa,0x20,0x20,
  0x20,0x20,0x20,0x20,0x20,0x20,0x20,0x20,0x20,0x20,0x73,0x63,0x72,0x65,0x65,0x6e,
  0x57,0x69,0x64,0x74,0x68,0x20,0x3d,0x20,0x53,0x63,0x72,0x65,0x65,0x6e,0x2e,0x77,
  0x69,0x64,0x74,0x68,0x3b,0xa,0x20,0x20,0x20,0x20,0x20,0x20,0x20,0x20,0x20,0x20,
  0x20,0x20,0x73,0x63,0x72,0x65,0x65,0x6e,0x48,0x65,0x69,0x67,0x68,0x74,0x20,0x3d,
  0x20,0x53,0x63,0x72,0x65,0x65,0x6e,0x2e,0x68,0x65,0x69,0x67,0x68,0x74,0x3b,0xa,
  0x20,0x20,0x20,0x20,0x20,0x20,0x20,0x20,0x20,0x20,0x20,0x20,0x62,0x72,0x65,0x61,
  0x6b,0x3b,0xa,0x20,0x20,0x20,0x20,0x20,0x20,0x20,0x20,0x63,0x61,0x73,0x65,0x20,
  0x4f,0x72,0x69,0x65,0x6e,0x74,0x61,0x74,0x69,0x6f,0x6e,0x2e,0x50,0x6f,0x72,0x74,
  0x72,0x61,0x69,0x74,0x49,0x6e,0x76,0x65,0x72,0x74,0x65,0x64,0x3a,0xa,0x20,0x20,
  0x20,0x20,0x20,0x20,0x20,0x20,0x20,0x20,0x20,0x20,0x63,0x6f,0x6d,0x70,0x61,0x73,
  0x73,0x4f,0x72,0x69,0x65,0x6e,0x74,0x61,0x74,0x69,0x6f,0x6e,0x4f,0x66,0x66,0x73,
  0x65,0x74,0x20,0x3d,0x20,0x31,0x38,0x30,0x3b,0xa,0x20,0x20,0x20,0x20,0x20,0x20,
  0x20,0x20,0x20,0x20,0x20,0x20,0x73,0x63,0x72,0x65,0x65,0x6e,0x57,0x69,0x64,0x74,
  0x68,0x20,0x3d,0x20,0x53,0x63,0x72,0x65,0x65,0x6e,0x2e,0x77,0x69,0x64,0x74,0x68,
  0x3b,0xa,0x20,0x20,0x20,0x20,0x20,0x20,0x20,0x20,0x20,0x20,0x20,0x20,0x73,0x63,
  0x72,0x65,0x65,0x6e,0x48,0x65,0x69,0x67,0x68,0x74,0x20,0x3d,0x20,0x53,0x63,0x72,
  0x65,0x65,0x6e,0x2e,0x68,0x65,0x69,0x67,0x68,0x74,0x3b,0xa,0x20,0x20,0x20,0x20,
  0x20,0x20,0x20,0x20,0x20,0x20,0x20,0x20,0x62,0x72,0x65,0x61,0x6b,0x3b,0xa,0x20,
  0x20,0x20,0x20,0x20,0x20,0x20,0x20,0x63,0x61,0x73,0x65,0x20,0x4f,0x72,0x69,0x65,
  0x6e,0x74,0x61,0x74,0x69,0x6f,0x6e,0x2e,0x4c,0x61,0x6e,0x64,0x73,0x63,0x61,0x70,
  0x65,0x3a,0xa,0x20,0x20,0x20,0x20,0x20,0x20,0x20,0x20,0x20,0x20,0x20,0x20,0x63,
  0x6f,0x6d,0x70,0x61,0x73,0x73,0x4f,0x72,0x69,0x65,0x6e,0x74,0x61,0x74,0x69,0x6f,
  0x6e,0x4f,0x66,0x66,0x73,0x65,0x74,0x20,0x3d,0x20,0x39,0x30,0x3b,0xa,0x20,0x20,
  0x20,0x20,0x20,0x20,0x20,0x20,0x20,0x20,0x20,0x20,0x73,0x63,0x72,0x65,0x65,0x6e,
  0x57,0x69,0x64,0x74,0x68,0x20,0x3d,0x20,0x53,0x63,0x72,0x65,0x65,0x6e,0x2e,0x68,
  0x65,0x69,0x67,0x68,0x74,0x3b,0xa,0x20,0x20,0x20,0x20,0x20,0x20,0x20,0x20,0x20,
  0x20,0x20,0x20,0x73,0x63,0x72,0x65,0x65,0x6e,0x48,0x65,0x69,0x67,0x68,0x74,0x20,
  0x3d,0x20,0x53,0x63,0x72,0x65,0x65,0x6e,0x2e,0x77,0x69,0x64,0x74,0x68,0x3b,0xa,
  0x20,0x20,0x20,0x20,0x20,0x20,0x20,0x20,0x20,0x20,0x20,0x20,0x62,0x72,0x65,0x61,
  0x6b,0x3b,0xa,0x20,0x20,0x20,0x20,0x20,0x20,0x20,0x20,0x63,0x61,0x73,0x65,0x20,
  0x4f,0x72,0x69,0x65,0x6e,0x74,0x61,0x74,0x69,0x6f,0x6e,0x2e,0x4c,0x61,0x6e,0x64,
  0x73,0x63,0x61,0x70,0x65,0x49,0x6e,0x76,0x65,0x72,0x74,0x65,0x64,0x3a,0xa,0x20,
  0x20,0x20,0x20,0x20,0x20,0x20,0x20,0x20,0x20,0x20,0x20,0x63,0x6f,0x6d,0x70,0x61,
  0x73,0x73,0x4f,0x72,0x69,0x65,0x6e,0x74,0x61,0x74,0x69,0x6f,0x6e,0x4f,0x66,0x66,
  0x73,0x65,0x74,0x20,0x3d,0x20,0x32,0x37,0x30,0x3b,0xa,0x20,0x20,0x20,0x20,0x20,
  0x20,0x20,0x20,0x20,0x20,0x20,0x20,0x73,0x63,0x72,0x65,0x65,0x6e,0x57,0x69,0x64,
  0x74,0x68,0x20,0x3d,0x20,0x53,0x63,0x72,0x65,0x65,0x6e,0x2e,0x68,0x65,0x69,0x67,
  0x68,0x74,0x3b,0xa,0x20,0x20,0x20,0x20,0x20,0x20,0x20,0x20,0x20,0x20,0x20,0x20,
  0x73,0x63,0x72,0x65,0x65,0x6e,0x48,0x65,0x69,0x67,0x68,0x74,0x20,0x3d,0x20,0x53,
  0x63,0x72,0x65,0x65,0x6e,0x2e,0x77,0x69,0x64,0x74,0x68,0x3b,0xa,0x20,0x20,0x20,
  0x20,0x20,0x20,0x20,0x20,0x20,0x20,0x20,0x20,0x62,0x72,0x65,0x61,0x6b,0x3b,0xa,
  0x20,0x20,0x20,0x20,0x20,0x20,0x20,0x20,0x7d,0xa,0x20,0x20,0x20,0x20,0x7d,0xa,
  0xa,0x7d,0xa,
    // /home/oles/sailfish/app-sources/harbour-amazfish/ui/qml/components/platform.silica/TimePickerDialogPL.qml
  0x0,0x0,0x3,0x11,
  0x2f,
  0x2a,0x20,0x2d,0x2a,0x2d,0x20,0x63,0x6f,0x64,0x69,0x6e,0x67,0x3a,0x20,0x75,0x74,
  0x66,0x2d,0x38,0x2d,0x75,0x6e,0x69,0x78,0x20,0x2d,0x2a,0x2d,0xa,0x20,0x2a,0xa,
  0x20,0x2a,0x20,0x43,0x6f,0x70,0x79,0x72,0x69,0x67,0x68,0x74,0x20,0x28,0x43,0x29,
  0x20,0x32,0x30,0x31,0x39,0x20,0x52,0x69,0x6e,0x69,0x67,0x75,0x73,0xa,0x20,0x2a,
  0xa,0x20,0x2a,0x20,0x54,0x68,0x69,0x73,0x20,0x70,0x72,0x6f,0x67,0x72,0x61,0x6d,
  0x20,0x69,0x73,0x20,0x66,0x72,0x65,0x65,0x20,0x73,0x6f,0x66,0x74,0x77,0x61,0x72,
  0x65,0x3a,0x20,0x79,0x6f,0x75,0x20,0x63,0x61,0x6e,0x20,0x72,0x65,0x64,0x69,0x73,
  0x74,0x72,0x69,0x62,0x75,0x74,0x65,0x20,0x69,0x74,0x20,0x61,0x6e,0x64,0x2f,0x6f,
  0x72,0x20,0x6d,0x6f,0x64,0x69,0x66,0x79,0xa,0x20,0x2a,0x20,0x69,0x74,0x20,0x75,
  0x6e,0x64,0x65,0x72,0x20,0x74,0x68,0x65,0x20,0x74,0x65,0x72,0x6d,0x73,0x20,0x6f,
  0x66,0x20,0x74,0x68,0x65,0x20,0x47,0x4e,0x55,0x20,0x47,0x65,0x6e,0x65,0x72,0x61,
  0x6c,0x20,0x50,0x75,0x62,0x6c,0x69,0x63,0x20,0x4c,0x69,0x63,0x65,0x6e,0x73,0x65,
  0x20,0x61,0x73,0x20,0x70,0x75,0x62,0x6c,0x69,0x73,0x68,0x65,0x64,0x20,0x62,0x79,
  0xa,0x20,0x2a,0x20,0x74,0x68,0x65,0x20,0x46,0x72,0x65,0x65,0x20,0x53,0x6f,0x66,
  0x74,0x77,0x61,0x72,0x65,0x20,0x46,0x6f,0x75,0x6e,0x64,0x61,0x74,0x69,0x6f,0x6e,
  0x2c,0x20,0x65,0x69,0x74,0x68,0x65,0x72,0x20,0x76,0x65,0x72,0x73,0x69,0x6f,0x6e,
  0x20,0x33,0x20,0x6f,0x66,0x20,0x74,0x68,0x65,0x20,0x4c,0x69,0x63,0x65,0x6e,0x73,
  0x65,0x2c,0x20,0x6f,0x72,0xa,0x20,0x2a,0x20,0x28,0x61,0x74,0x20,0x79,0x6f,0x75,
  0x72,0x20,0x6f,0x70,0x74,0x69,0x6f,0x6e,0x29,0x20,0x61,0x6e,0x79,0x20,0x6c,0x61,
  0x74,0x65,0x72,0x20,0x76,0x65,0x72,0x73,0x69,0x6f,0x6e,0x2e,0xa,0x20,0x2a,0xa,
  0x20,0x2a,0x20,0x54,0x68,0x69,0x73,0x20,0x70,0x72,0x6f,0x67,0x72,0x61,0x6d,0x20,
  0x69,0x73,0x20,0x64,0x69,0x73,0x74,0x72,0x69,0x62,0x75,0x74,0x65,0x64,0x20,0x69,
  0x6e,0x20,0x74,0x68,0x65,0x20,0x68,0x6f,0x70,0x65,0x20,0x74,0x68,0x61,0x74,0x20,
  0x69,0x74,0x20,0x77,0x69,0x6c,0x6c,0x20,0x62,0x65,0x20,0x75,0x73,0x65,0x66,0x75,
  0x6c,0x2c,0xa,0x20,0x2a,0x20,0x62,0x75,0x74,0x20,0x57,0x49,0x54,0x48,0x4f,0x55,
  0x54,0x20,0x41,0x4e,0x59,0x20,0x57,0x41,0x52,0x52,0x41,0x4e,0x54,0x59,0x3b,0x20,
  0x77,0x69,0x74,0x68,0x6f,0x75,0x74,0x20,0x65,0x76,0x65,0x6e,0x20,0x74,0x68,0x65,
  0x20,0x69,0x6d,0x70,0x6c,0x69,0x65,0x64,0x20,0x77,0x61,0x72,0x72,0x61,0x6e,0x74,
  0x79,0x20,0x6f,0x66,0xa,0x20,0x2a,0x20,0x4d,0x45,0x52,0x43,0x48,0x41,0x4e,0x54,
  0x41,0x42,0x49,0x4c,0x49,0x54,0x59,0x20,0x6f,0x72,0x20,0x46,0x49,0x54,0x4e,0x45,
  0x53,0x53,0x20,0x46,0x4f,0x52,0x20,0x41,0x20,0x50,0x41,0x52,0x54,0x49,0x43,0x55,
  0x4c,0x41,0x52,0x20,0x50,0x55,0x52,0x50,0x4f,0x53,0x45,0x2e,0x20,0x20,0x53,0x65,
  0x65,0x20,0x74,0x68,0x65,0xa,0x20,0x2a,0x20,0x47,0x4e,0x55,0x20,0x47,0x65,0x6e,
  0x65,0x72,0x61,0x6c,0x20,0x50,0x75,0x62,0x6c,0x69,0x63,0x20,0x4c,0x69,0x63,0x65,
  0x6e,0x73,0x65,0x20,0x66,0x6f,0x72,0x20,0x6d,0x6f,0x72,0x65,0x20,0x64,0x65,0x74,
  0x61,0x69,0x6c,0x73,0x2e,0xa,0x20,0x2a,0xa,0x20,0x2a,0x20,0x59,0x6f,0x75,0x20,
  0x73,0x68,0x6f,0x75,0x6c,0x64,0x20,0x68,0x61,0x76,0x65,0x20,0x72,0x65,0x63,0x65,
  0x69,0x76,0x65,0x64,0x20,0x61,0x20,0x63,0x6f,0x70,0x79,0x20,0x6f,0x66,0x20,0x74,
  0x68,0x65,0x20,0x47,0x4e,0x55,0x20,0x47,0x65,0x6e,0x65,0x72,0x61,0x6c,0x20,0x50,
  0x75,0x62,0x6c,0x69,0x63,0x20,0x4c,0x69,0x63,0x65,0x6e,0x73,0x65,0xa,0x20,0x2a,
  0x20,0x61,0x6c,0x6f,0x6e,0x67,0x20,0x77,0x69,0x74,0x68,0x20,0x74,0x68,0x69,0x73,
  0x20,0x70,0x72,0x6f,0x67,0x72,0x61,0x6d,0x2e,0x20,0x20,0x49,0x66,0x20,0x6e,0x6f,
  0x74,0x2c,0x20,0x73,0x65,0x65,0x20,0x3c,0x68,0x74,0x74,0x70,0x3a,0x2f,0x2f,0x77,
  0x77,0x77,0x2e,0x67,0x6e,0x75,0x2e,0x6f,0x72,0x67,0x2f,0x6c,0x69,0x63,0x65,0x6e,
  0x73,0x65,0x73,0x2f,0x3e,0x2e,0xa,0x20,0x2a,0x2f,0xa,0xa,0x69,0x6d,0x70,0x6f,
  0x72,0x74,0x20,0x51,0x74,0x51,0x75,0x69,0x63,0x6b,0x20,0x32,0x2e,0x30,0xa,0x69,
  0x6d,0x70,0x6f,0x72,0x74,0x20,0x53,0x61,0x69,0x6c,0x66,0x69,0x73,0x68,0x2e,0x53,
  0x69,0x6c,0x69,0x63,0x61,0x20,0x31,0x2e,0x30,0xa,0xa,0x54,0x69,0x6d,0x65,0x50,
  0x69,0x63,0x6b,0x65,0x72,0x44,0x69,0x61,0x6c,0x6f,0x67,0x20,0x7b,0xa,0x7d,0xa,
  
    // /home/oles/sailfish/app-sources/harbour-amazfish/ui/qml/components/platform.silica/RemorsePopupPL.qml
  0x0,0x0,0x3,0xd,
  0x2f,
  0x2a,0x20,0x2d,0x2a,0x2d,0x20,0x63,0x6f,0x64,0x69,0x6e,0x67,0x3a,0x20,0x75,0x74,
  0x66,0x2d,0x38,0x2d,0x75,0x6e,0x69,0x78,0x20,0x2d,0x2a,0x2d,0xa,0x20,0x2a,0xa,
  0x20,0x2a,0x20,0x43,0x6f,0x70,0x79,0x72,0x69,0x67,0x68,0x74,0x20,0x28,0x43,0x29,
  0x20,0x32,0x30,0x31,0x38,0x20,0x52,0x69,0x6e,0x69,0x67,0x75,0x73,0xa,0x20,0x2a,
  0xa,0x20,0x2a,0x20,0x54,0x68,0x69,0x73,0x20,0x70,0x72,0x6f,0x67,0x72,0x61,0x6d,
  0x20,0x69,0x73,0x20,0x66,0x72,0x65,0x65,0x20,0x73,0x6f,0x66,0x74,0x77,0x61,0x72,
  0x65,0x3a,0x20,0x79,0x6f,0x75,0x20,0x63,0x61,0x6e,0x20,0x72,0x65,0x64,0x69,0x73,
  0x74,0x72,0x69,0x62,0x75,0x74,0x65,0x20,0x69,0x74,0x20,0x61,0x6e,0x64,0x2f,0x6f,
  0x72,0x20,0x6d,0x6f,0x64,0x69,0x66,0x79,0xa,0x20,0x2a,0x20,0x69,0x74,0x20,0x75,
  0x6e,0x64,0x65,0x72,0x20,0x74,0x68,0x65,0x20,0x74,0x65,0x72,0x6d,0x73,0x20,0x6f,
  0x66,0x20,0x74,0x68,0x65,0x20,0x47,0x4e,0x55,0x20,0x47,0x65,0x6e,0x65,0x72,0x61,
  0x6c,0x20,0x50,0x75,0x62,0x6c,0x69,0x63,0x20,0x4c,0x69,0x63,0x65,0x6e,0x73,0x65,
  0x20,0x61,0x73,0x20,0x70,0x75,0x62,0x6c,0x69,0x73,0x68,0x65,0x64,0x20,0x62,0x79,
  0xa,0x20,0x2a,0x20,0x74,0x68,0x65,0x20,0x46,0x72,0x65,0x65,0x20,0x53,0x6f,0x66,
  0x74,0x77,0x61,0x72,0x65,0x20,0x46,0x6f,0x75,0x6e,0x64,0x61,0x74,0x69,0x6f,0x6e,
  0x2c,0x20,0x65,0x69,0x74,0x68,0x65,0x72,0x20,0x76,0x65,0x72,0x73,0x69,0x6f,0x6e,
  0x20,0x33,0x20,0x6f,0x66,0x20,0x74,0x68,0x65,0x20,0x4c,0x69,0x63,0x65,0x6e,0x73,
  0x65,0x2c,0x20,0x6f,0x72,0xa,0x20,0x2a,0x20,0x28,0x61,0x74,0x20,0x79,0x6f,0x75,
  0x72,0x20,0x6f,0x70,0x74,0x69,0x6f,0x6e,0x29,0x20,0x61,0x6e,0x79,0x20,0x6c,0x61,
  0x74,0x65,0x72,0x20,0x76,0x65,0x72,0x73,0x69,0x6f,0x6e,0x2e,0xa,0x20,0x2a,0xa,
  0x20,0x2a,0x20,0x54,0x68,0x69,0x73,0x20,0x70,0x72,0x6f,0x67,0x72,0x61,0x6d,0x20,
  0x69,0x73,0x20,0x64,0x69,0x73,0x74,0x72,0x69,0x62,0x75,0x74,0x65,0x64,0x20,0x69,
  0x6e,0x20,0x74,0x68,0x65,0x20,0x68,0x6f,0x70,0x65,0x20,0x74,0x68,0x61,0x74,0x20,
  0x69,0x74,0x20,0x77,0x69,0x6c,0x6c,0x20,0x62,0x65,0x20,0x75,0x73,0x65,0x66,0x75,
  0x6c,0x2c,0xa,0x20,0x2a,0x20,0x62,0x75,0x74,0x20,0x57,0x49,0x54,0x48,0x4f,0x55,
  0x54,0x20,0x41,0x4e,0x59,0x20,0x57,0x41,0x52,0x52,0x41,0x4e,0x54,0x59,0x3b,0x20,
  0x77,0x69,0x74,0x68,0x6f,0x75,0x74,0x20,0x65,0x76,0x65,0x6e,0x20,0x74,0x68,0x65,
  0x20,0x69,0x6d,0x70,0x6c,0x69,0x65,0x64,0x20,0x77,0x61,0x72,0x72,0x61,0x6e,0x74,
  0x79,0x20,0x6f,0x66,0xa,0x20,0x2a,0x20,0x4d,0x45,0x52,0x43,0x48,0x41,0x4e,0x54,
  0x41,0x42,0x49,0x4c,0x49,0x54,0x59,0x20,0x6f,0x72,0x20,0x46,0x49,0x54,0x4e,0x45,
  0x53,0x53,0x20,0x46,0x4f,0x52,0x20,0x41,0x20,0x50,0x41,0x52,0x54,0x49,0x43,0x55,
  0x4c,0x41,0x52,0x20,0x50,0x55,0x52,0x50,0x4f,0x53,0x45,0x2e,0x20,0x20,0x53,0x65,
  0x65,0x20,0x74,0x68,0x65,0xa,0x20,0x2a,0x20,0x47,0x4e,0x55,0x20,0x47,0x65,0x6e,
  0x65,0x72,0x61,0x6c,0x20,0x50,0x75,0x62,0x6c,0x69,0x63,0x20,0x4c,0x69,0x63,0x65,
  0x6e,0x73,0x65,0x20,0x66,0x6f,0x72,0x20,0x6d,0x6f,0x72,0x65,0x20,0x64,0x65,0x74,
  0x61,0x69,0x6c,0x73,0x2e,0xa,0x20,0x2a,0xa,0x20,0x2a,0x20,0x59,0x6f,0x75,0x20,
  0x73,0x68,0x6f,0x75,0x6c,0x64,0x20,0x68,0x61,0x76,0x65,0x20,0x72,0x65,0x63,0x65,
  0x69,0x76,0x65,0x64,0x20,0x61,0x20,0x63,0x6f,0x70,0x79,0x20,0x6f,0x66,0x20,0x74,
  0x68,0x65,0x20,0x47,0x4e,0x55,0x20,0x47,0x65,0x6e,0x65,0x72,0x61,0x6c,0x20,0x50,
  0x75,0x62,0x6c,0x69,0x63,0x20,0x4c,0x69,0x63,0x65,0x6e,0x73,0x65,0xa,0x20,0x2a,
  0x20,0x61,0x6c,0x6f,0x6e,0x67,0x20,0x77,0x69,0x74,0x68,0x20,0x74,0x68,0x69,0x73,
  0x20,0x70,0x72,0x6f,0x67,0x72,0x61,0x6d,0x2e,0x20,0x20,0x49,0x66,0x20,0x6e,0x6f,
  0x74,0x2c,0x20,0x73,0x65,0x65,0x20,0x3c,0x68,0x74,0x74,0x70,0x3a,0x2f,0x2f,0x77,
  0x77,0x77,0x2e,0x67,0x6e,0x75,0x2e,0x6f,0x72,0x67,0x2f,0x6c,0x69,0x63,0x65,0x6e,
  0x73,0x65,0x73,0x2f,0x3e,0x2e,0xa,0x20,0x2a,0x2f,0xa,0xa,0x69,0x6d,0x70,0x6f,
  0x72,0x74,0x20,0x51,0x74,0x51,0x75,0x69,0x63,0x6b,0x20,0x32,0x2e,0x30,0xa,0x69,
  0x6d,0x70,0x6f,0x72,0x74,0x20,0x53,0x61,0x69,0x6c,0x66,0x69,0x73,0x68,0x2e,0x53,
  0x69,0x6c,0x69,0x63,0x61,0x20,0x31,0x2e,0x30,0xa,0xa,0x52,0x65,0x6d,0x6f,0x72,
  0x73,0x65,0x50,0x6f,0x70,0x75,0x70,0x20,0x7b,0xa,0x7d,0xa,
    // /home/oles/sailfish/app-sources/harbour-amazfish/ui/qml/components/platform.silica/BusyIndicatorSmallPL.qml
  0x0,0x0,0x3,0x31,
  0x2f,
  0x2a,0x20,0x2d,0x2a,0x2d,0x20,0x63,0x6f,0x64,0x69,0x6e,0x67,0x3a,0x20,0x75,0x74,
  0x66,0x2d,0x38,0x2d,0x75,0x6e,0x69,0x78,0x20,0x2d,0x2a,0x2d,0xa,0x20,0x2a,0xa,
  0x20,0x2a,0x20,0x43,0x6f,0x70,0x79,0x72,0x69,0x67,0x68,0x74,0x20,0x28,0x43,0x29,
  0x20,0x32,0x30,0x31,0x38,0x20,0x52,0x69,0x6e,0x69,0x67,0x75,0x73,0xa,0x20,0x2a,
  0xa,0x20,0x2a,0x20,0x54,0x68,0x69,0x73,0x20,0x70,0x72,0x6f,0x67,0x72,0x61,0x6d,
  0x20,0x69,0x73,0x20,0x66,0x72,0x65,0x65,0x20,0x73,0x6f,0x66,0x74,0x77,0x61,0x72,
  0x65,0x3a,0x20,0x79,0x6f,0x75,0x20,0x63,0x61,0x6e,0x20,0x72,0x65,0x64,0x69,0x73,
  0x74,0x72,0x69,0x62,0x75,0x74,0x65,0x20,0x69,0x74,0x20,0x61,0x6e,0x64,0x2f,0x6f,
  0x72,0x20,0x6d,0x6f,0x64,0x69,0x66,0x79,0xa,0x20,0x2a,0x20,0x69,0x74,0x20,0x75,
  0x6e,0x64,0x65,0x72,0x20,0x74,0x68,0x65,0x20,0x74,0x65,0x72,0x6d,0x73,0x20,0x6f,
  0x66,0x20,0x74,0x68,0x65,0x20,0x47,0x4e,0x55,0x20,0x47,0x65,0x6e,0x65,0x72,0x61,
  0x6c,0x20,0x50,0x75,0x62,0x6c,0x69,0x63,0x20,0x4c,0x69,0x63,0x65,0x6e,0x73,0x65,
  0x20,0x61,0x73,0x20,0x70,0x75,0x62,0x6c,0x69,0x73,0x68,0x65,0x64,0x20,0x62,0x79,
  0xa,0x20,0x2a,0x20,0x74,0x68,0x65,0x20,0x46,0x72,0x65,0x65,0x20,0x53,0x6f,0x66,
  0x74,0x77,0x61,0x72,0x65,0x20,0x46,0x6f,0x75,0x6e,0x64,0x61,0x74,0x69,0x6f,0x6e,
  0x2c,0x20,0x65,0x69,0x74,0x68,0x65,0x72,0x20,0x76,0x65,0x72,0x73,0x69,0x6f,0x6e,
  0x20,0x33,0x20,0x6f,0x66,0x20,0x74,0x68,0x65,0x20,0x4c,0x69,0x63,0x65,0x6e,0x73,
  0x65,0x2c,0x20,0x6f,0x72,0xa,0x20,0x2a,0x20,0x28,0x61,0x74,0x20,0x79,0x6f,0x75,
  0x72,0x20,0x6f,0x70,0x74,0x69,0x6f,0x6e,0x29,0x20,0x61,0x6e,0x79,0x20,0x6c,0x61,
  0x74,0x65,0x72,0x20,0x76,0x65,0x72,0x73,0x69,0x6f,0x6e,0x2e,0xa,0x20,0x2a,0xa,
  0x20,0x2a,0x20,0x54,0x68,0x69,0x73,0x20,0x70,0x72,0x6f,0x67,0x72,0x61,0x6d,0x20,
  0x69,0x73,0x20,0x64,0x69,0x73,0x74,0x72,0x69,0x62,0x75,0x74,0x65,0x64,0x20,0x69,
  0x6e,0x20,0x74,0x68,0x65,0x20,0x68,0x6f,0x70,0x65,0x20,0x74,0x68,0x61,0x74,0x20,
  0x69,0x74,0x20,0x77,0x69,0x6c,0x6c,0x20,0x62,0x65,0x20,0x75,0x73,0x65,0x66,0x75,
  0x6c,0x2c,0xa,0x20,0x2a,0x20,0x62,0x75,0x74,0x20,0x57,0x49,0x54,0x48,0x4f,0x55,
  0x54,0x20,0x41,0x4e,0x59,0x20,0x57,0x41,0x52,0x52,0x41,0x4e,0x54,0x59,0x3b,0x20,
  0x77,0x69,0x74,0x68,0x6f,0x75,0x74,0x20,0x65,0x76,0x65,0x6e,0x20,0x74,0x68,0x65,
  0x20,0x69,0x6d,0x70,0x6c,0x69,0x65,0x64,0x20,0x77,0x61,0x72,0x72,0x61,0x6e,0x74,
  0x79,0x20,0x6f,0x66,0xa,0x20,0x2a,0x20,0x4d,0x45,0x52,0x43,0x48,0x41,0x4e,0x54,
  0x41,0x42,0x49,0x4c,0x49,0x54,0x59,0x20,0x6f,0x72,0x20,0x46,0x49,0x54,0x4e,0x45,
  0x53,0x53,0x20,0x46,0x4f,0x52,0x20,0x41,0x20,0x50,0x41,0x52,0x54,0x49,0x43,0x55,
  0x4c,0x41,0x52,0x20,0x50,0x55,0x52,0x50,0x4f,0x53,0x45,0x2e,0x20,0x20,0x53,0x65,
  0x65,0x20,0x74,0x68,0x65,0xa,0x20,0x2a,0x20,0x47,0x4e,0x55,0x20,0x47,0x65,0x6e,
  0x65,0x72,0x61,0x6c,0x20,0x50,0x75,0x62,0x6c,0x69,0x63,0x20,0x4c,0x69,0x63,0x65,
  0x6e,0x73,0x65,0x20,0x66,0x6f,0x72,0x20,0x6d,0x6f,0x72,0x65,0x20,0x64,0x65,0x74,
  0x61,0x69,0x6c,0x73,0x2e,0xa,0x20,0x2a,0xa,0x20,0x2a,0x20,0x59,0x6f,0x75,0x20,
  0x73,0x68,0x6f,0x75,0x6c,0x64,0x20,0x68,0x61,0x76,0x65,0x20,0x72,0x65,0x63,0x65,
  0x69,0x76,0x65,0x64,0x20,0x61,0x20,0x63,0x6f,0x70,0x79,0x20,0x6f,0x66,0x20,0x74,
  0x68,0x65,0x20,0x47,0x4e,0x55,0x20,0x47,0x65,0x6e,0x65,0x72,0x61,0x6c,0x20,0x50,
  0x75,0x62,0x6c,0x69,0x63,0x20,0x4c,0x69,0x63,0x65,0x6e,0x73,0x65,0xa,0x20,0x2a,
  0x20,0x61,0x6c,0x6f,0x6e,0x67,0x20,0x77,0x69,0x74,0x68,0x20,0x74,0x68,0x69,0x73,
  0x20,0x70,0x72,0x6f,0x67,0x72,0x61,0x6d,0x2e,0x20,0x20,0x49,0x66,0x20,0x6e,0x6f,
  0x74,0x2c,0x20,0x73,0x65,0x65,0x20,0x3c,0x68,0x74,0x74,0x70,0x3a,0x2f,0x2f,0x77,
  0x77,0x77,0x2e,0x67,0x6e,0x75,0x2e,0x6f,0x72,0x67,0x2f,0x6c,0x69,0x63,0x65,0x6e,
  0x73,0x65,0x73,0x2f,0x3e,0x2e,0xa,0x20,0x2a,0x2f,0xa,0xa,0x69,0x6d,0x70,0x6f,
  0x72,0x74,0x20,0x51,0x74,0x51,0x75,0x69,0x63,0x6b,0x20,0x32,0x2e,0x30,0xa,0x69,
  0x6d,0x70,0x6f,0x72,0x74,0x20,0x53,0x61,0x69,0x6c,0x66,0x69,0x73,0x68,0x2e,0x53,
  0x69,0x6c,0x69,0x63,0x61,0x20,0x31,0x2e,0x30,0xa,0xa,0x42,0x75,0x73,0x79,0x49,
  0x6e,0x64,0x69,0x63,0x61,0x74,0x6f,0x72,0x20,0x7b,0xa,0x20,0x20,0x20,0x20,0x73,
  0x69,0x7a,0x65,0x3a,0x20,0x42,0x75,0x73,0x79,0x49,0x6e,0x64,0x69,0x63,0x61,0x74,
  0x6f,0x72,0x53,0x69,0x7a,0x65,0x2e,0x53,0x6d,0x61,0x6c,0x6c,0xa,0x7d,0xa,0xa,
  
    // /home/oles/sailfish/app-sources/harbour-amazfish/ui/qml/components/platform.silica/DialogListPL.qml
  0x0,0x0,0x9,0x7,
  0x2f,
  0x2a,0x20,0x2d,0x2a,0x2d,0x20,0x63,0x6f,0x64,0x69,0x6e,0x67,0x3a,0x20,0x75,0x74,
  0x66,0x2d,0x38,0x2d,0x75,0x6e,0x69,0x78,0x20,0x2d,0x2a,0x2d,0xa,0x20,0x2a,0xa,
  0x20,0x2a,0x20,0x43,0x6f,0x70,0x79,0x72,0x69,0x67,0x68,0x74,0x20,0x28,0x43,0x29,
  0x20,0x32,0x30,0x31,0x38,0x20,0x52,0x69,0x6e,0x69,0x67,0x75,0x73,0xa,0x20,0x2a,
  0xa,0x20,0x2a,0x20,0x54,0x68,0x69,0x73,0x20,0x70,0x72,0x6f,0x67,0x72,0x61,0x6d,
  0x20,0x69,0x73,0x20,0x66,0x72,0x65,0x65,0x20,0x73,0x6f,0x66,0x74,0x77,0x61,0x72,
  0x65,0x3a,0x20,0x79,0x6f,0x75,0x20,0x63,0x61,0x6e,0x20,0x72,0x65,0x64,0x69,0x73,
  0x74,0x72,0x69,0x62,0x75,0x74,0x65,0x20,0x69,0x74,0x20,0x61,0x6e,0x64,0x2f,0x6f,
  0x72,0x20,0x6d,0x6f,0x64,0x69,0x66,0x79,0xa,0x20,0x2a,0x20,0x69,0x74,0x20,0x75,
  0x6e,0x64,0x65,0x72,0x20,0x74,0x68,0x65,0x20,0x74,0x65,0x72,0x6d,0x73,0x20,0x6f,
  0x66,0x20,0x74,0x68,0x65,0x20,0x47,0x4e,0x55,0x20,0x47,0x65,0x6e,0x65,0x72,0x61,
  0x6c,0x20,0x50,0x75,0x62,0x6c,0x69,0x63,0x20,0x4c,0x69,0x63,0x65,0x6e,0x73,0x65,
  0x20,0x61,0x73,0x20,0x70,0x75,0x62,0x6c,0x69,0x73,0x68,0x65,0x64,0x20,0x62,0x79,
  0xa,0x20,0x2a,0x20,0x74,0x68,0x65,0x20,0x46,0x72,0x65,0x65,0x20,0x53,0x6f,0x66,
  0x74,0x77,0x61,0x72,0x65,0x20,0x46,0x6f,0x75,0x6e,0x64,0x61,0x74,0x69,0x6f,0x6e,
  0x2c,0x20,0x65,0x69,0x74,0x68,0x65,0x72,0x20,0x76,0x65,0x72,0x73,0x69,0x6f,0x6e,
  0x20,0x33,0x20,0x6f,0x66,0x20,0x74,0x68,0x65,0x20,0x4c,0x69,0x63,0x65,0x6e,0x73,
  0x65,0x2c,0x20,0x6f,0x72,0xa,0x20,0x2a,0x20,0x28,0x61,0x74,0x20,0x79,0x6f,0x75,
  0x72,0x20,0x6f,0x70,0x74,0x69,0x6f,0x6e,0x29,0x20,0x61,0x6e,0x79,0x20,0x6c,0x61,
  0x74,0x65,0x72,0x20,0x76,0x65,0x72,0x73,0x69,0x6f,0x6e,0x2e,0xa,0x20,0x2a,0xa,
  0x20,0x2a,0x20,0x54,0x68,0x69,0x73,0x20,0x70,0x72,0x6f,0x67,0x72,0x61,0x6d,0x20,
  0x69,0x73,0x20,0x64,0x69,0x73,0x74,0x72,0x69,0x62,0x75,0x74,0x65,0x64,0x20,0x69,
  0x6e,0x20,0x74,0x68,0x65,0x20,0x68,0x6f,0x70,0x65,0x20,0x74,0x68,0x61,0x74,0x20,
  0x69,0x74,0x20,0x77,0x69,0x6c,0x6c,0x20,0x62,0x65,0x20,0x75,0x73,0x65,0x66,0x75,
  0x6c,0x2c,0xa,0x20,0x2a,0x20,0x62,0x75,0x74,0x20,0x57,0x49,0x54,0x48,0x4f,0x55,
  0x54,0x20,0x41,0x4e,0x59,0x20,0x57,0x41,0x52,0x52,0x41,0x4e,0x54,0x59,0x3b,0x20,
  0x77,0x69,0x74,0x68,0x6f,0x75,0x74,0x20,0x65,0x76,0x65,0x6e,0x20,0x74,0x68,0x65,
  0x20,0x69,0x6d,0x70,0x6c,0x69,0x65,0x64,0x20,0x77,0x61,0x72,0x72,0x61,0x6e,0x74,
  0x79,0x20,0x6f,0x66,0xa,0x20,0x2a,0x20,0x4d,0x45,0x52,0x43,0x48,0x41,0x4e,0x54,
  0x41,0x42,0x49,0x4c,0x49,0x54,0x59,0x20,0x6f,0x72,0x20,0x46,0x49,0x54,0x4e,0x45,
  0x53,0x53,0x20,0x46,0x4f,0x52,0x20,0x41,0x20,0x50,0x41,0x52,0x54,0x49,0x43,0x55,
  0x4c,0x41,0x52,0x20,0x50,0x55,0x52,0x50,0x4f,0x53,0x45,0x2e,0x20,0x20,0x53,0x65,
  0x65,0x20,0x74,0x68,0x65,0xa,0x20,0x2a,0x20,0x47,0x4e,0x55,0x20,0x47,0x65,0x6e,
  0x65,0x72,0x61,0x6c,0x20,0x50,0x75,0x62,0x6c,0x69,0x63,0x20,0x4c,0x69,0x63,0x65,
  0x6e,0x73,0x65,0x20,0x66,0x6f,0x72,0x20,0x6d,0x6f,0x72,0x65,0x20,0x64,0x65,0x74,
  0x61,0x69,0x6c,0x73,0x2e,0xa,0x20,0x2a,0xa,0x20,0x2a,0x20,0x59,0x6f,0x75,0x20,
  0x73,0x68,0x6f,0x75,0x6c,0x64,0x20,0x68,0x61,0x76,0x65,0x20,0x72,0x65,0x63,0x65,
  0x69,0x76,0x65,0x64,0x20,0x61,0x20,0x63,0x6f,0x70,0x79,0x20,0x6f,0x66,0x20,0x74,
  0x68,0x65,0x20,0x47,0x4e,0x55,0x20,0x47,0x65,0x6e,0x65,0x72,0x61,0x6c,0x20,0x50,
  0x75,0x62,0x6c,0x69,0x63,0x20,0x4c,0x69,0x63,0x65,0x6e,0x73,0x65,0xa,0x20,0x2a,
  0x20,0x61,0x6c,0x6f,0x6e,0x67,0x20,0x77,0x69,0x74,0x68,0x20,0x74,0x68,0x69,0x73,
  0x20,0x70,0x72,0x6f,0x67,0x72,0x61,0x6d,0x2e,0x20,0x20,0x49,0x66,0x20,0x6e,0x6f,
  0x74,0x2c,0x20,0x73,0x65,0x65,0x20,0x3c,0x68,0x74,0x74,0x70,0x3a,0x2f,0x2f,0x77,
  0x77,0x77,0x2e,0x67,0x6e,0x75,0x2e,0x6f,0x72,0x67,0x2f,0x6c,0x69,0x63,0x65,0x6e,
  0x73,0x65,0x73,0x2f,0x3e,0x2e,0xa,0x20,0x2a,0x2f,0xa,0xa,0x69,0x6d,0x70,0x6f,
  0x72,0x74,0x20,0x51,0x74,0x51,0x75,0x69,0x63,0x6b,0x20,0x32,0x2e,0x30,0xa,0x69,
  0x6d,0x70,0x6f,0x72,0x74,0x20,0x53,0x61,0x69,0x6c,0x66,0x69,0x73,0x68,0x2e,0x53,
  0x69,0x6c,0x69,0x63,0x61,0x20,0x31,0x2e,0x30,0xa,0xa,0x44,0x69,0x61,0x6c,0x6f,
  0x67,0x20,0x7b,0xa,0x20,0x20,0x20,0x20,0x69,0x64,0x3a,0x20,0x70,0x61,0x67,0x65,
  0xa,0x20,0x20,0x20,0x20,0x61,0x6c,0x6c,0x6f,0x77,0x65,0x64,0x4f,0x72,0x69,0x65,
  0x6e,0x74,0x61,0x74,0x69,0x6f,0x6e,0x73,0x3a,0x20,0x61,0x70,0x70,0x2e,0x64,0x65,
  0x66,0x61,0x75,0x6c,0x74,0x41,0x6c,0x6c,0x6f,0x77,0x65,0x64,0x4f,0x72,0x69,0x65,
  0x6e,0x74,0x61,0x74,0x69,0x6f,0x6e,0x73,0xa,0xa,0x20,0x20,0x20,0x20,0x70,0x72,
  0x6f,0x70,0x65,0x72,0x74,0x79,0x20,0x73,0x74,0x72,0x69,0x6e,0x67,0x20,0x61,0x63,
  0x63,0x65,0x70,0x74,0x49,0x63,0x6f,0x6e,0x4e,0x61,0x6d,0x65,0x20,0x2f,0x2f,0x20,
  0x66,0x6f,0x72,0x20,0x63,0x6f,0x6d,0x70,0x61,0x74,0x69,0x62,0x69,0x6c,0x69,0x74,
  0x79,0xa,0x20,0x20,0x20,0x20,0x70,0x72,0x6f,0x70,0x65,0x72,0x74,0x79,0x20,0x73,
  0x74,0x72,0x69,0x6e,0x67,0x20,0x61,0x63,0x63,0x65,0x70,0x74,0x54,0x65,0x78,0x74,
  0xa,0x20,0x20,0x20,0x20,0x70,0x72,0x6f,0x70,0x65,0x72,0x74,0x79,0x20,0x62,0x6f,
  0x6f,0x6c,0x20,0x20,0x20,0x61,0x63,0x74,0x69,0x76,0x65,0x3a,0x20,0x70,0x61,0x67,
  0x65,0x2e,0x73,0x74,0x61,0x74,0x75,0x73,0x20,0x3d,0x3d,0x3d,0x20,0x50,0x61,0x67,
  0x65,0x53,0x74,0x61,0x74,0x75,0x73,0x2e,0x41,0x63,0x74,0x69,0x76,0x65,0xa,0x20,
  0x20,0x20,0x20,0x70,0x72,0x6f,0x70,0x65,0x72,0x74,0x79,0x20,0x61,0x6c,0x69,0x61,
  0x73,0x20,0x20,0x63,0x75,0x72,0x72,0x65,0x6e,0x74,0x49,0x6e,0x64,0x65,0x78,0x3a,
  0x20,0x6c,0x69,0x73,0x74,0x56,0x69,0x65,0x77,0x2e,0x63,0x75,0x72,0x72,0x65,0x6e,
  0x74,0x49,0x6e,0x64,0x65,0x78,0xa,0x20,0x20,0x20,0x20,0x70,0x72,0x6f,0x70,0x65,
  0x72,0x74,0x79,0x20,0x61,0x6c,0x69,0x61,0x73,0x20,0x20,0x64,0x65,0x6c,0x65,0x67,
  0x61,0x74,0x65,0x3a,0x20,0x6c,0x69,0x73,0x74,0x56,0x69,0x65,0x77,0x2e,0x64,0x65,
  0x6c,0x65,0x67,0x61,0x74,0x65,0xa,0x20,0x20,0x20,0x20,0x70,0x72,0x6f,0x70,0x65,
  0x72,0x74,0x79,0x20,0x76,0x61,0x72,0x20,0x20,0x20,0x20,0x68,0x65,0x61,0x64,0x65,
  0x72,0x45,0x78,0x74,0x72,0x61,0xa,0x20,0x20,0x20,0x20,0x70,0x72,0x6f,0x70,0x65,
  0x72,0x74,0x79,0x20,0x61,0x6c,0x69,0x61,0x73,0x20,0x20,0x6d,0x6f,0x64,0x65,0x6c,
  0x3a,0x20,0x6c,0x69,0x73,0x74,0x56,0x69,0x65,0x77,0x2e,0x6d,0x6f,0x64,0x65,0x6c,
  0xa,0x20,0x20,0x20,0x20,0x70,0x72,0x6f,0x70,0x65,0x72,0x74,0x79,0x20,0x61,0x6c,
  0x69,0x61,0x73,0x20,0x20,0x70,0x6c,0x61,0x63,0x65,0x68,0x6f,0x6c,0x64,0x65,0x72,
  0x45,0x6e,0x61,0x62,0x6c,0x65,0x64,0x3a,0x20,0x76,0x69,0x65,0x77,0x50,0x6c,0x61,
  0x63,0x65,0x68,0x6f,0x6c,0x64,0x65,0x72,0x2e,0x65,0x6e,0x61,0x62,0x6c,0x65,0x64,
  0xa,0x20,0x20,0x20,0x20,0x70,0x72,0x6f,0x70,0x65,0x72,0x74,0x79,0x20,0x61,0x6c,
  0x69,0x61,0x73,0x20,0x20,0x70,0x6c,0x61,0x63,0x65,0x68,0x6f,0x6c,0x64,0x65,0x72,
  0x54,0x65,0x78,0x74,0x3a,0x20,0x76,0x69,0x65,0x77,0x50,0x6c,0x61,0x63,0x65,0x68,
  0x6f,0x6c,0x64,0x65,0x72,0x2e,0x68,0x69,0x6e,0x74,0x54,0x65,0x78,0x74,0xa,0x20,
  0x20,0x20,0x20,0x70,0x72,0x6f,0x70,0x65,0x72,0x74,0x79,0x20,0x73,0x74,0x72,0x69,
  0x6e,0x67,0x20,0x74,0x69,0x74,0x6c,0x65,0xa,0xa,0x20,0x20,0x20,0x20,0x73,0x69,
  0x67,0x6e,0x61,0x6c,0x20,0x70,0x61,0x67,0x65,0x53,0x74,0x61,0x74,0x75,0x73,0x41,
  0x63,0x74,0x69,0x76,0x61,0x74,0x69,0x6e,0x67,0xa,0x20,0x20,0x20,0x20,0x73,0x69,
  0x67,0x6e,0x61,0x6c,0x20,0x70,0x61,0x67,0x65,0x53,0x74,0x61,0x74,0x75,0x73,0x41,
  0x63,0x74,0x69,0x76,0x65,0xa,0x20,0x20,0x20,0x20,0x73,0x69,0x67,0x6e,0x61,0x6c,
  0x20,0x70,0x61,0x67,0x65,0x53,0x74,0x61,0x74,0x75,0x73,0x49,0x6e,0x61,0x63,0x74,
  0x69,0x76,0x65,0xa,0xa,0x20,0x20,0x20,0x20,0x53,0x69,0x6c,0x69,0x63,0x61,0x4c,
  0x69,0x73,0x74,0x56,0x69,0x65,0x77,0x20,0x7b,0xa,0x20,0x20,0x20,0x20,0x20,0x20,
  0x20,0x20,0x69,0x64,0x3a,0x20,0x6c,0x69,0x73,0x74,0x56,0x69,0x65,0x77,0xa,0x20,
  0x20,0x20,0x20,0x20,0x20,0x20,0x20,0x61,0x6e,0x63,0x68,0x6f,0x72,0x73,0x2e,0x66,
  0x69,0x6c,0x6c,0x3a,0x20,0x70,0x61,0x72,0x65,0x6e,0x74,0xa,0xa,0x20,0x20,0x20,
  0x20,0x20,0x20,0x20,0x20,0x68,0x65,0x61,0x64,0x65,0x72,0x3a,0x20,0x43,0x6f,0x6c,
  0x75,0x6d,0x6e,0x20,0x7b,0xa,0x20,0x20,0x20,0x20,0x20,0x20,0x20,0x20,0x20,0x20,
  0x20,0x20,0x68,0x65,0x69,0x67,0x68,0x74,0x3a,0x20,0x68,0x65,0x61,0x64,0x65,0x72,
  0x2e,0x68,0x65,0x69,0x67,0x68,0x74,0x20,0x2b,0x20,0x68,0x65,0x61,0x64,0x65,0x72,
  0x45,0x78,0x74,0x72,0x61,0x4c,0x6f,0x61,0x64,0x65,0x72,0x2e,0x68,0x65,0x69,0x67,
  0x68,0x74,0x20,0x2b,0x20,0x73,0x74,0x79,0x6c,0x65,0x72,0x2e,0x74,0x68,0x65,0x6d,
  0x65,0x50,0x61,0x64,0x64,0x69,0x6e,0x67,0x4c,0x61,0x72,0x67,0x65,0xa,0x20,0x20,
  0x20,0x20,0x20,0x20,0x20,0x20,0x20,0x20,0x20,0x20,0x77,0x69,0x64,0x74,0x68,0x3a,
  0x20,0x70,0x61,0x72,0x65,0x6e,0x74,0x2e,0x77,0x69,0x64,0x74,0x68,0xa,0xa,0x20,
  0x20,0x20,0x20,0x20,0x20,0x20,0x20,0x20,0x20,0x20,0x20,0x44,0x69,0x61,0x6c,0x6f,
  0x67,0x48,0x65,0x61,0x64,0x65,0x72,0x20,0x7b,0xa,0x20,0x20,0x20,0x20,0x20,0x20,
  0x20,0x20,0x20,0x20,0x20,0x20,0x20,0x20,0x20,0x20,0x69,0x64,0x3a,0x20,0x68,0x65,
  0x61,0x64,0x65,0x72,0xa,0x20,0x20,0x20,0x20,0x20,0x20,0x20,0x20,0x20,0x20,0x20,
  0x20,0x7d,0xa,0xa,0x20,0x20,0x20,0x20,0x20,0x20,0x20,0x20,0x20,0x20,0x20,0x20,
  0x4c,0x6f,0x61,0x64,0x65,0x72,0x20,0x7b,0xa,0x20,0x20,0x20,0x20,0x20,0x20,0x20,
  0x20,0x20,0x20,0x20,0x20,0x20,0x20,0x20,0x20,0x69,0x64,0x3a,0x20,0x68,0x65,0x61,
  0x64,0x65,0x72,0x45,0x78,0x74,0x72,0x61,0x4c,0x6f,0x61,0x64,0x65,0x72,0xa,0x20,
  0x20,0x20,0x20,0x20,0x20,0x20,0x20,0x20,0x20,0x20,0x20,0x20,0x20,0x20,0x20,0x61,
  0x63,0x74,0x69,0x76,0x65,0x3a,0x20,0x73,0x6f,0x75,0x72,0x63,0x65,0x43,0x6f,0x6d,
  0x70,0x6f,0x6e,0x65,0x6e,0x74,0x20,0x3f,0x20,0x74,0x72,0x75,0x65,0x20,0x3a,0x20,
  0x66,0x61,0x6c,0x73,0x65,0xa,0x20,0x20,0x20,0x20,0x20,0x20,0x20,0x20,0x20,0x20,
  0x20,0x20,0x20,0x20,0x20,0x20,0x77,0x69,0x64,0x74,0x68,0x3a,0x20,0x70,0x61,0x72,
  0x65,0x6e,0x74,0x2e,0x77,0x69,0x64,0x74,0x68,0xa,0x20,0x20,0x20,0x20,0x20,0x20,
  0x20,0x20,0x20,0x20,0x20,0x20,0x20,0x20,0x20,0x20,0x73,0x6f,0x75,0x72,0x63,0x65,
  0x43,0x6f,0x6d,0x70,0x6f,0x6e,0x65,0x6e,0x74,0x3a,0x20,0x70,0x61,0x67,0x65,0x2e,
  0x68,0x65,0x61,0x64,0x65,0x72,0x45,0x78,0x74,0x72,0x61,0xa,0x20,0x20,0x20,0x20,
  0x20,0x20,0x20,0x20,0x20,0x20,0x20,0x20,0x7d,0xa,0x20,0x20,0x20,0x20,0x20,0x20,
  0x20,0x20,0x7d,0xa,0xa,0x20,0x20,0x20,0x20,0x20,0x20,0x20,0x20,0x56,0x69,0x65,
  0x77,0x50,0x6c,0x61,0x63,0x65,0x68,0x6f,0x6c,0x64,0x65,0x72,0x20,0x7b,0xa,0x20,
  0x20,0x20,0x20,0x20,0x20,0x20,0x20,0x20,0x20,0x20,0x20,0x69,0x64,0x3a,0x20,0x76,
  0x69,0x65,0x77,0x50,0x6c,0x61,0x63,0x65,0x68,0x6f,0x6c,0x64,0x65,0x72,0xa,0x20,
  0x20,0x20,0x20,0x20,0x20,0x20,0x20,0x7d,0xa,0xa,0x20,0x20,0x20,0x20,0x20,0x20,
  0x20,0x20,0x56,0x65,0x72,0x74,0x69,0x63,0x61,0x6c,0x53,0x63,0x72,0x6f,0x6c,0x6c,
  0x44,0x65,0x63,0x6f,0x72,0x61,0x74,0x6f,0x72,0x20,0x7b,0x20,0x66,0x6c,0x69,0x63,
  0x6b,0x61,0x62,0x6c,0x65,0x3a,0x20,0x6c,0x69,0x73,0x74,0x56,0x69,0x65,0x77,0x20,
  0x7d,0xa,0x20,0x20,0x20,0x20,0x7d,0xa,0xa,0x20,0x20,0x20,0x20,0x6f,0x6e,0x53,
  0x74,0x61,0x74,0x75,0x73,0x43,0x68,0x61,0x6e,0x67,0x65,0x64,0x3a,0x20,0x7b,0xa,
  0x20,0x20,0x20,0x20,0x20,0x20,0x20,0x20,0x69,0x66,0x20,0x28,0x70,0x61,0x67,0x65,
  0x2e,0x73,0x74,0x61,0x74,0x75,0x73,0x20,0x3d,0x3d,0x3d,0x20,0x50,0x61,0x67,0x65,
  0x53,0x74,0x61,0x74,0x75,0x73,0x2e,0x41,0x63,0x74,0x69,0x76,0x61,0x74,0x69,0x6e,
  0x67,0x29,0x20,0x70,0x61,0x67,0x65,0x53,0x74,0x61,0x74,0x75,0x73,0x41,0x63,0x74,
  0x69,0x76,0x61,0x74,0x69,0x6e,0x67,0x28,0x29,0x3b,0xa,0x20,0x20,0x20,0x20,0x20,
  0x20,0x20,0x20,0x65,0x6c,0x73,0x65,0x20,0x69,0x66,0x20,0x28,0x70,0x61,0x67,0x65,
  0x2e,0x73,0x74,0x61,0x74,0x75,0x73,0x20,0x3d,0x3d,0x3d,0x20,0x50,0x61,0x67,0x65,
  0x53,0x74,0x61,0x74,0x75,0x73,0x2e,0x41,0x63,0x74,0x69,0x76,0x65,0x29,0x20,0x70,
  0x61,0x67,0x65,0x53,0x74,0x61,0x74,0x75,0x73,0x41,0x63,0x74,0x69,0x76,0x65,0x28,
  0x29,0x3b,0xa,0x20,0x20,0x20,0x20,0x20,0x20,0x20,0x20,0x65,0x6c,0x73,0x65,0x20,
  0x69,0x66,0x20,0x28,0x70,0x61,0x67,0x65,0x2e,0x73,0x74,0x61,0x74,0x75,0x73,0x20,
  0x3d,0x3d,0x3d,0x20,0x50,0x61,0x67,0x65,0x53,0x74,0x61,0x74,0x75,0x73,0x2e,0x49,
  0x6e,0x61,0x63,0x74,0x69,0x76,0x65,0x29,0x20,0x70,0x61,0x67,0x65,0x53,0x74,0x61,
  0x74,0x75,0x73,0x49,0x6e,0x61,0x63,0x74,0x69,0x76,0x65,0x28,0x29,0xa,0x20,0x20,
  0x20,0x20,0x7d,0xa,0x7d,0xa,
    // /home/oles/sailfish/app-sources/harbour-amazfish/ui/qml/components/platform.silica/ToolItemPL.qml
  0x0,0x0,0x6,0x76,
  0x2f,
  0x2a,0x20,0x2d,0x2a,0x2d,0x20,0x63,0x6f,0x64,0x69,0x6e,0x67,0x3a,0x20,0x75,0x74,
  0x66,0x2d,0x38,0x2d,0x75,0x6e,0x69,0x78,0x20,0x2d,0x2a,0x2d,0xa,0x20,0x2a,0xa,
  0x20,0x2a,0x20,0x43,0x6f,0x70,0x79,0x72,0x69,0x67,0x68,0x74,0x20,0x28,0x43,0x29,
  0x20,0x32,0x30,0x31,0x37,0x20,0x4f,0x73,0x6d,0x6f,0x20,0x53,0x61,0x6c,0x6f,0x6d,
  0x61,0x61,0x2c,0x20,0x32,0x30,0x31,0x38,0x20,0x52,0x69,0x6e,0x69,0x67,0x75,0x73,
  0xa,0x20,0x2a,0xa,0x20,0x2a,0x20,0x54,0x68,0x69,0x73,0x20,0x70,0x72,0x6f,0x67,
  0x72,0x61,0x6d,0x20,0x69,0x73,0x20,0x66,0x72,0x65,0x65,0x20,0x73,0x6f,0x66,0x74,
  0x77,0x61,0x72,0x65,0x3a,0x20,0x79,0x6f,0x75,0x20,0x63,0x61,0x6e,0x20,0x72,0x65,
  0x64,0x69,0x73,0x74,0x72,0x69,0x62,0x75,0x74,0x65,0x20,0x69,0x74,0x20,0x61,0x6e,
  0x64,0x2f,0x6f,0x72,0x20,0x6d,0x6f,0x64,0x69,0x66,0x79,0xa,0x20,0x2a,0x20,0x69,
  0x74,0x20,0x75,0x6e,0x64,0x65,0x72,0x20,0x74,0x68,0x65,0x20,0x74,0x65,0x72,0x6d,
  0x73,0x20,0x6f,0x66,0x20,0x74,0x68,0x65,0x20,0x47,0x4e,0x55,0x20,0x47,0x65,0x6e,
  0x65,0x72,0x61,0x6c,0x20,0x50,0x75,0x62,0x6c,0x69,0x63,0x20,0x4c,0x69,0x63,0x65,
  0x6e,0x73,0x65,0x20,0x61,0x73,0x20,0x70,0x75,0x62,0x6c,0x69,0x73,0x68,0x65,0x64,
  0x20,0x62,0x79,0xa,0x20,0x2a,0x20,0x74,0x68,0x65,0x20,0x46,0x72,0x65,0x65,0x20,
  0x53,0x6f,0x66,0x74,0x77,0x61,0x72,0x65,0x20,0x46,0x6f,0x75,0x6e,0x64,0x61,0x74,
  0x69,0x6f,0x6e,0x2c,0x20,0x65,0x69,0x74,0x68,0x65,0x72,0x20,0x76,0x65,0x72,0x73,
  0x69,0x6f,0x6e,0x20,0x33,0x20,0x6f,0x66,0x20,0x74,0x68,0x65,0x20,0x4c,0x69,0x63,
  0x65,0x6e,0x73,0x65,0x2c,0x20,0x6f,0x72,0xa,0x20,0x2a,0x20,0x28,0x61,0x74,0x20,
  0x79,0x6f,0x75,0x72,0x20,0x6f,0x70,0x74,0x69,0x6f,0x6e,0x29,0x20,0x61,0x6e,0x79,
  0x20,0x6c,0x61,0x74,0x65,0x72,0x20,0x76,0x65,0x72,0x73,0x69,0x6f,0x6e,0x2e,0xa,
  0x20,0x2a,0xa,0x20,0x2a,0x20,0x54,0x68,0x69,0x73,0x20,0x70,0x72,0x6f,0x67,0x72,
  0x61,0x6d,0x20,0x69,0x73,0x20,0x64,0x69,0x73,0x74,0x72,0x69,0x62,0x75,0x74,0x65,
  0x64,0x20,0x69,0x6e,0x20,0x74,0x68,0x65,0x20,0x68,0x6f,0x70,0x65,0x20,0x74,0x68,
  0x61,0x74,0x20,0x69,0x74,0x20,0x77,0x69,0x6c,0x6c,0x20,0x62,0x65,0x20,0x75,0x73,
  0x65,0x66,0x75,0x6c,0x2c,0xa,0x20,0x2a,0x20,0x62,0x75,0x74,0x20,0x57,0x49,0x54,
  0x48,0x4f,0x55,0x54,0x20,0x41,0x4e,0x59,0x20,0x57,0x41,0x52,0x52,0x41,0x4e,0x54,
  0x59,0x3b,0x20,0x77,0x69,0x74,0x68,0x6f,0x75,0x74,0x20,0x65,0x76,0x65,0x6e,0x20,
  0x74,0x68,0x65,0x20,0x69,0x6d,0x70,0x6c,0x69,0x65,0x64,0x20,0x77,0x61,0x72,0x72,
  0x61,0x6e,0x74,0x79,0x20,0x6f,0x66,0xa,0x20,0x2a,0x20,0x4d,0x45,0x52,0x43,0x48,
  0x41,0x4e,0x54,0x41,0x42,0x49,0x4c,0x49,0x54,0x59,0x20,0x6f,0x72,0x20,0x46,0x49,
  0x54,0x4e,0x45,0x53,0x53,0x20,0x46,0x4f,0x52,0x20,0x41,0x20,0x50,0x41,0x52,0x54,
  0x49,0x43,0x55,0x4c,0x41,0x52,0x20,0x50,0x55,0x52,0x50,0x4f,0x53,0x45,0x2e,0x20,
  0x20,0x53,0x65,0x65,0x20,0x74,0x68,0x65,0xa,0x20,0x2a,0x20,0x47,0x4e,0x55,0x20,
  0x47,0x65,0x6e,0x65,0x72,0x61,0x6c,0x20,0x50,0x75,0x62,0x6c,0x69,0x63,0x20,0x4c,
  0x69,0x63,0x65,0x6e,0x73,0x65,0x20,0x66,0x6f,0x72,0x20,0x6d,0x6f,0x72,0x65,0x20,
  0x64,0x65,0x74,0x61,0x69,0x6c,0x73,0x2e,0xa,0x20,0x2a,0xa,0x20,0x2a,0x20,0x59,
  0x6f,0x75,0x20,0x73,0x68,0x6f,0x75,0x6c,0x64,0x20,0x68,0x61,0x76,0x65,0x20,0x72,
  0x65,0x63,0x65,0x69,0x76,0x65,0x64,0x20,0x61,0x20,0x63,0x6f,0x70,0x79,0x20,0x6f,
  0x66,0x20,0x74,0x68,0x65,0x20,0x47,0x4e,0x55,0x20,0x47,0x65,0x6e,0x65,0x72,0x61,
  0x6c,0x20,0x50,0x75,0x62,0x6c,0x69,0x63,0x20,0x4c,0x69,0x63,0x65,0x6e,0x73,0x65,
  0xa,0x20,0x2a,0x20,0x61,0x6c,0x6f,0x6e,0x67,0x20,0x77,0x69,0x74,0x68,0x20,0x74,
  0x68,0x69,0x73,0x20,0x70,0x72,0x6f,0x67,0x72,0x61,0x6d,0x2e,0x20,0x20,0x49,0x66,
  0x20,0x6e,0x6f,0x74,0x2c,0x20,0x73,0x65,0x65,0x20,0x3c,0x68,0x74,0x74,0x70,0x3a,
  0x2f,0x2f,0x77,0x77,0x77,0x2e,0x67,0x6e,0x75,0x2e,0x6f,0x72,0x67,0x2f,0x6c,0x69,
  0x63,0x65,0x6e,0x73,0x65,0x73,0x2f,0x3e,0x2e,0xa,0x20,0x2a,0x2f,0xa,0xa,0x69,
  0x6d,0x70,0x6f,0x72,0x74,0x20,0x51,0x74,0x51,0x75,0x69,0x63,0x6b,0x20,0x32,0x2e,
  0x30,0xa,0x69,0x6d,0x70,0x6f,0x72,0x74,0x20,0x53,0x61,0x69,0x6c,0x66,0x69,0x73,
  0x68,0x2e,0x53,0x69,0x6c,0x69,0x63,0x61,0x20,0x31,0x2e,0x30,0xa,0x69,0x6d,0x70,
  0x6f,0x72,0x74,0x20,0x22,0x2e,0x22,0xa,0xa,0x42,0x61,0x63,0x6b,0x67,0x72,0x6f,
  0x75,0x6e,0x64,0x49,0x74,0x65,0x6d,0x20,0x7b,0xa,0x20,0x20,0x20,0x20,0x69,0x64,
  0x3a,0x20,0x69,0x74,0x65,0x6d,0xa,0x20,0x20,0x20,0x20,0x68,0x65,0x69,0x67,0x68,
  0x74,0x3a,0x20,0x69,0x6d,0x61,0x67,0x65,0x2e,0x68,0x65,0x69,0x67,0x68,0x74,0x20,
  0x2b,0x20,0x6c,0x61,0x62,0x65,0x6c,0x2e,0x68,0x65,0x69,0x67,0x68,0x74,0x20,0x2b,
  0x20,0x32,0x2a,0x73,0x74,0x79,0x6c,0x65,0x72,0x2e,0x74,0x68,0x65,0x6d,0x65,0x50,
  0x61,0x64,0x64,0x69,0x6e,0x67,0x4c,0x61,0x72,0x67,0x65,0xa,0xa,0x20,0x20,0x20,
  0x20,0x70,0x72,0x6f,0x70,0x65,0x72,0x74,0x79,0x20,0x61,0x6c,0x69,0x61,0x73,0x20,
  0x69,0x63,0x6f,0x6e,0x3a,0x20,0x69,0x6d,0x61,0x67,0x65,0xa,0x20,0x20,0x20,0x20,
  0x70,0x72,0x6f,0x70,0x65,0x72,0x74,0x79,0x20,0x61,0x6c,0x69,0x61,0x73,0x20,0x74,
  0x65,0x78,0x74,0x3a,0x20,0x6c,0x61,0x62,0x65,0x6c,0x2e,0x74,0x65,0x78,0x74,0xa,
  0xa,0x20,0x20,0x20,0x20,0x49,0x63,0x6f,0x6e,0x50,0x4c,0x20,0x7b,0xa,0x20,0x20,
  0x20,0x20,0x20,0x20,0x20,0x20,0x69,0x64,0x3a,0x20,0x69,0x6d,0x61,0x67,0x65,0xa,
  0x20,0x20,0x20,0x20,0x20,0x20,0x20,0x20,0x61,0x6e,0x63,0x68,0x6f,0x72,0x73,0x2e,
  0x68,0x6f,0x72,0x69,0x7a,0x6f,0x6e,0x74,0x61,0x6c,0x43,0x65,0x6e,0x74,0x65,0x72,
  0x3a,0x20,0x70,0x61,0x72,0x65,0x6e,0x74,0x2e,0x68,0x6f,0x72,0x69,0x7a,0x6f,0x6e,
  0x74,0x61,0x6c,0x43,0x65,0x6e,0x74,0x65,0x72,0xa,0x20,0x20,0x20,0x20,0x20,0x20,
  0x20,0x20,0x61,0x6e,0x63,0x68,0x6f,0x72,0x73,0x2e,0x74,0x6f,0x70,0x3a,0x20,0x70,
  0x61,0x72,0x65,0x6e,0x74,0x2e,0x74,0x6f,0x70,0xa,0x20,0x20,0x20,0x20,0x20,0x20,
  0x20,0x20,0x61,0x6e,0x63,0x68,0x6f,0x72,0x73,0x2e,0x74,0x6f,0x70,0x4d,0x61,0x72,
  0x67,0x69,0x6e,0x3a,0x20,0x73,0x74,0x79,0x6c,0x65,0x72,0x2e,0x74,0x68,0x65,0x6d,
  0x65,0x50,0x61,0x64,0x64,0x69,0x6e,0x67,0x4c,0x61,0x72,0x67,0x65,0xa,0x20,0x20,
  0x20,0x20,0x20,0x20,0x20,0x20,0x66,0x69,0x6c,0x6c,0x4d,0x6f,0x64,0x65,0x3a,0x20,
  0x49,0x6d,0x61,0x67,0x65,0x2e,0x50,0x72,0x65,0x73,0x65,0x72,0x76,0x65,0x41,0x73,
  0x70,0x65,0x63,0x74,0x46,0x69,0x74,0xa,0x20,0x20,0x20,0x20,0x7d,0xa,0xa,0x20,
  0x20,0x20,0x20,0x4c,0x61,0x62,0x65,0x6c,0x20,0x7b,0xa,0x20,0x20,0x20,0x20,0x20,
  0x20,0x20,0x20,0x69,0x64,0x3a,0x20,0x6c,0x61,0x62,0x65,0x6c,0xa,0x20,0x20,0x20,
  0x20,0x20,0x20,0x20,0x20,0x61,0x6e,0x63,0x68,0x6f,0x72,0x73,0x2e,0x6c,0x65,0x66,
  0x74,0x3a,0x20,0x70,0x61,0x72,0x65,0x6e,0x74,0x2e,0x6c,0x65,0x66,0x74,0xa,0x20,
  0x20,0x20,0x20,0x20,0x20,0x20,0x20,0x61,0x6e,0x63,0x68,0x6f,0x72,0x73,0x2e,0x6c,
  0x65,0x66,0x74,0x4d,0x61,0x72,0x67,0x69,0x6e,0x3a,0x20,0x73,0x74,0x79,0x6c,0x65,
  0x72,0x2e,0x74,0x68,0x65,0x6d,0x65,0x50,0x61,0x64,0x64,0x69,0x6e,0x67,0x4c,0x61,
  0x72,0x67,0x65,0xa,0x20,0x20,0x20,0x20,0x20,0x20,0x20,0x20,0x61,0x6e,0x63,0x68,
  0x6f,0x72,0x73,0x2e,0x72,0x69,0x67,0x68,0x74,0x3a,0x20,0x70,0x61,0x72,0x65,0x6e,
  0x74,0x2e,0x72,0x69,0x67,0x68,0x74,0xa,0x20,0x20,0x20,0x20,0x20,0x20,0x20,0x20,
  0x61,0x6e,0x63,0x68,0x6f,0x72,0x73,0x2e,0x72,0x69,0x67,0x68,0x74,0x4d,0x61,0x72,
  0x67,0x69,0x6e,0x3a,0x20,0x73,0x74,0x79,0x6c,0x65,0x72,0x2e,0x74,0x68,0x65,0x6d,
  0x65,0x50,0x61,0x64,0x64,0x69,0x6e,0x67,0x4c,0x61,0x72,0x67,0x65,0xa,0x20,0x20,
  0x20,0x20,0x20,0x20,0x20,0x20,0x61,0x6e,0x63,0x68,0x6f,0x72,0x73,0x2e,0x74,0x6f,
  0x70,0x3a,0x20,0x69,0x6d,0x61,0x67,0x65,0x2e,0x62,0x6f,0x74,0x74,0x6f,0x6d,0xa,
  0x20,0x20,0x20,0x20,0x20,0x20,0x20,0x20,0x61,0x6e,0x63,0x68,0x6f,0x72,0x73,0x2e,
  0x74,0x6f,0x70,0x4d,0x61,0x72,0x67,0x69,0x6e,0x3a,0x20,0x73,0x74,0x79,0x6c,0x65,
  0x72,0x2e,0x74,0x68,0x65,0x6d,0x65,0x50,0x61,0x64,0x64,0x69,0x6e,0x67,0x4d,0x65,
  0x64,0x69,0x75,0x6d,0xa,0x20,0x20,0x20,0x20,0x20,0x20,0x20,0x20,0x63,0x6f,0x6c,
  0x6f,0x72,0x3a,0x20,0x69,0x74,0x65,0x6d,0x2e,0x68,0x69,0x67,0x68,0x6c,0x69,0x67,
  0x68,0x74,0x65,0x64,0x20,0x3f,0x20,0x73,0x74,0x79,0x6c,0x65,0x72,0x2e,0x74,0x68,
  0x65,0x6d,0x65,0x48,0x69,0x67,0x68,0x6c,0x69,0x67,0x68,0x74,0x43,0x6f,0x6c,0x6f,
  0x72,0x20,0x3a,0x20,0x73,0x74,0x79,0x6c,0x65,0x72,0x2e,0x74,0x68,0x65,0x6d,0x65,
  0x50,0x72,0x69,0x6d,0x61,0x72,0x79,0x43,0x6f,0x6c,0x6f,0x72,0xa,0x20,0x20,0x20,
  0x20,0x20,0x20,0x20,0x20,0x68,0x6f,0x72,0x69,0x7a,0x6f,0x6e,0x74,0x61,0x6c,0x41,
  0x6c,0x69,0x67,0x6e,0x6d,0x65,0x6e,0x74,0x3a,0x20,0x54,0x65,0x78,0x74,0x2e,0x41,
  0x6c,0x69,0x67,0x6e,0x48,0x43,0x65,0x6e,0x74,0x65,0x72,0xa,0x20,0x20,0x20,0x20,
  0x20,0x20,0x20,0x20,0x77,0x72,0x61,0x70,0x4d,0x6f,0x64,0x65,0x3a,0x20,0x54,0x65,
  0x78,0x74,0x2e,0x57,0x6f,0x72,0x64,0x57,0x72,0x61,0x70,0xa,0x20,0x20,0x20,0x20,
  0x7d,0xa,0xa,0x7d,0xa,
    // /home/oles/sailfish/app-sources/harbour-amazfish/ui/qml/components/platform.silica/ValueButtonPL.qml
  0x0,0x0,0x3,0xc,
  0x2f,
  0x2a,0x20,0x2d,0x2a,0x2d,0x20,0x63,0x6f,0x64,0x69,0x6e,0x67,0x3a,0x20,0x75,0x74,
  0x66,0x2d,0x38,0x2d,0x75,0x6e,0x69,0x78,0x20,0x2d,0x2a,0x2d,0xa,0x20,0x2a,0xa,
  0x20,0x2a,0x20,0x43,0x6f,0x70,0x79,0x72,0x69,0x67,0x68,0x74,0x20,0x28,0x43,0x29,
  0x20,0x32,0x30,0x31,0x38,0x20,0x52,0x69,0x6e,0x69,0x67,0x75,0x73,0xa,0x20,0x2a,
  0xa,0x20,0x2a,0x20,0x54,0x68,0x69,0x73,0x20,0x70,0x72,0x6f,0x67,0x72,0x61,0x6d,
  0x20,0x69,0x73,0x20,0x66,0x72,0x65,0x65,0x20,0x73,0x6f,0x66,0x74,0x77,0x61,0x72,
  0x65,0x3a,0x20,0x79,0x6f,0x75,0x20,0x63,0x61,0x6e,0x20,0x72,0x65,0x64,0x69,0x73,
  0x74,0x72,0x69,0x62,0x75,0x74,0x65,0x20,0x69,0x74,0x20,0x61,0x6e,0x64,0x2f,0x6f,
  0x72,0x20,0x6d,0x6f,0x64,0x69,0x66,0x79,0xa,0x20,0x2a,0x20,0x69,0x74,0x20,0x75,
  0x6e,0x64,0x65,0x72,0x20,0x74,0x68,0x65,0x20,0x74,0x65,0x72,0x6d,0x73,0x20,0x6f,
  0x66,0x20,0x74,0x68,0x65,0x20,0x47,0x4e,0x55,0x20,0x47,0x65,0x6e,0x65,0x72,0x61,
  0x6c,0x20,0x50,0x75,0x62,0x6c,0x69,0x63,0x20,0x4c,0x69,0x63,0x65,0x6e,0x73,0x65,
  0x20,0x61,0x73,0x20,0x70,0x75,0x62,0x6c,0x69,0x73,0x68,0x65,0x64,0x20,0x62,0x79,
  0xa,0x20,0x2a,0x20,0x74,0x68,0x65,0x20,0x46,0x72,0x65,0x65,0x20,0x53,0x6f,0x66,
  0x74,0x77,0x61,0x72,0x65,0x20,0x46,0x6f,0x75,0x6e,0x64,0x61,0x74,0x69,0x6f,0x6e,
  0x2c,0x20,0x65,0x69,0x74,0x68,0x65,0x72,0x20,0x76,0x65,0x72,0x73,0x69,0x6f,0x6e,
  0x20,0x33,0x20,0x6f,0x66,0x20,0x74,0x68,0x65,0x20,0x4c,0x69,0x63,0x65,0x6e,0x73,
  0x65,0x2c,0x20,0x6f,0x72,0xa,0x20,0x2a,0x20,0x28,0x61,0x74,0x20,0x79,0x6f,0x75,
  0x72,0x20,0x6f,0x70,0x74,0x69,0x6f,0x6e,0x29,0x20,0x61,0x6e,0x79,0x20,0x6c,0x61,
  0x74,0x65,0x72,0x20,0x76,0x65,0x72,0x73,0x69,0x6f,0x6e,0x2e,0xa,0x20,0x2a,0xa,
  0x20,0x2a,0x20,0x54,0x68,0x69,0x73,0x20,0x70,0x72,0x6f,0x67,0x72,0x61,0x6d,0x20,
  0x69,0x73,0x20,0x64,0x69,0x73,0x74,0x72,0x69,0x62,0x75,0x74,0x65,0x64,0x20,0x69,
  0x6e,0x20,0x74,0x68,0x65,0x20,0x68,0x6f,0x70,0x65,0x20,0x74,0x68,0x61,0x74,0x20,
  0x69,0x74,0x20,0x77,0x69,0x6c,0x6c,0x20,0x62,0x65,0x20,0x75,0x73,0x65,0x66,0x75,
  0x6c,0x2c,0xa,0x20,0x2a,0x20,0x62,0x75,0x74,0x20,0x57,0x49,0x54,0x48,0x4f,0x55,
  0x54,0x20,0x41,0x4e,0x59,0x20,0x57,0x41,0x52,0x52,0x41,0x4e,0x54,0x59,0x3b,0x20,
  0x77,0x69,0x74,0x68,0x6f,0x75,0x74,0x20,0x65,0x76,0x65,0x6e,0x20,0x74,0x68,0x65,
  0x20,0x69,0x6d,0x70,0x6c,0x69,0x65,0x64,0x20,0x77,0x61,0x72,0x72,0x61,0x6e,0x74,
  0x79,0x20,0x6f,0x66,0xa,0x20,0x2a,0x20,0x4d,0x45,0x52,0x43,0x48,0x41,0x4e,0x54,
  0x41,0x42,0x49,0x4c,0x49,0x54,0x59,0x20,0x6f,0x72,0x20,0x46,0x49,0x54,0x4e,0x45,
  0x53,0x53,0x20,0x46,0x4f,0x52,0x20,0x41,0x20,0x50,0x41,0x52,0x54,0x49,0x43,0x55,
  0x4c,0x41,0x52,0x20,0x50,0x55,0x52,0x50,0x4f,0x53,0x45,0x2e,0x20,0x20,0x53,0x65,
  0x65,0x20,0x74,0x68,0x65,0xa,0x20,0x2a,0x20,0x47,0x4e,0x55,0x20,0x47,0x65,0x6e,
  0x65,0x72,0x61,0x6c,0x20,0x50,0x75,0x62,0x6c,0x69,0x63,0x20,0x4c,0x69,0x63,0x65,
  0x6e,0x73,0x65,0x20,0x66,0x6f,0x72,0x20,0x6d,0x6f,0x72,0x65,0x20,0x64,0x65,0x74,
  0x61,0x69,0x6c,0x73,0x2e,0xa,0x20,0x2a,0xa,0x20,0x2a,0x20,0x59,0x6f,0x75,0x20,
  0x73,0x68,0x6f,0x75,0x6c,0x64,0x20,0x68,0x61,0x76,0x65,0x20,0x72,0x65,0x63,0x65,
  0x69,0x76,0x65,0x64,0x20,0x61,0x20,0x63,0x6f,0x70,0x79,0x20,0x6f,0x66,0x20,0x74,
  0x68,0x65,0x20,0x47,0x4e,0x55,0x20,0x47,0x65,0x6e,0x65,0x72,0x61,0x6c,0x20,0x50,
  0x75,0x62,0x6c,0x69,0x63,0x20,0x4c,0x69,0x63,0x65,0x6e,0x73,0x65,0xa,0x20,0x2a,
  0x20,0x61,0x6c,0x6f,0x6e,0x67,0x20,0x77,0x69,0x74,0x68,0x20,0x74,0x68,0x69,0x73,
  0x20,0x70,0x72,0x6f,0x67,0x72,0x61,0x6d,0x2e,0x20,0x20,0x49,0x66,0x20,0x6e,0x6f,
  0x74,0x2c,0x20,0x73,0x65,0x65,0x20,0x3c,0x68,0x74,0x74,0x70,0x3a,0x2f,0x2f,0x77,
  0x77,0x77,0x2e,0x67,0x6e,0x75,0x2e,0x6f,0x72,0x67,0x2f,0x6c,0x69,0x63,0x65,0x6e,
  0x73,0x65,0x73,0x2f,0x3e,0x2e,0xa,0x20,0x2a,0x2f,0xa,0xa,0x69,0x6d,0x70,0x6f,
  0x72,0x74,0x20,0x51,0x74,0x51,0x75,0x69,0x63,0x6b,0x20,0x32,0x2e,0x30,0xa,0x69,
  0x6d,0x70,0x6f,0x72,0x74,0x20,0x53,0x61,0x69,0x6c,0x66,0x69,0x73,0x68,0x2e,0x53,
  0x69,0x6c,0x69,0x63,0x61,0x20,0x31,0x2e,0x30,0xa,0xa,0x56,0x61,0x6c,0x75,0x65,
  0x42,0x75,0x74,0x74,0x6f,0x6e,0x20,0x7b,0xa,0x7d,0xa,
    // /home/oles/sailfish/app-sources/harbour-amazfish/ui/qml/components/platform.silica/FormLayoutPL.qml
  0x0,0x0,0x3,0x4,
  0x2f,
  0x2a,0x20,0x2d,0x2a,0x2d,0x20,0x63,0x6f,0x64,0x69,0x6e,0x67,0x3a,0x20,0x75,0x74,
  0x66,0x2d,0x38,0x2d,0x75,0x6e,0x69,0x78,0x20,0x2d,0x2a,0x2d,0xa,0x20,0x2a,0xa,
  0x20,0x2a,0x20,0x43,0x6f,0x70,0x79,0x72,0x69,0x67,0x68,0x74,0x20,0x28,0x43,0x29,
  0x20,0x32,0x30,0x31,0x39,0x20,0x52,0x69,0x6e,0x69,0x67,0x75,0x73,0xa,0x20,0x2a,
  0xa,0x20,0x2a,0x20,0x54,0x68,0x69,0x73,0x20,0x70,0x72,0x6f,0x67,0x72,0x61,0x6d,
  0x20,0x69,0x73,0x20,0x66,0x72,0x65,0x65,0x20,0x73,0x6f,0x66,0x74,0x77,0x61,0x72,
  0x65,0x3a,0x20,0x79,0x6f,0x75,0x20,0x63,0x61,0x6e,0x20,0x72,0x65,0x64,0x69,0x73,
  0x74,0x72,0x69,0x62,0x75,0x74,0x65,0x20,0x69,0x74,0x20,0x61,0x6e,0x64,0x2f,0x6f,
  0x72,0x20,0x6d,0x6f,0x64,0x69,0x66,0x79,0xa,0x20,0x2a,0x20,0x69,0x74,0x20,0x75,
  0x6e,0x64,0x65,0x72,0x20,0x74,0x68,0x65,0x20,0x74,0x65,0x72,0x6d,0x73,0x20,0x6f,
  0x66,0x20,0x74,0x68,0x65,0x20,0x47,0x4e,0x55,0x20,0x47,0x65,0x6e,0x65,0x72,0x61,
  0x6c,0x20,0x50,0x75,0x62,0x6c,0x69,0x63,0x20,0x4c,0x69,0x63,0x65,0x6e,0x73,0x65,
  0x20,0x61,0x73,0x20,0x70,0x75,0x62,0x6c,0x69,0x73,0x68,0x65,0x64,0x20,0x62,0x79,
  0xa,0x20,0x2a,0x20,0x74,0x68,0x65,0x20,0x46,0x72,0x65,0x65,0x20,0x53,0x6f,0x66,
  0x74,0x77,0x61,0x72,0x65,0x20,0x46,0x6f,0x75,0x6e,0x64,0x61,0x74,0x69,0x6f,0x6e,
  0x2c,0x20,0x65,0x69,0x74,0x68,0x65,0x72,0x20,0x76,0x65,0x72,0x73,0x69,0x6f,0x6e,
  0x20,0x33,0x20,0x6f,0x66,0x20,0x74,0x68,0x65,0x20,0x4c,0x69,0x63,0x65,0x6e,0x73,
  0x65,0x2c,0x20,0x6f,0x72,0xa,0x20,0x2a,0x20,0x28,0x61,0x74,0x20,0x79,0x6f,0x75,
  0x72,0x20,0x6f,0x70,0x74,0x69,0x6f,0x6e,0x29,0x20,0x61,0x6e,0x79,0x20,0x6c,0x61,
  0x74,0x65,0x72,0x20,0x76,0x65,0x72,0x73,0x69,0x6f,0x6e,0x2e,0xa,0x20,0x2a,0xa,
  0x20,0x2a,0x20,0x54,0x68,0x69,0x73,0x20,0x70,0x72,0x6f,0x67,0x72,0x61,0x6d,0x20,
  0x69,0x73,0x20,0x64,0x69,0x73,0x74,0x72,0x69,0x62,0x75,0x74,0x65,0x64,0x20,0x69,
  0x6e,0x20,0x74,0x68,0x65,0x20,0x68,0x6f,0x70,0x65,0x20,0x74,0x68,0x61,0x74,0x20,
  0x69,0x74,0x20,0x77,0x69,0x6c,0x6c,0x20,0x62,0x65,0x20,0x75,0x73,0x65,0x66,0x75,
  0x6c,0x2c,0xa,0x20,0x2a,0x20,0x62,0x75,0x74,0x20,0x57,0x49,0x54,0x48,0x4f,0x55,
  0x54,0x20,0x41,0x4e,0x59,0x20,0x57,0x41,0x52,0x52,0x41,0x4e,0x54,0x59,0x3b,0x20,
  0x77,0x69,0x74,0x68,0x6f,0x75,0x74,0x20,0x65,0x76,0x65,0x6e,0x20,0x74,0x68,0x65,
  0x20,0x69,0x6d,0x70,0x6c,0x69,0x65,0x64,0x20,0x77,0x61,0x72,0x72,0x61,0x6e,0x74,
  0x79,0x20,0x6f,0x66,0xa,0x20,0x2a,0x20,0x4d,0x45,0x52,0x43,0x48,0x41,0x4e,0x54,
  0x41,0x42,0x49,0x4c,0x49,0x54,0x59,0x20,0x6f,0x72,0x20,0x46,0x49,0x54,0x4e,0x45,
  0x53,0x53,0x20,0x46,0x4f,0x52,0x20,0x41,0x20,0x50,0x41,0x52,0x54,0x49,0x43,0x55,
  0x4c,0x41,0x52,0x20,0x50,0x55,0x52,0x50,0x4f,0x53,0x45,0x2e,0x20,0x20,0x53,0x65,
  0x65,0x20,0x74,0x68,0x65,0xa,0x20,0x2a,0x20,0x47,0x4e,0x55,0x20,0x47,0x65,0x6e,
  0x65,0x72,0x61,0x6c,0x20,0x50,0x75,0x62,0x6c,0x69,0x63,0x20,0x4c,0x69,0x63,0x65,
  0x6e,0x73,0x65,0x20,0x66,0x6f,0x72,0x20,0x6d,0x6f,0x72,0x65,0x20,0x64,0x65,0x74,
  0x61,0x69,0x6c,0x73,0x2e,0xa,0x20,0x2a,0xa,0x20,0x2a,0x20,0x59,0x6f,0x75,0x20,
  0x73,0x68,0x6f,0x75,0x6c,0x64,0x20,0x68,0x61,0x76,0x65,0x20,0x72,0x65,0x63,0x65,
  0x69,0x76,0x65,0x64,0x20,0x61,0x20,0x63,0x6f,0x70,0x79,0x20,0x6f,0x66,0x20,0x74,
  0x68,0x65,0x20,0x47,0x4e,0x55,0x20,0x47,0x65,0x6e,0x65,0x72,0x61,0x6c,0x20,0x50,
  0x75,0x62,0x6c,0x69,0x63,0x20,0x4c,0x69,0x63,0x65,0x6e,0x73,0x65,0xa,0x20,0x2a,
  0x20,0x61,0x6c,0x6f,0x6e,0x67,0x20,0x77,0x69,0x74,0x68,0x20,0x74,0x68,0x69,0x73,
  0x20,0x70,0x72,0x6f,0x67,0x72,0x61,0x6d,0x2e,0x20,0x20,0x49,0x66,0x20,0x6e,0x6f,
  0x74,0x2c,0x20,0x73,0x65,0x65,0x20,0x3c,0x68,0x74,0x74,0x70,0x3a,0x2f,0x2f,0x77,
  0x77,0x77,0x2e,0x67,0x6e,0x75,0x2e,0x6f,0x72,0x67,0x2f,0x6c,0x69,0x63,0x65,0x6e,
  0x73,0x65,0x73,0x2f,0x3e,0x2e,0xa,0x20,0x2a,0x2f,0xa,0xa,0x69,0x6d,0x70,0x6f,
  0x72,0x74,0x20,0x51,0x74,0x51,0x75,0x69,0x63,0x6b,0x20,0x32,0x2e,0x30,0xa,0xa,
  0x43,0x6f,0x6c,0x75,0x6d,0x6e,0x20,0x7b,0xa,0x20,0x20,0x20,0x20,0x77,0x69,0x64,
  0x74,0x68,0x3a,0x20,0x70,0x61,0x72,0x65,0x6e,0x74,0x2e,0x77,0x69,0x64,0x74,0x68,
  0xa,0x7d,0xa,
    // /home/oles/sailfish/app-sources/harbour-amazfish/ui/qml/components/platform.silica/MenuDrawerItemPL.qml
  0x0,0x0,0x3,0x56,
  0x2f,
  0x2a,0x20,0x2d,0x2a,0x2d,0x20,0x63,0x6f,0x64,0x69,0x6e,0x67,0x3a,0x20,0x75,0x74,
  0x66,0x2d,0x38,0x2d,0x75,0x6e,0x69,0x78,0x20,0x2d,0x2a,0x2d,0xa,0x20,0x2a,0xa,
  0x20,0x2a,0x20,0x43,0x6f,0x70,0x79,0x72,0x69,0x67,0x68,0x74,0x20,0x28,0x43,0x29,
  0x20,0x32,0x30,0x31,0x38,0x20,0x52,0x69,0x6e,0x69,0x67,0x75,0x73,0xa,0x20,0x2a,
  0xa,0x20,0x2a,0x20,0x54,0x68,0x69,0x73,0x20,0x70,0x72,0x6f,0x67,0x72,0x61,0x6d,
  0x20,0x69,0x73,0x20,0x66,0x72,0x65,0x65,0x20,0x73,0x6f,0x66,0x74,0x77,0x61,0x72,
  0x65,0x3a,0x20,0x79,0x6f,0x75,0x20,0x63,0x61,0x6e,0x20,0x72,0x65,0x64,0x69,0x73,
  0x74,0x72,0x69,0x62,0x75,0x74,0x65,0x20,0x69,0x74,0x20,0x61,0x6e,0x64,0x2f,0x6f,
  0x72,0x20,0x6d,0x6f,0x64,0x69,0x66,0x79,0xa,0x20,0x2a,0x20,0x69,0x74,0x20,0x75,
  0x6e,0x64,0x65,0x72,0x20,0x74,0x68,0x65,0x20,0x74,0x65,0x72,0x6d,0x73,0x20,0x6f,
  0x66,0x20,0x74,0x68,0x65,0x20,0x47,0x4e,0x55,0x20,0x47,0x65,0x6e,0x65,0x72,0x61,
  0x6c,0x20,0x50,0x75,0x62,0x6c,0x69,0x63,0x20,0x4c,0x69,0x63,0x65,0x6e,0x73,0x65,
  0x20,0x61,0x73,0x20,0x70,0x75,0x62,0x6c,0x69,0x73,0x68,0x65,0x64,0x20,0x62,0x79,
  0xa,0x20,0x2a,0x20,0x74,0x68,0x65,0x20,0x46,0x72,0x65,0x65,0x20,0x53,0x6f,0x66,
  0x74,0x77,0x61,0x72,0x65,0x20,0x46,0x6f,0x75,0x6e,0x64,0x61,0x74,0x69,0x6f,0x6e,
  0x2c,0x20,0x65,0x69,0x74,0x68,0x65,0x72,0x20,0x76,0x65,0x72,0x73,0x69,0x6f,0x6e,
  0x20,0x33,0x20,0x6f,0x66,0x20,0x74,0x68,0x65,0x20,0x4c,0x69,0x63,0x65,0x6e,0x73,
  0x65,0x2c,0x20,0x6f,0x72,0xa,0x20,0x2a,0x20,0x28,0x61,0x74,0x20,0x79,0x6f,0x75,
  0x72,0x20,0x6f,0x70,0x74,0x69,0x6f,0x6e,0x29,0x20,0x61,0x6e,0x79,0x20,0x6c,0x61,
  0x74,0x65,0x72,0x20,0x76,0x65,0x72,0x73,0x69,0x6f,0x6e,0x2e,0xa,0x20,0x2a,0xa,
  0x20,0x2a,0x20,0x54,0x68,0x69,0x73,0x20,0x70,0x72,0x6f,0x67,0x72,0x61,0x6d,0x20,
  0x69,0x73,0x20,0x64,0x69,0x73,0x74,0x72,0x69,0x62,0x75,0x74,0x65,0x64,0x20,0x69,
  0x6e,0x20,0x74,0x68,0x65,0x20,0x68,0x6f,0x70,0x65,0x20,0x74,0x68,0x61,0x74,0x20,
  0x69,0x74,0x20,0x77,0x69,0x6c,0x6c,0x20,0x62,0x65,0x20,0x75,0x73,0x65,0x66,0x75,
  0x6c,0x2c,0xa,0x20,0x2a,0x20,0x62,0x75,0x74,0x20,0x57,0x49,0x54,0x48,0x4f,0x55,
  0x54,0x20,0x41,0x4e,0x59,0x20,0x57,0x41,0x52,0x52,0x41,0x4e,0x54,0x59,0x3b,0x20,
  0x77,0x69,0x74,0x68,0x6f,0x75,0x74,0x20,0x65,0x76,0x65,0x6e,0x20,0x74,0x68,0x65,
  0x20,0x69,0x6d,0x70,0x6c,0x69,0x65,0x64,0x20,0x77,0x61,0x72,0x72,0x61,0x6e,0x74,
  0x79,0x20,0x6f,0x66,0xa,0x20,0x2a,0x20,0x4d,0x45,0x52,0x43,0x48,0x41,0x4e,0x54,
  0x41,0x42,0x49,0x4c,0x49,0x54,0x59,0x20,0x6f,0x72,0x20,0x46,0x49,0x54,0x4e,0x45,
  0x53,0x53,0x20,0x46,0x4f,0x52,0x20,0x41,0x20,0x50,0x41,0x52,0x54,0x49,0x43,0x55,
  0x4c,0x41,0x52,0x20,0x50,0x55,0x52,0x50,0x4f,0x53,0x45,0x2e,0x20,0x20,0x53,0x65,
  0x65,0x20,0x74,0x68,0x65,0xa,0x20,0x2a,0x20,0x47,0x4e,0x55,0x20,0x47,0x65,0x6e,
  0x65,0x72,0x61,0x6c,0x20,0x50,0x75,0x62,0x6c,0x69,0x63,0x20,0x4c,0x69,0x63,0x65,
  0x6e,0x73,0x65,0x20,0x66,0x6f,0x72,0x20,0x6d,0x6f,0x72,0x65,0x20,0x64,0x65,0x74,
  0x61,0x69,0x6c,0x73,0x2e,0xa,0x20,0x2a,0xa,0x20,0x2a,0x20,0x59,0x6f,0x75,0x20,
  0x73,0x68,0x6f,0x75,0x6c,0x64,0x20,0x68,0x61,0x76,0x65,0x20,0x72,0x65,0x63,0x65,
  0x69,0x76,0x65,0x64,0x20,0x61,0x20,0x63,0x6f,0x70,0x79,0x20,0x6f,0x66,0x20,0x74,
  0x68,0x65,0x20,0x47,0x4e,0x55,0x20,0x47,0x65,0x6e,0x65,0x72,0x61,0x6c,0x20,0x50,
  0x75,0x62,0x6c,0x69,0x63,0x20,0x4c,0x69,0x63,0x65,0x6e,0x73,0x65,0xa,0x20,0x2a,
  0x20,0x61,0x6c,0x6f,0x6e,0x67,0x20,0x77,0x69,0x74,0x68,0x20,0x74,0x68,0x69,0x73,
  0x20,0x70,0x72,0x6f,0x67,0x72,0x61,0x6d,0x2e,0x20,0x20,0x49,0x66,0x20,0x6e,0x6f,
  0x74,0x2c,0x20,0x73,0x65,0x65,0x20,0x3c,0x68,0x74,0x74,0x70,0x3a,0x2f,0x2f,0x77,
  0x77,0x77,0x2e,0x67,0x6e,0x75,0x2e,0x6f,0x72,0x67,0x2f,0x6c,0x69,0x63,0x65,0x6e,
  0x73,0x65,0x73,0x2f,0x3e,0x2e,0xa,0x20,0x2a,0x2f,0xa,0xa,0x69,0x6d,0x70,0x6f,
  0x72,0x74,0x20,0x51,0x74,0x51,0x75,0x69,0x63,0x6b,0x20,0x32,0x2e,0x30,0xa,0x69,
  0x6d,0x70,0x6f,0x72,0x74,0x20,0x22,0x2e,0x2e,0x22,0xa,0xa,0x49,0x63,0x6f,0x6e,
  0x4c,0x69,0x73,0x74,0x49,0x74,0x65,0x6d,0x20,0x7b,0xa,0x20,0x20,0x20,0x20,0x69,
  0x64,0x3a,0x20,0x69,0x74,0x65,0x6d,0xa,0x20,0x20,0x20,0x20,0x70,0x72,0x6f,0x70,
  0x65,0x72,0x74,0x79,0x20,0x61,0x6c,0x69,0x61,0x73,0x20,0x69,0x63,0x6f,0x6e,0x4e,
  0x61,0x6d,0x65,0x3a,0x20,0x69,0x74,0x65,0x6d,0x2e,0x69,0x63,0x6f,0x6e,0xa,0x20,
  0x20,0x20,0x20,0x70,0x72,0x6f,0x70,0x65,0x72,0x74,0x79,0x20,0x61,0x6c,0x69,0x61,
  0x73,0x20,0x74,0x65,0x78,0x74,0x3a,0x20,0x69,0x74,0x65,0x6d,0x2e,0x6c,0x61,0x62,
  0x65,0x6c,0xa,0x7d,0xa,
    // /home/oles/sailfish/app-sources/harbour-amazfish/ui/qml/components/platform.silica/MenuDrawerSubmenuPL.qml
  0x0,0x0,0xa,0xb0,
  0x2f,
  0x2a,0x20,0x2d,0x2a,0x2d,0x20,0x63,0x6f,0x64,0x69,0x6e,0x67,0x3a,0x20,0x75,0x74,
  0x66,0x2d,0x38,0x2d,0x75,0x6e,0x69,0x78,0x20,0x2d,0x2a,0x2d,0xa,0x20,0x2a,0xa,
  0x20,0x2a,0x20,0x43,0x6f,0x70,0x79,0x72,0x69,0x67,0x68,0x74,0x20,0x28,0x43,0x29,
  0x20,0x32,0x30,0x31,0x38,0x2d,0x32,0x30,0x31,0x39,0x20,0x52,0x69,0x6e,0x69,0x67,
  0x75,0x73,0x2c,0x20,0x32,0x30,0x31,0x39,0x20,0x50,0x75,0x72,0x69,0x73,0x6d,0x20,
  0x53,0x50,0x43,0xa,0x20,0x2a,0xa,0x20,0x2a,0x20,0x54,0x68,0x69,0x73,0x20,0x70,
  0x72,0x6f,0x67,0x72,0x61,0x6d,0x20,0x69,0x73,0x20,0x66,0x72,0x65,0x65,0x20,0x73,
  0x6f,0x66,0x74,0x77,0x61,0x72,0x65,0x3a,0x20,0x79,0x6f,0x75,0x20,0x63,0x61,0x6e,
  0x20,0x72,0x65,0x64,0x69,0x73,0x74,0x72,0x69,0x62,0x75,0x74,0x65,0x20,0x69,0x74,
  0x20,0x61,0x6e,0x64,0x2f,0x6f,0x72,0x20,0x6d,0x6f,0x64,0x69,0x66,0x79,0xa,0x20,
  0x2a,0x20,0x69,0x74,0x20,0x75,0x6e,0x64,0x65,0x72,0x20,0x74,0x68,0x65,0x20,0x74,
  0x65,0x72,0x6d,0x73,0x20,0x6f,0x66,0x20,0x74,0x68,0x65,0x20,0x47,0x4e,0x55,0x20,
  0x47,0x65,0x6e,0x65,0x72,0x61,0x6c,0x20,0x50,0x75,0x62,0x6c,0x69,0x63,0x20,0x4c,
  0x69,0x63,0x65,0x6e,0x73,0x65,0x20,0x61,0x73,0x20,0x70,0x75,0x62,0x6c,0x69,0x73,
  0x68,0x65,0x64,0x20,0x62,0x79,0xa,0x20,0x2a,0x20,0x74,0x68,0x65,0x20,0x46,0x72,
  0x65,0x65,0x20,0x53,0x6f,0x66,0x74,0x77,0x61,0x72,0x65,0x20,0x46,0x6f,0x75,0x6e,
  0x64,0x61,0x74,0x69,0x6f,0x6e,0x2c,0x20,0x65,0x69,0x74,0x68,0x65,0x72,0x20,0x76,
  0x65,0x72,0x73,0x69,0x6f,0x6e,0x20,0x33,0x20,0x6f,0x66,0x20,0x74,0x68,0x65,0x20,
  0x4c,0x69,0x63,0x65,0x6e,0x73,0x65,0x2c,0x20,0x6f,0x72,0xa,0x20,0x2a,0x20,0x28,
  0x61,0x74,0x20,0x79,0x6f,0x75,0x72,0x20,0x6f,0x70,0x74,0x69,0x6f,0x6e,0x29,0x20,
  0x61,0x6e,0x79,0x20,0x6c,0x61,0x74,0x65,0x72,0x20,0x76,0x65,0x72,0x73,0x69,0x6f,
  0x6e,0x2e,0xa,0x20,0x2a,0xa,0x20,0x2a,0x20,0x54,0x68,0x69,0x73,0x20,0x70,0x72,
  0x6f,0x67,0x72,0x61,0x6d,0x20,0x69,0x73,0x20,0x64,0x69,0x73,0x74,0x72,0x69,0x62,
  0x75,0x74,0x65,0x64,0x20,0x69,0x6e,0x20,0x74,0x68,0x65,0x20,0x68,0x6f,0x70,0x65,
  0x20,0x74,0x68,0x61,0x74,0x20,0x69,0x74,0x20,0x77,0x69,0x6c,0x6c,0x20,0x62,0x65,
  0x20,0x75,0x73,0x65,0x66,0x75,0x6c,0x2c,0xa,0x20,0x2a,0x20,0x62,0x75,0x74,0x20,
  0x57,0x49,0x54,0x48,0x4f,0x55,0x54,0x20,0x41,0x4e,0x59,0x20,0x57,0x41,0x52,0x52,
  0x41,0x4e,0x54,0x59,0x3b,0x20,0x77,0x69,0x74,0x68,0x6f,0x75,0x74,0x20,0x65,0x76,
  0x65,0x6e,0x20,0x74,0x68,0x65,0x20,0x69,0x6d,0x70,0x6c,0x69,0x65,0x64,0x20,0x77,
  0x61,0x72,0x72,0x61,0x6e,0x74,0x79,0x20,0x6f,0x66,0xa,0x20,0x2a,0x20,0x4d,0x45,
  0x52,0x43,0x48,0x41,0x4e,0x54,0x41,0x42,0x49,0x4c,0x49,0x54,0x59,0x20,0x6f,0x72,
  0x20,0x46,0x49,0x54,0x4e,0x45,0x53,0x53,0x20,0x46,0x4f,0x52,0x20,0x41,0x20,0x50,
  0x41,0x52,0x54,0x49,0x43,0x55,0x4c,0x41,0x52,0x20,0x50,0x55,0x52,0x50,0x4f,0x53,
  0x45,0x2e,0x20,0x20,0x53,0x65,0x65,0x20,0x74,0x68,0x65,0xa,0x20,0x2a,0x20,0x47,
  0x4e,0x55,0x20,0x47,0x65,0x6e,0x65,0x72,0x61,0x6c,0x20,0x50,0x75,0x62,0x6c,0x69,
  0x63,0x20,0x4c,0x69,0x63,0x65,0x6e,0x73,0x65,0x20,0x66,0x6f,0x72,0x20,0x6d,0x6f,
  0x72,0x65,0x20,0x64,0x65,0x74,0x61,0x69,0x6c,0x73,0x2e,0xa,0x20,0x2a,0xa,0x20,
  0x2a,0x20,0x59,0x6f,0x75,0x20,0x73,0x68,0x6f,0x75,0x6c,0x64,0x20,0x68,0x61,0x76,
  0x65,0x20,0x72,0x65,0x63,0x65,0x69,0x76,0x65,0x64,0x20,0x61,0x20,0x63,0x6f,0x70,
  0x79,0x20,0x6f,0x66,0x20,0x74,0x68,0x65,0x20,0x47,0x4e,0x55,0x20,0x47,0x65,0x6e,
  0x65,0x72,0x61,0x6c,0x20,0x50,0x75,0x62,0x6c,0x69,0x63,0x20,0x4c,0x69,0x63,0x65,
  0x6e,0x73,0x65,0xa,0x20,0x2a,0x20,0x61,0x6c,0x6f,0x6e,0x67,0x20,0x77,0x69,0x74,
  0x68,0x20,0x74,0x68,0x69,0x73,0x20,0x70,0x72,0x6f,0x67,0x72,0x61,0x6d,0x2e,0x20,
  0x20,0x49,0x66,0x20,0x6e,0x6f,0x74,0x2c,0x20,0x73,0x65,0x65,0x20,0x3c,0x68,0x74,
  0x74,0x70,0x3a,0x2f,0x2f,0x77,0x77,0x77,0x2e,0x67,0x6e,0x75,0x2e,0x6f,0x72,0x67,
  0x2f,0x6c,0x69,0x63,0x65,0x6e,0x73,0x65,0x73,0x2f,0x3e,0x2e,0xa,0x20,0x2a,0x2f,
  0xa,0xa,0x69,0x6d,0x70,0x6f,0x72,0x74,0x20,0x51,0x74,0x51,0x75,0x69,0x63,0x6b,
  0x20,0x32,0x2e,0x30,0xa,0x69,0x6d,0x70,0x6f,0x72,0x74,0x20,0x22,0x2e,0x22,0xa,
  0xa,0x4c,0x69,0x73,0x74,0x49,0x74,0x65,0x6d,0x50,0x4c,0x20,0x7b,0xa,0x20,0x20,
  0x20,0x20,0x69,0x64,0x3a,0x20,0x69,0x74,0x65,0x6d,0xa,0x20,0x20,0x20,0x20,0x61,
  0x6e,0x63,0x68,0x6f,0x72,0x73,0x2e,0x6c,0x65,0x66,0x74,0x3a,0x20,0x70,0x61,0x72,
  0x65,0x6e,0x74,0x2e,0x6c,0x65,0x66,0x74,0xa,0x20,0x20,0x20,0x20,0x61,0x6e,0x63,
  0x68,0x6f,0x72,0x73,0x2e,0x72,0x69,0x67,0x68,0x74,0x3a,0x20,0x70,0x61,0x72,0x65,
  0x6e,0x74,0x2e,0x72,0x69,0x67,0x68,0x74,0xa,0x20,0x20,0x20,0x20,0x63,0x6f,0x6e,
  0x74,0x65,0x6e,0x74,0x48,0x65,0x69,0x67,0x68,0x74,0x3a,0x20,0x4d,0x61,0x74,0x68,
  0x2e,0x6d,0x61,0x78,0x28,0x73,0x74,0x79,0x6c,0x65,0x72,0x2e,0x74,0x68,0x65,0x6d,
  0x65,0x49,0x74,0x65,0x6d,0x53,0x69,0x7a,0x65,0x53,0x6d,0x61,0x6c,0x6c,0x2c,0x20,
  0x70,0x72,0x6f,0x66,0x69,0x6c,0x65,0x43,0x6f,0x6d,0x62,0x6f,0x42,0x6f,0x78,0x2e,
  0x68,0x65,0x69,0x67,0x68,0x74,0x29,0xa,0xa,0x20,0x20,0x20,0x20,0x64,0x65,0x66,
  0x61,0x75,0x6c,0x74,0x20,0x70,0x72,0x6f,0x70,0x65,0x72,0x74,0x79,0x20,0x61,0x6c,
  0x69,0x61,0x73,0x20,0x20,0x63,0x6f,0x6e,0x74,0x65,0x6e,0x74,0x3a,0x20,0x69,0x74,
  0x65,0x6d,0x2e,0x69,0x74,0x65,0x6d,0x73,0xa,0x20,0x20,0x20,0x20,0x70,0x72,0x6f,
  0x70,0x65,0x72,0x74,0x79,0x20,0x61,0x6c,0x69,0x61,0x73,0x20,0x20,0x20,0x20,0x20,
  0x20,0x20,0x20,0x20,0x20,0x69,0x63,0x6f,0x6e,0x4e,0x61,0x6d,0x65,0x3a,0x20,0x69,
  0x63,0x6f,0x6e,0x2e,0x69,0x63,0x6f,0x6e,0x4e,0x61,0x6d,0x65,0xa,0x20,0x20,0x20,
  0x20,0x70,0x72,0x6f,0x70,0x65,0x72,0x74,0x79,0x20,0x6c,0x69,0x73,0x74,0x3c,0x51,
  0x74,0x4f,0x62,0x6a,0x65,0x63,0x74,0x3e,0x20,0x69,0x74,0x65,0x6d,0x73,0xa,0x20,
  0x20,0x20,0x20,0x70,0x72,0x6f,0x70,0x65,0x72,0x74,0x79,0x20,0x61,0x6c,0x69,0x61,
  0x73,0x20,0x20,0x20,0x20,0x20,0x20,0x20,0x20,0x20,0x20,0x74,0x65,0x78,0x74,0x3a,
  0x20,0x6c,0x61,0x62,0x65,0x6c,0x2e,0x74,0x65,0x78,0x74,0xa,0xa,0x20,0x20,0x20,
  0x20,0x49,0x63,0x6f,0x6e,0x50,0x4c,0x20,0x7b,0xa,0x20,0x20,0x20,0x20,0x20,0x20,
  0x20,0x20,0x69,0x64,0x3a,0x20,0x69,0x63,0x6f,0x6e,0xa,0x20,0x20,0x20,0x20,0x20,
  0x20,0x20,0x20,0x61,0x6e,0x63,0x68,0x6f,0x72,0x73,0x2e,0x6c,0x65,0x66,0x74,0x3a,
  0x20,0x70,0x61,0x72,0x65,0x6e,0x74,0x2e,0x6c,0x65,0x66,0x74,0xa,0x20,0x20,0x20,
  0x20,0x20,0x20,0x20,0x20,0x61,0x6e,0x63,0x68,0x6f,0x72,0x73,0x2e,0x6c,0x65,0x66,
  0x74,0x4d,0x61,0x72,0x67,0x69,0x6e,0x3a,0x20,0x73,0x74,0x79,0x6c,0x65,0x72,0x2e,
  0x74,0x68,0x65,0x6d,0x65,0x48,0x6f,0x72,0x69,0x7a,0x6f,0x6e,0x74,0x61,0x6c,0x50,
  0x61,0x67,0x65,0x4d,0x61,0x72,0x67,0x69,0x6e,0xa,0x20,0x20,0x20,0x20,0x20,0x20,
  0x20,0x20,0x61,0x6e,0x63,0x68,0x6f,0x72,0x73,0x2e,0x76,0x65,0x72,0x74,0x69,0x63,
  0x61,0x6c,0x43,0x65,0x6e,0x74,0x65,0x72,0x3a,0x20,0x6c,0x61,0x62,0x65,0x6c,0x2e,
  0x76,0x65,0x72,0x74,0x69,0x63,0x61,0x6c,0x43,0x65,0x6e,0x74,0x65,0x72,0xa,0x20,
  0x20,0x20,0x20,0x20,0x20,0x20,0x20,0x69,0x63,0x6f,0x6e,0x48,0x65,0x69,0x67,0x68,
  0x74,0x3a,0x20,0x73,0x74,0x79,0x6c,0x65,0x72,0x2e,0x74,0x68,0x65,0x6d,0x65,0x49,
  0x74,0x65,0x6d,0x53,0x69,0x7a,0x65,0x53,0x6d,0x61,0x6c,0x6c,0x2a,0x30,0x2e,0x38,
  0xa,0x20,0x20,0x20,0x20,0x7d,0xa,0xa,0x20,0x20,0x20,0x20,0x4c,0x61,0x62,0x65,
  0x6c,0x50,0x4c,0x20,0x7b,0xa,0x20,0x20,0x20,0x20,0x20,0x20,0x20,0x20,0x69,0x64,
  0x3a,0x20,0x6c,0x61,0x62,0x65,0x6c,0xa,0x20,0x20,0x20,0x20,0x20,0x20,0x20,0x20,
  0x61,0x6e,0x63,0x68,0x6f,0x72,0x73,0x2e,0x6c,0x65,0x66,0x74,0x3a,0x20,0x69,0x63,
  0x6f,0x6e,0x2e,0x72,0x69,0x67,0x68,0x74,0xa,0x20,0x20,0x20,0x20,0x20,0x20,0x20,
  0x20,0x61,0x6e,0x63,0x68,0x6f,0x72,0x73,0x2e,0x6c,0x65,0x66,0x74,0x4d,0x61,0x72,
  0x67,0x69,0x6e,0x3a,0x20,0x73,0x74,0x79,0x6c,0x65,0x72,0x2e,0x74,0x68,0x65,0x6d,
  0x65,0x50,0x61,0x64,0x64,0x69,0x6e,0x67,0x4d,0x65,0x64,0x69,0x75,0x6d,0xa,0x20,
  0x20,0x20,0x20,0x20,0x20,0x20,0x20,0x63,0x6f,0x6c,0x6f,0x72,0x3a,0x20,0x7b,0xa,
  0x20,0x20,0x20,0x20,0x20,0x20,0x20,0x20,0x20,0x20,0x20,0x20,0x69,0x66,0x20,0x28,
  0x21,0x69,0x74,0x65,0x6d,0x2e,0x65,0x6e,0x61,0x62,0x6c,0x65,0x64,0x29,0x20,0x72,
  0x65,0x74,0x75,0x72,0x6e,0x20,0x73,0x74,0x79,0x6c,0x65,0x72,0x2e,0x74,0x68,0x65,
  0x6d,0x65,0x53,0x65,0x63,0x6f,0x6e,0x64,0x61,0x72,0x79,0x48,0x69,0x67,0x68,0x6c,
  0x69,0x67,0x68,0x74,0x43,0x6f,0x6c,0x6f,0x72,0x3b,0xa,0x20,0x20,0x20,0x20,0x20,
  0x20,0x20,0x20,0x20,0x20,0x20,0x20,0x69,0x66,0x20,0x28,0x69,0x74,0x65,0x6d,0x2e,
  0x68,0x69,0x67,0x68,0x6c,0x69,0x67,0x68,0x74,0x65,0x64,0x29,0x20,0x72,0x65,0x74,
  0x75,0x72,0x6e,0x20,0x73,0x74,0x79,0x6c,0x65,0x72,0x2e,0x74,0x68,0x65,0x6d,0x65,
  0x48,0x69,0x67,0x68,0x6c,0x69,0x67,0x68,0x74,0x43,0x6f,0x6c,0x6f,0x72,0x3b,0xa,
  0x20,0x20,0x20,0x20,0x20,0x20,0x20,0x20,0x20,0x20,0x20,0x20,0x72,0x65,0x74,0x75,
  0x72,0x6e,0x20,0x73,0x74,0x79,0x6c,0x65,0x72,0x2e,0x74,0x68,0x65,0x6d,0x65,0x50,
  0x72,0x69,0x6d,0x61,0x72,0x79,0x43,0x6f,0x6c,0x6f,0x72,0x3b,0xa,0x20,0x20,0x20,
  0x20,0x20,0x20,0x20,0x20,0x7d,0xa,0x20,0x20,0x20,0x20,0x20,0x20,0x20,0x20,0x68,
  0x65,0x69,0x67,0x68,0x74,0x3a,0x20,0x73,0x74,0x79,0x6c,0x65,0x72,0x2e,0x74,0x68,
  0x65,0x6d,0x65,0x49,0x74,0x65,0x6d,0x53,0x69,0x7a,0x65,0x53,0x6d,0x61,0x6c,0x6c,
  0xa,0x20,0x20,0x20,0x20,0x20,0x20,0x20,0x20,0x74,0x72,0x75,0x6e,0x63,0x4d,0x6f,
  0x64,0x65,0x3a,0x20,0x74,0x72,0x75,0x6e,0x63,0x4d,0x6f,0x64,0x65,0x73,0x2e,0x66,
  0x61,0x64,0x65,0xa,0x20,0x20,0x20,0x20,0x20,0x20,0x20,0x20,0x76,0x65,0x72,0x74,
  0x69,0x63,0x61,0x6c,0x41,0x6c,0x69,0x67,0x6e,0x6d,0x65,0x6e,0x74,0x3a,0x20,0x54,
  0x65,0x78,0x74,0x2e,0x41,0x6c,0x69,0x67,0x6e,0x56,0x43,0x65,0x6e,0x74,0x65,0x72,
  0xa,0x20,0x20,0x20,0x20,0x7d,0xa,0xa,0x20,0x20,0x20,0x20,0x43,0x6f,0x6d,0x62,
  0x6f,0x42,0x6f,0x78,0x50,0x4c,0x20,0x7b,0xa,0x20,0x20,0x20,0x20,0x20,0x20,0x20,
  0x20,0x69,0x64,0x3a,0x20,0x70,0x72,0x6f,0x66,0x69,0x6c,0x65,0x43,0x6f,0x6d,0x62,
  0x6f,0x42,0x6f,0x78,0xa,0x20,0x20,0x20,0x20,0x20,0x20,0x20,0x20,0x61,0x6e,0x63,
  0x68,0x6f,0x72,0x73,0x2e,0x6c,0x65,0x66,0x74,0x3a,0x20,0x6c,0x61,0x62,0x65,0x6c,
  0x2e,0x72,0x69,0x67,0x68,0x74,0xa,0x20,0x20,0x20,0x20,0x20,0x20,0x20,0x20,0x61,
  0x6e,0x63,0x68,0x6f,0x72,0x73,0x2e,0x6c,0x65,0x66,0x74,0x4d,0x61,0x72,0x67,0x69,
  0x6e,0x3a,0x20,0x73,0x74,0x79,0x6c,0x65,0x72,0x2e,0x74,0x68,0x65,0x6d,0x65,0x50,
  0x61,0x64,0x64,0x69,0x6e,0x67,0x4d,0x65,0x64,0x69,0x75,0x6d,0xa,0x20,0x20,0x20,
  0x20,0x20,0x20,0x20,0x20,0x61,0x6e,0x63,0x68,0x6f,0x72,0x73,0x2e,0x72,0x69,0x67,
  0x68,0x74,0x3a,0x20,0x70,0x61,0x72,0x65,0x6e,0x74,0x2e,0x72,0x69,0x67,0x68,0x74,
  0xa,0x20,0x20,0x20,0x20,0x20,0x20,0x20,0x20,0x61,0x6e,0x63,0x68,0x6f,0x72,0x73,
  0x2e,0x74,0x6f,0x70,0x3a,0x20,0x73,0x74,0x79,0x6c,0x65,0x72,0x2e,0x69,0x73,0x53,
  0x69,0x6c,0x69,0x63,0x61,0x20,0x3f,0x20,0x70,0x61,0x72,0x65,0x6e,0x74,0x2e,0x74,
  0x6f,0x70,0x20,0x3a,0x20,0x75,0x6e,0x64,0x65,0x66,0x69,0x6e,0x65,0x64,0xa,0x20,
  0x20,0x20,0x20,0x20,0x20,0x20,0x20,0x61,0x6e,0x63,0x68,0x6f,0x72,0x73,0x2e,0x76,
  0x65,0x72,0x74,0x69,0x63,0x61,0x6c,0x43,0x65,0x6e,0x74,0x65,0x72,0x3a,0x20,0x73,
  0x74,0x79,0x6c,0x65,0x72,0x2e,0x69,0x73,0x53,0x69,0x6c,0x69,0x63,0x61,0x20,0x3f,
  0x20,0x75,0x6e,0x64,0x65,0x66,0x69,0x6e,0x65,0x64,0x20,0x3a,0x20,0x6c,0x61,0x62,
  0x65,0x6c,0x2e,0x76,0x65,0x72,0x74,0x69,0x63,0x61,0x6c,0x43,0x65,0x6e,0x74,0x65,
  0x72,0xa,0x20,0x20,0x20,0x20,0x20,0x20,0x20,0x20,0x6d,0x6f,0x64,0x65,0x6c,0x3a,
  0x20,0x5b,0x5d,0xa,0x20,0x20,0x20,0x20,0x20,0x20,0x20,0x20,0x6f,0x6e,0x43,0x75,
  0x72,0x72,0x65,0x6e,0x74,0x49,0x6e,0x64,0x65,0x78,0x43,0x68,0x61,0x6e,0x67,0x65,
  0x64,0x3a,0x20,0x7b,0xa,0x20,0x20,0x20,0x20,0x20,0x20,0x20,0x20,0x20,0x20,0x20,
  0x20,0x69,0x66,0x20,0x28,0x70,0x72,0x6f,0x66,0x69,0x6c,0x65,0x43,0x6f,0x6d,0x62,
  0x6f,0x42,0x6f,0x78,0x2e,0x63,0x75,0x72,0x72,0x65,0x6e,0x74,0x49,0x6e,0x64,0x65,
  0x78,0x20,0x3c,0x20,0x30,0x20,0x7c,0x7c,0x20,0x70,0x72,0x6f,0x66,0x69,0x6c,0x65,
  0x43,0x6f,0x6d,0x62,0x6f,0x42,0x6f,0x78,0x2e,0x63,0x75,0x72,0x72,0x65,0x6e,0x74,
  0x49,0x6e,0x64,0x65,0x78,0x20,0x3e,0x3d,0x20,0x69,0x74,0x65,0x6d,0x73,0x2e,0x6c,
  0x65,0x6e,0x67,0x74,0x68,0x29,0xa,0x20,0x20,0x20,0x20,0x20,0x20,0x20,0x20,0x20,
  0x20,0x20,0x20,0x20,0x20,0x20,0x20,0x72,0x65,0x74,0x75,0x72,0x6e,0x3b,0xa,0x20,
  0x20,0x20,0x20,0x20,0x20,0x20,0x20,0x20,0x20,0x20,0x20,0x69,0x74,0x65,0x6d,0x73,
  0x5b,0x70,0x72,0x6f,0x66,0x69,0x6c,0x65,0x43,0x6f,0x6d,0x62,0x6f,0x42,0x6f,0x78,
  0x2e,0x63,0x75,0x72,0x72,0x65,0x6e,0x74,0x49,0x6e,0x64,0x65,0x78,0x5d,0x2e,0x63,
  0x6c,0x69,0x63,0x6b,0x65,0x64,0x28,0x29,0x3b,0xa,0x20,0x20,0x20,0x20,0x20,0x20,
  0x20,0x20,0x7d,0xa,0x20,0x20,0x20,0x20,0x7d,0xa,0xa,0x20,0x20,0x20,0x20,0x43,
  0x6f,0x6d,0x70,0x6f,0x6e,0x65,0x6e,0x74,0x2e,0x6f,0x6e,0x43,0x6f,0x6d,0x70,0x6c,
  0x65,0x74,0x65,0x64,0x3a,0x20,0x7b,0xa,0x20,0x20,0x20,0x20,0x20,0x20,0x20,0x20,
  0x76,0x61,0x72,0x20,0x61,0x63,0x74,0x69,0x76,0x65,0x20,0x3d,0x20,0x30,0x3b,0xa,
  0x20,0x20,0x20,0x20,0x20,0x20,0x20,0x20,0x76,0x61,0x72,0x20,0x6d,0x6f,0x64,0x65,
  0x6c,0x20,0x3d,0x20,0x5b,0x5d,0x3b,0xa,0x20,0x20,0x20,0x20,0x20,0x20,0x20,0x20,
  0x66,0x6f,0x72,0x20,0x28,0x76,0x61,0x72,0x20,0x69,0x3d,0x30,0x3b,0x20,0x69,0x20,
  0x3c,0x20,0x69,0x74,0x65,0x6d,0x73,0x2e,0x6c,0x65,0x6e,0x67,0x74,0x68,0x3b,0x20,
  0x69,0x2b,0x2b,0x29,0x20,0x7b,0xa,0x20,0x20,0x20,0x20,0x20,0x20,0x20,0x20,0x20,
  0x20,0x20,0x20,0x6d,0x6f,0x64,0x65,0x6c,0x2e,0x70,0x75,0x73,0x68,0x28,0x69,0x74,
  0x65,0x6d,0x73,0x5b,0x69,0x5d,0x2e,0x74,0x65,0x78,0x74,0x29,0x3b,0xa,0x20,0x20,
  0x20,0x20,0x20,0x20,0x20,0x20,0x20,0x20,0x20,0x20,0x69,0x66,0x20,0x28,0x69,0x74,
  0x65,0x6d,0x73,0x5b,0x69,0x5d,0x2e,0x63,0x68,0x65,0x63,0x6b,0x65,0x64,0x29,0x20,
  0x61,0x63,0x74,0x69,0x76,0x65,0x20,0x3d,0x20,0x69,0x3b,0xa,0x20,0x20,0x20,0x20,
  0x20,0x20,0x20,0x20,0x7d,0xa,0x20,0x20,0x20,0x20,0x20,0x20,0x20,0x20,0x70,0x72,
  0x6f,0x66,0x69,0x6c,0x65,0x43,0x6f,0x6d,0x62,0x6f,0x42,0x6f,0x78,0x2e,0x6d,0x6f,
  0x64,0x65,0x6c,0x20,0x3d,0x20,0x6d,0x6f,0x64,0x65,0x6c,0x3b,0xa,0x20,0x20,0x20,
  0x20,0x20,0x20,0x20,0x20,0x70,0x72,0x6f,0x66,0x69,0x6c,0x65,0x43,0x6f,0x6d,0x62,
  0x6f,0x42,0x6f,0x78,0x2e,0x63,0x75,0x72,0x72,0x65,0x6e,0x74,0x49,0x6e,0x64,0x65,
  0x78,0x20,0x3d,0x20,0x61,0x63,0x74,0x69,0x76,0x65,0x3b,0xa,0x20,0x20,0x20,0x20,
  0x7d,0xa,0xa,0x20,0x20,0x20,0x20,0x6f,0x6e,0x43,0x6c,0x69,0x63,0x6b,0x65,0x64,
  0x3a,0x20,0x70,0x72,0x6f,0x66,0x69,0x6c,0x65,0x43,0x6f,0x6d,0x62,0x6f,0x42,0x6f,
  0x78,0x2e,0x61,0x63,0x74,0x69,0x76,0x61,0x74,0x65,0x28,0x29,0xa,0x7d,0xa,
    // /home/oles/sailfish/app-sources/harbour-amazfish/ui/qml/components/platform.silica/DatePickerDialogPL.qml
  0x0,0x0,0x3,0x11,
  0x2f,
  0x2a,0x20,0x2d,0x2a,0x2d,0x20,0x63,0x6f,0x64,0x69,0x6e,0x67,0x3a,0x20,0x75,0x74,
  0x66,0x2d,0x38,0x2d,0x75,0x6e,0x69,0x78,0x20,0x2d,0x2a,0x2d,0xa,0x20,0x2a,0xa,
  0x20,0x2a,0x20,0x43,0x6f,0x70,0x79,0x72,0x69,0x67,0x68,0x74,0x20,0x28,0x43,0x29,
  0x20,0x32,0x30,0x31,0x39,0x20,0x52,0x69,0x6e,0x69,0x67,0x75,0x73,0xa,0x20,0x2a,
  0xa,0x20,0x2a,0x20,0x54,0x68,0x69,0x73,0x20,0x70,0x72,0x6f,0x67,0x72,0x61,0x6d,
  0x20,0x69,0x73,0x20,0x66,0x72,0x65,0x65,0x20,0x73,0x6f,0x66,0x74,0x77,0x61,0x72,
  0x65,0x3a,0x20,0x79,0x6f,0x75,0x20,0x63,0x61,0x6e,0x20,0x72,0x65,0x64,0x69,0x73,
  0x74,0x72,0x69,0x62,0x75,0x74,0x65,0x20,0x69,0x74,0x20,0x61,0x6e,0x64,0x2f,0x6f,
  0x72,0x20,0x6d,0x6f,0x64,0x69,0x66,0x79,0xa,0x20,0x2a,0x20,0x69,0x74,0x20,0x75,
  0x6e,0x64,0x65,0x72,0x20,0x74,0x68,0x65,0x20,0x74,0x65,0x72,0x6d,0x73,0x20,0x6f,
  0x66,0x20,0x74,0x68,0x65,0x20,0x47,0x4e,0x55,0x20,0x47,0x65,0x6e,0x65,0x72,0x61,
  0x6c,0x20,0x50,0x75,0x62,0x6c,0x69,0x63,0x20,0x4c,0x69,0x63,0x65,0x6e,0x73,0x65,
  0x20,0x61,0x73,0x20,0x70,0x75,0x62,0x6c,0x69,0x73,0x68,0x65,0x64,0x20,0x62,0x79,
  0xa,0x20,0x2a,0x20,0x74,0x68,0x65,0x20,0x46,0x72,0x65,0x65,0x20,0x53,0x6f,0x66,
  0x74,0x77,0x61,0x72,0x65,0x20,0x46,0x6f,0x75,0x6e,0x64,0x61,0x74,0x69,0x6f,0x6e,
  0x2c,0x20,0x65,0x69,0x74,0x68,0x65,0x72,0x20,0x76,0x65,0x72,0x73,0x69,0x6f,0x6e,
  0x20,0x33,0x20,0x6f,0x66,0x20,0x74,0x68,0x65,0x20,0x4c,0x69,0x63,0x65,0x6e,0x73,
  0x65,0x2c,0x20,0x6f,0x72,0xa,0x20,0x2a,0x20,0x28,0x61,0x74,0x20,0x79,0x6f,0x75,
  0x72,0x20,0x6f,0x70,0x74,0x69,0x6f,0x6e,0x29,0x20,0x61,0x6e,0x79,0x20,0x6c,0x61,
  0x74,0x65,0x72,0x20,0x76,0x65,0x72,0x73,0x69,0x6f,0x6e,0x2e,0xa,0x20,0x2a,0xa,
  0x20,0x2a,0x20,0x54,0x68,0x69,0x73,0x20,0x70,0x72,0x6f,0x67,0x72,0x61,0x6d,0x20,
  0x69,0x73,0x20,0x64,0x69,0x73,0x74,0x72,0x69,0x62,0x75,0x74,0x65,0x64,0x20,0x69,
  0x6e,0x20,0x74,0x68,0x65,0x20,0x68,0x6f,0x70,0x65,0x20,0x74,0x68,0x61,0x74,0x20,
  0x69,0x74,0x20,0x77,0x69,0x6c,0x6c,0x20,0x62,0x65,0x20,0x75,0x73,0x65,0x66,0x75,
  0x6c,0x2c,0xa,0x20,0x2a,0x20,0x62,0x75,0x74,0x20,0x57,0x49,0x54,0x48,0x4f,0x55,
  0x54,0x20,0x41,0x4e,0x59,0x20,0x57,0x41,0x52,0x52,0x41,0x4e,0x54,0x59,0x3b,0x20,
  0x77,0x69,0x74,0x68,0x6f,0x75,0x74,0x20,0x65,0x76,0x65,0x6e,0x20,0x74,0x68,0x65,
  0x20,0x69,0x6d,0x70,0x6c,0x69,0x65,0x64,0x20,0x77,0x61,0x72,0x72,0x61,0x6e,0x74,
  0x79,0x20,0x6f,0x66,0xa,0x20,0x2a,0x20,0x4d,0x45,0x52,0x43,0x48,0x41,0x4e,0x54,
  0x41,0x42,0x49,0x4c,0x49,0x54,0x59,0x20,0x6f,0x72,0x20,0x46,0x49,0x54,0x4e,0x45,
  0x53,0x53,0x20,0x46,0x4f,0x52,0x20,0x41,0x20,0x50,0x41,0x52,0x54,0x49,0x43,0x55,
  0x4c,0x41,0x52,0x20,0x50,0x55,0x52,0x50,0x4f,0x53,0x45,0x2e,0x20,0x20,0x53,0x65,
  0x65,0x20,0x74,0x68,0x65,0xa,0x20,0x2a,0x20,0x47,0x4e,0x55,0x20,0x47,0x65,0x6e,
  0x65,0x72,0x61,0x6c,0x20,0x50,0x75,0x62,0x6c,0x69,0x63,0x20,0x4c,0x69,0x63,0x65,
  0x6e,0x73,0x65,0x20,0x66,0x6f,0x72,0x20,0x6d,0x6f,0x72,0x65,0x20,0x64,0x65,0x74,
  0x61,0x69,0x6c,0x73,0x2e,0xa,0x20,0x2a,0xa,0x20,0x2a,0x20,0x59,0x6f,0x75,0x20,
  0x73,0x68,0x6f,0x75,0x6c,0x64,0x20,0x68,0x61,0x76,0x65,0x20,0x72,0x65,0x63,0x65,
  0x69,0x76,0x65,0x64,0x20,0x61,0x20,0x63,0x6f,0x70,0x79,0x20,0x6f,0x66,0x20,0x74,
  0x68,0x65,0x20,0x47,0x4e,0x55,0x20,0x47,0x65,0x6e,0x65,0x72,0x61,0x6c,0x20,0x50,
  0x75,0x62,0x6c,0x69,0x63,0x20,0x4c,0x69,0x63,0x65,0x6e,0x73,0x65,0xa,0x20,0x2a,
  0x20,0x61,0x6c,0x6f,0x6e,0x67,0x20,0x77,0x69,0x74,0x68,0x20,0x74,0x68,0x69,0x73,
  0x20,0x70,0x72,0x6f,0x67,0x72,0x61,0x6d,0x2e,0x20,0x20,0x49,0x66,0x20,0x6e,0x6f,
  0x74,0x2c,0x20,0x73,0x65,0x65,0x20,0x3c,0x68,0x74,0x74,0x70,0x3a,0x2f,0x2f,0x77,
  0x77,0x77,0x2e,0x67,0x6e,0x75,0x2e,0x6f,0x72,0x67,0x2f,0x6c,0x69,0x63,0x65,0x6e,
  0x73,0x65,0x73,0x2f,0x3e,0x2e,0xa,0x20,0x2a,0x2f,0xa,0xa,0x69,0x6d,0x70,0x6f,
  0x72,0x74,0x20,0x51,0x74,0x51,0x75,0x69,0x63,0x6b,0x20,0x32,0x2e,0x30,0xa,0x69,
  0x6d,0x70,0x6f,0x72,0x74,0x20,0x53,0x61,0x69,0x6c,0x66,0x69,0x73,0x68,0x2e,0x53,
  0x69,0x6c,0x69,0x63,0x61,0x20,0x31,0x2e,0x30,0xa,0xa,0x44,0x61,0x74,0x65,0x50,
  0x69,0x63,0x6b,0x65,0x72,0x44,0x69,0x61,0x6c,0x6f,0x67,0x20,0x7b,0xa,0x7d,0xa,
  
    // /home/oles/sailfish/app-sources/harbour-amazfish/ui/qml/components/platform.silica/PageListPL.qml
  0x0,0x0,0xb,0x86,
  0x2f,
  0x2a,0x20,0x2d,0x2a,0x2d,0x20,0x63,0x6f,0x64,0x69,0x6e,0x67,0x3a,0x20,0x75,0x74,
  0x66,0x2d,0x38,0x2d,0x75,0x6e,0x69,0x78,0x20,0x2d,0x2a,0x2d,0xa,0x20,0x2a,0xa,
  0x20,0x2a,0x20,0x43,0x6f,0x70,0x79,0x72,0x69,0x67,0x68,0x74,0x20,0x28,0x43,0x29,
  0x20,0x32,0x30,0x31,0x38,0x20,0x52,0x69,0x6e,0x69,0x67,0x75,0x73,0xa,0x20,0x2a,
  0xa,0x20,0x2a,0x20,0x54,0x68,0x69,0x73,0x20,0x70,0x72,0x6f,0x67,0x72,0x61,0x6d,
  0x20,0x69,0x73,0x20,0x66,0x72,0x65,0x65,0x20,0x73,0x6f,0x66,0x74,0x77,0x61,0x72,
  0x65,0x3a,0x20,0x79,0x6f,0x75,0x20,0x63,0x61,0x6e,0x20,0x72,0x65,0x64,0x69,0x73,
  0x74,0x72,0x69,0x62,0x75,0x74,0x65,0x20,0x69,0x74,0x20,0x61,0x6e,0x64,0x2f,0x6f,
  0x72,0x20,0x6d,0x6f,0x64,0x69,0x66,0x79,0xa,0x20,0x2a,0x20,0x69,0x74,0x20,0x75,
  0x6e,0x64,0x65,0x72,0x20,0x74,0x68,0x65,0x20,0x74,0x65,0x72,0x6d,0x73,0x20,0x6f,
  0x66,0x20,0x74,0x68,0x65,0x20,0x47,0x4e,0x55,0x20,0x47,0x65,0x6e,0x65,0x72,0x61,
  0x6c,0x20,0x50,0x75,0x62,0x6c,0x69,0x63,0x20,0x4c,0x69,0x63,0x65,0x6e,0x73,0x65,
  0x20,0x61,0x73,0x20,0x70,0x75,0x62,0x6c,0x69,0x73,0x68,0x65,0x64,0x20,0x62,0x79,
  0xa,0x20,0x2a,0x20,0x74,0x68,0x65,0x20,0x46,0x72,0x65,0x65,0x20,0x53,0x6f,0x66,
  0x74,0x77,0x61,0x72,0x65,0x20,0x46,0x6f,0x75,0x6e,0x64,0x61,0x74,0x69,0x6f,0x6e,
  0x2c,0x20,0x65,0x69,0x74,0x68,0x65,0x72,0x20,0x76,0x65,0x72,0x73,0x69,0x6f,0x6e,
  0x20,0x33,0x20,0x6f,0x66,0x20,0x74,0x68,0x65,0x20,0x4c,0x69,0x63,0x65,0x6e,0x73,
  0x65,0x2c,0x20,0x6f,0x72,0xa,0x20,0x2a,0x20,0x28,0x61,0x74,0x20,0x79,0x6f,0x75,
  0x72,0x20,0x6f,0x70,0x74,0x69,0x6f,0x6e,0x29,0x20,0x61,0x6e,0x79,0x20,0x6c,0x61,
  0x74,0x65,0x72,0x20,0x76,0x65,0x72,0x73,0x69,0x6f,0x6e,0x2e,0xa,0x20,0x2a,0xa,
  0x20,0x2a,0x20,0x54,0x68,0x69,0x73,0x20,0x70,0x72,0x6f,0x67,0x72,0x61,0x6d,0x20,
  0x69,0x73,0x20,0x64,0x69,0x73,0x74,0x72,0x69,0x62,0x75,0x74,0x65,0x64,0x20,0x69,
  0x6e,0x20,0x74,0x68,0x65,0x20,0x68,0x6f,0x70,0x65,0x20,0x74,0x68,0x61,0x74,0x20,
  0x69,0x74,0x20,0x77,0x69,0x6c,0x6c,0x20,0x62,0x65,0x20,0x75,0x73,0x65,0x66,0x75,
  0x6c,0x2c,0xa,0x20,0x2a,0x20,0x62,0x75,0x74,0x20,0x57,0x49,0x54,0x48,0x4f,0x55,
  0x54,0x20,0x41,0x4e,0x59,0x20,0x57,0x41,0x52,0x52,0x41,0x4e,0x54,0x59,0x3b,0x20,
  0x77,0x69,0x74,0x68,0x6f,0x75,0x74,0x20,0x65,0x76,0x65,0x6e,0x20,0x74,0x68,0x65,
  0x20,0x69,0x6d,0x70,0x6c,0x69,0x65,0x64,0x20,0x77,0x61,0x72,0x72,0x61,0x6e,0x74,
  0x79,0x20,0x6f,0x66,0xa,0x20,0x2a,0x20,0x4d,0x45,0x52,0x43,0x48,0x41,0x4e,0x54,
  0x41,0x42,0x49,0x4c,0x49,0x54,0x59,0x20,0x6f,0x72,0x20,0x46,0x49,0x54,0x4e,0x45,
  0x53,0x53,0x20,0x46,0x4f,0x52,0x20,0x41,0x20,0x50,0x41,0x52,0x54,0x49,0x43,0x55,
  0x4c,0x41,0x52,0x20,0x50,0x55,0x52,0x50,0x4f,0x53,0x45,0x2e,0x20,0x20,0x53,0x65,
  0x65,0x20,0x74,0x68,0x65,0xa,0x20,0x2a,0x20,0x47,0x4e,0x55,0x20,0x47,0x65,0x6e,
  0x65,0x72,0x61,0x6c,0x20,0x50,0x75,0x62,0x6c,0x69,0x63,0x20,0x4c,0x69,0x63,0x65,
  0x6e,0x73,0x65,0x20,0x66,0x6f,0x72,0x20,0x6d,0x6f,0x72,0x65,0x20,0x64,0x65,0x74,
  0x61,0x69,0x6c,0x73,0x2e,0xa,0x20,0x2a,0xa,0x20,0x2a,0x20,0x59,0x6f,0x75,0x20,
  0x73,0x68,0x6f,0x75,0x6c,0x64,0x20,0x68,0x61,0x76,0x65,0x20,0x72,0x65,0x63,0x65,
  0x69,0x76,0x65,0x64,0x20,0x61,0x20,0x63,0x6f,0x70,0x79,0x20,0x6f,0x66,0x20,0x74,
  0x68,0x65,0x20,0x47,0x4e,0x55,0x20,0x47,0x65,0x6e,0x65,0x72,0x61,0x6c,0x20,0x50,
  0x75,0x62,0x6c,0x69,0x63,0x20,0x4c,0x69,0x63,0x65,0x6e,0x73,0x65,0xa,0x20,0x2a,
  0x20,0x61,0x6c,0x6f,0x6e,0x67,0x20,0x77,0x69,0x74,0x68,0x20,0x74,0x68,0x69,0x73,
  0x20,0x70,0x72,0x6f,0x67,0x72,0x61,0x6d,0x2e,0x20,0x20,0x49,0x66,0x20,0x6e,0x6f,
  0x74,0x2c,0x20,0x73,0x65,0x65,0x20,0x3c,0x68,0x74,0x74,0x70,0x3a,0x2f,0x2f,0x77,
  0x77,0x77,0x2e,0x67,0x6e,0x75,0x2e,0x6f,0x72,0x67,0x2f,0x6c,0x69,0x63,0x65,0x6e,
  0x73,0x65,0x73,0x2f,0x3e,0x2e,0xa,0x20,0x2a,0x2f,0xa,0xa,0x69,0x6d,0x70,0x6f,
  0x72,0x74,0x20,0x51,0x74,0x51,0x75,0x69,0x63,0x6b,0x20,0x32,0x2e,0x30,0xa,0x69,
  0x6d,0x70,0x6f,0x72,0x74,0x20,0x53,0x61,0x69,0x6c,0x66,0x69,0x73,0x68,0x2e,0x53,
  0x69,0x6c,0x69,0x63,0x61,0x20,0x31,0x2e,0x30,0xa,0xa,0x50,0x61,0x67,0x65,0x20,
  0x7b,0xa,0x20,0x20,0x20,0x20,0x69,0x64,0x3a,0x20,0x70,0x61,0x67,0x65,0xa,0x20,
  0x20,0x20,0x20,0x61,0x6c,0x6c,0x6f,0x77,0x65,0x64,0x4f,0x72,0x69,0x65,0x6e,0x74,
  0x61,0x74,0x69,0x6f,0x6e,0x73,0x3a,0x20,0x61,0x70,0x70,0x2e,0x64,0x65,0x66,0x61,
  0x75,0x6c,0x74,0x41,0x6c,0x6c,0x6f,0x77,0x65,0x64,0x4f,0x72,0x69,0x65,0x6e,0x74,
  0x61,0x74,0x69,0x6f,0x6e,0x73,0xa,0xa,0x20,0x20,0x20,0x20,0x70,0x72,0x6f,0x70,
  0x65,0x72,0x74,0x79,0x20,0x73,0x74,0x72,0x69,0x6e,0x67,0x20,0x61,0x63,0x63,0x65,
  0x70,0x74,0x49,0x63,0x6f,0x6e,0x4e,0x61,0x6d,0x65,0x20,0x2f,0x2f,0x20,0x66,0x6f,
  0x72,0x20,0x63,0x6f,0x6d,0x70,0x61,0x74,0x69,0x62,0x69,0x6c,0x69,0x74,0x79,0xa,
  0x20,0x20,0x20,0x20,0x70,0x72,0x6f,0x70,0x65,0x72,0x74,0x79,0x20,0x73,0x74,0x72,
  0x69,0x6e,0x67,0x20,0x61,0x63,0x63,0x65,0x70,0x74,0x54,0x65,0x78,0x74,0x20,0x2f,
  0x2f,0x20,0x66,0x6f,0x72,0x20,0x63,0x6f,0x6d,0x70,0x61,0x74,0x69,0x62,0x69,0x6c,
  0x69,0x74,0x79,0xa,0x20,0x20,0x20,0x20,0x70,0x72,0x6f,0x70,0x65,0x72,0x74,0x79,
  0x20,0x62,0x6f,0x6f,0x6c,0x20,0x20,0x20,0x61,0x63,0x74,0x69,0x76,0x65,0x3a,0x20,
  0x70,0x61,0x67,0x65,0x2e,0x73,0x74,0x61,0x74,0x75,0x73,0x20,0x3d,0x3d,0x3d,0x20,
  0x50,0x61,0x67,0x65,0x53,0x74,0x61,0x74,0x75,0x73,0x2e,0x41,0x63,0x74,0x69,0x76,
  0x65,0xa,0x20,0x20,0x20,0x20,0x70,0x72,0x6f,0x70,0x65,0x72,0x74,0x79,0x20,0x62,
  0x6f,0x6f,0x6c,0x20,0x20,0x20,0x63,0x61,0x6e,0x4e,0x61,0x76,0x69,0x67,0x61,0x74,
  0x65,0x46,0x6f,0x72,0x77,0x61,0x72,0x64,0x3a,0x20,0x74,0x72,0x75,0x65,0xa,0x20,
  0x20,0x20,0x20,0x70,0x72,0x6f,0x70,0x65,0x72,0x74,0x79,0x20,0x61,0x6c,0x69,0x61,
  0x73,0x20,0x20,0x63,0x75,0x72,0x72,0x65,0x6e,0x74,0x49,0x6e,0x64,0x65,0x78,0x3a,
  0x20,0x6c,0x69,0x73,0x74,0x56,0x69,0x65,0x77,0x2e,0x63,0x75,0x72,0x72,0x65,0x6e,
  0x74,0x49,0x6e,0x64,0x65,0x78,0xa,0x20,0x20,0x20,0x20,0x70,0x72,0x6f,0x70,0x65,
  0x72,0x74,0x79,0x20,0x61,0x6c,0x69,0x61,0x73,0x20,0x20,0x64,0x65,0x6c,0x65,0x67,
  0x61,0x74,0x65,0x3a,0x20,0x6c,0x69,0x73,0x74,0x56,0x69,0x65,0x77,0x2e,0x64,0x65,
  0x6c,0x65,0x67,0x61,0x74,0x65,0xa,0x20,0x20,0x20,0x20,0x2f,0x2f,0x20,0x68,0x61,
  0x73,0x20,0x74,0x6f,0x20,0x62,0x65,0x20,0x43,0x6f,0x6d,0x70,0x6f,0x6e,0x65,0x6e,
  0x74,0x2c,0x20,0x73,0x6f,0x20,0x77,0x72,0x61,0x70,0x20,0x69,0x74,0x20,0x61,0x73,
  0x20,0x43,0x6f,0x6d,0x70,0x6f,0x6e,0x65,0x6e,0x74,0x20,0x7b,0x20,0x49,0x74,0x65,
  0x6d,0x20,0x7b,0x7d,0x20,0x7d,0xa,0x20,0x20,0x20,0x20,0x70,0x72,0x6f,0x70,0x65,
  0x72,0x74,0x79,0x20,0x76,0x61,0x72,0x20,0x20,0x20,0x20,0x68,0x65,0x61,0x64,0x65,
  0x72,0x45,0x78,0x74,0x72,0x61,0xa,0x20,0x20,0x20,0x20,0x70,0x72,0x6f,0x70,0x65,
  0x72,0x74,0x79,0x20,0x61,0x6c,0x69,0x61,0x73,0x20,0x20,0x6d,0x6f,0x64,0x65,0x6c,
  0x3a,0x20,0x6c,0x69,0x73,0x74,0x56,0x69,0x65,0x77,0x2e,0x6d,0x6f,0x64,0x65,0x6c,
  0xa,0x20,0x20,0x20,0x20,0x70,0x72,0x6f,0x70,0x65,0x72,0x74,0x79,0x20,0x61,0x6c,
  0x69,0x61,0x73,0x20,0x20,0x70,0x61,0x67,0x65,0x4d,0x65,0x6e,0x75,0x3a,0x20,0x6d,
  0x65,0x6e,0x75,0x4c,0x6f,0x61,0x64,0x65,0x72,0x2e,0x73,0x6f,0x75,0x72,0x63,0x65,
  0x43,0x6f,0x6d,0x70,0x6f,0x6e,0x65,0x6e,0x74,0xa,0x20,0x20,0x20,0x20,0x70,0x72,
  0x6f,0x70,0x65,0x72,0x74,0x79,0x20,0x61,0x6c,0x69,0x61,0x73,0x20,0x20,0x70,0x6c,
  0x61,0x63,0x65,0x68,0x6f,0x6c,0x64,0x65,0x72,0x45,0x6e,0x61,0x62,0x6c,0x65,0x64,
  0x3a,0x20,0x76,0x69,0x65,0x77,0x50,0x6c,0x61,0x63,0x65,0x68,0x6f,0x6c,0x64,0x65,
  0x72,0x2e,0x65,0x6e,0x61,0x62,0x6c,0x65,0x64,0xa,0x20,0x20,0x20,0x20,0x70,0x72,
  0x6f,0x70,0x65,0x72,0x74,0x79,0x20,0x61,0x6c,0x69,0x61,0x73,0x20,0x20,0x70,0x6c,
  0x61,0x63,0x65,0x68,0x6f,0x6c,0x64,0x65,0x72,0x54,0x65,0x78,0x74,0x3a,0x20,0x76,
  0x69,0x65,0x77,0x50,0x6c,0x61,0x63,0x65,0x68,0x6f,0x6c,0x64,0x65,0x72,0x2e,0x68,
  0x69,0x6e,0x74,0x54,0x65,0x78,0x74,0xa,0x20,0x20,0x20,0x20,0x70,0x72,0x6f,0x70,
  0x65,0x72,0x74,0x79,0x20,0x61,0x6c,0x69,0x61,0x73,0x20,0x20,0x62,0x61,0x63,0x6b,
  0x67,0x72,0x6f,0x75,0x6e,0x64,0x3a,0x20,0x62,0x61,0x63,0x6b,0x67,0x72,0x6f,0x75,
  0x6e,0x64,0x4c,0x6f,0x61,0x64,0x65,0x72,0x2e,0x73,0x6f,0x75,0x72,0x63,0x65,0x43,
  0x6f,0x6d,0x70,0x6f,0x6e,0x65,0x6e,0x74,0xa,0x20,0x20,0x20,0x20,0x70,0x72,0x6f,
  0x70,0x65,0x72,0x74,0x79,0x20,0x73,0x74,0x72,0x69,0x6e,0x67,0x20,0x74,0x69,0x74,
  0x6c,0x65,0xa,0xa,0x20,0x20,0x20,0x20,0x73,0x69,0x67,0x6e,0x61,0x6c,0x20,0x70,
  0x61,0x67,0x65,0x53,0x74,0x61,0x74,0x75,0x73,0x41,0x63,0x74,0x69,0x76,0x61,0x74,
  0x69,0x6e,0x67,0xa,0x20,0x20,0x20,0x20,0x73,0x69,0x67,0x6e,0x61,0x6c,0x20,0x70,
  0x61,0x67,0x65,0x53,0x74,0x61,0x74,0x75,0x73,0x41,0x63,0x74,0x69,0x76,0x65,0xa,
  0x20,0x20,0x20,0x20,0x73,0x69,0x67,0x6e,0x61,0x6c,0x20,0x70,0x61,0x67,0x65,0x53,
  0x74,0x61,0x74,0x75,0x73,0x49,0x6e,0x61,0x63,0x74,0x69,0x76,0x65,0xa,0xa,0xa,
  0x20,0x20,0x20,0x20,0x4c,0x6f,0x61,0x64,0x65,0x72,0x20,0x7b,0xa,0x20,0x20,0x20,
  0x20,0x20,0x20,0x20,0x20,0x69,0x64,0x3a,0x20,0x62,0x61,0x63,0x6b,0x67,0x72,0x6f,
  0x75,0x6e,0x64,0x4c,0x6f,0x61,0x64,0x65,0x72,0xa,0x20,0x20,0x20,0x20,0x20,0x20,
  0x20,0x20,0x61,0x63,0x74,0x69,0x76,0x65,0x3a,0x20,0x73,0x6f,0x75,0x72,0x63,0x65,
  0x43,0x6f,0x6d,0x70,0x6f,0x6e,0x65,0x6e,0x74,0x20,0x3f,0x20,0x74,0x72,0x75,0x65,
  0x20,0x3a,0x20,0x66,0x61,0x6c,0x73,0x65,0xa,0x20,0x20,0x20,0x20,0x20,0x20,0x20,
  0x20,0x61,0x6e,0x63,0x68,0x6f,0x72,0x73,0x2e,0x63,0x65,0x6e,0x74,0x65,0x72,0x49,
  0x6e,0x3a,0x20,0x70,0x61,0x72,0x65,0x6e,0x74,0xa,0x20,0x20,0x20,0x20,0x7d,0xa,
  0xa,0x20,0x20,0x20,0x20,0x53,0x69,0x6c,0x69,0x63,0x61,0x4c,0x69,0x73,0x74,0x56,
  0x69,0x65,0x77,0x20,0x7b,0xa,0x20,0x20,0x20,0x20,0x20,0x20,0x20,0x20,0x69,0x64,
  0x3a,0x20,0x6c,0x69,0x73,0x74,0x56,0x69,0x65,0x77,0xa,0x20,0x20,0x20,0x20,0x20,
  0x20,0x20,0x20,0x61,0x6e,0x63,0x68,0x6f,0x72,0x73,0x2e,0x66,0x69,0x6c,0x6c,0x3a,
  0x20,0x70,0x61,0x72,0x65,0x6e,0x74,0xa,0xa,0x20,0x20,0x20,0x20,0x20,0x20,0x20,
  0x20,0x68,0x65,0x61,0x64,0x65,0x72,0x3a,0x20,0x43,0x6f,0x6c,0x75,0x6d,0x6e,0x20,
  0x7b,0xa,0x20,0x20,0x20,0x20,0x20,0x20,0x20,0x20,0x20,0x20,0x20,0x20,0x68,0x65,
  0x69,0x67,0x68,0x74,0x3a,0x20,0x68,0x65,0x61,0x64,0x65,0x72,0x2e,0x68,0x65,0x69,
  0x67,0x68,0x74,0x20,0x2b,0x20,0x68,0x65,0x61,0x64,0x65,0x72,0x45,0x78,0x74,0x72,
  0x61,0x4c,0x6f,0x61,0x64,0x65,0x72,0x2e,0x68,0x65,0x69,0x67,0x68,0x74,0x20,0x2b,
  0x20,0x73,0x74,0x79,0x6c,0x65,0x72,0x2e,0x74,0x68,0x65,0x6d,0x65,0x50,0x61,0x64,
  0x64,0x69,0x6e,0x67,0x4c,0x61,0x72,0x67,0x65,0xa,0x20,0x20,0x20,0x20,0x20,0x20,
  0x20,0x20,0x20,0x20,0x20,0x20,0x77,0x69,0x64,0x74,0x68,0x3a,0x20,0x70,0x61,0x72,
  0x65,0x6e,0x74,0x2e,0x77,0x69,0x64,0x74,0x68,0xa,0xa,0x20,0x20,0x20,0x20,0x20,
  0x20,0x20,0x20,0x20,0x20,0x20,0x20,0x50,0x61,0x67,0x65,0x48,0x65,0x61,0x64,0x65,
  0x72,0x20,0x7b,0xa,0x20,0x20,0x20,0x20,0x20,0x20,0x20,0x20,0x20,0x20,0x20,0x20,
  0x20,0x20,0x20,0x20,0x69,0x64,0x3a,0x20,0x68,0x65,0x61,0x64,0x65,0x72,0xa,0x20,
  0x20,0x20,0x20,0x20,0x20,0x20,0x20,0x20,0x20,0x20,0x20,0x20,0x20,0x20,0x20,0x74,
  0x69,0x74,0x6c,0x65,0x3a,0x20,0x70,0x61,0x67,0x65,0x2e,0x74,0x69,0x74,0x6c,0x65,
  0xa,0x20,0x20,0x20,0x20,0x20,0x20,0x20,0x20,0x20,0x20,0x20,0x20,0x7d,0xa,0xa,
  0x20,0x20,0x20,0x20,0x20,0x20,0x20,0x20,0x20,0x20,0x20,0x20,0x4c,0x6f,0x61,0x64,
  0x65,0x72,0x20,0x7b,0xa,0x20,0x20,0x20,0x20,0x20,0x20,0x20,0x20,0x20,0x20,0x20,
  0x20,0x20,0x20,0x20,0x20,0x69,0x64,0x3a,0x20,0x68,0x65,0x61,0x64,0x65,0x72,0x45,
  0x78,0x74,0x72,0x61,0x4c,0x6f,0x61,0x64,0x65,0x72,0xa,0x20,0x20,0x20,0x20,0x20,
  0x20,0x20,0x20,0x20,0x20,0x20,0x20,0x20,0x20,0x20,0x20,0x61,0x63,0x74,0x69,0x76,
  0x65,0x3a,0x20,0x73,0x6f,0x75,0x72,0x63,0x65,0x43,0x6f,0x6d,0x70,0x6f,0x6e,0x65,
  0x6e,0x74,0x20,0x3f,0x20,0x74,0x72,0x75,0x65,0x20,0x3a,0x20,0x66,0x61,0x6c,0x73,
  0x65,0xa,0x20,0x20,0x20,0x20,0x20,0x20,0x20,0x20,0x20,0x20,0x20,0x20,0x20,0x20,
  0x20,0x20,0x77,0x69,0x64,0x74,0x68,0x3a,0x20,0x70,0x61,0x72,0x65,0x6e,0x74,0x2e,
  0x77,0x69,0x64,0x74,0x68,0xa,0x20,0x20,0x20,0x20,0x20,0x20,0x20,0x20,0x20,0x20,
  0x20,0x20,0x20,0x20,0x20,0x20,0x73,0x6f,0x75,0x72,0x63,0x65,0x43,0x6f,0x6d,0x70,
  0x6f,0x6e,0x65,0x6e,0x74,0x3a,0x20,0x70,0x61,0x67,0x65,0x2e,0x68,0x65,0x61,0x64,
  0x65,0x72,0x45,0x78,0x74,0x72,0x61,0xa,0x20,0x20,0x20,0x20,0x20,0x20,0x20,0x20,
  0x20,0x20,0x20,0x20,0x7d,0xa,0x20,0x20,0x20,0x20,0x20,0x20,0x20,0x20,0x7d,0xa,
  0xa,0x20,0x20,0x20,0x20,0x20,0x20,0x20,0x20,0x4c,0x6f,0x61,0x64,0x65,0x72,0x20,
  0x7b,0xa,0x20,0x20,0x20,0x20,0x20,0x20,0x20,0x20,0x20,0x20,0x20,0x20,0x69,0x64,
  0x3a,0x20,0x6d,0x65,0x6e,0x75,0x4c,0x6f,0x61,0x64,0x65,0x72,0xa,0x20,0x20,0x20,
  0x20,0x20,0x20,0x20,0x20,0x20,0x20,0x20,0x20,0x61,0x63,0x74,0x69,0x76,0x65,0x3a,
  0x20,0x73,0x6f,0x75,0x72,0x63,0x65,0x43,0x6f,0x6d,0x70,0x6f,0x6e,0x65,0x6e,0x74,
  0xa,0x20,0x20,0x20,0x20,0x20,0x20,0x20,0x20,0x20,0x20,0x20,0x20,0x77,0x69,0x64,
  0x74,0x68,0x3a,0x20,0x70,0x61,0x72,0x65,0x6e,0x74,0x2e,0x77,0x69,0x64,0x74,0x68,
  0xa,0x20,0x20,0x20,0x20,0x20,0x20,0x20,0x20,0x7d,0xa,0xa,0x20,0x20,0x20,0x20,
  0x20,0x20,0x20,0x20,0x56,0x69,0x65,0x77,0x50,0x6c,0x61,0x63,0x65,0x68,0x6f,0x6c,
  0x64,0x65,0x72,0x20,0x7b,0xa,0x20,0x20,0x20,0x20,0x20,0x20,0x20,0x20,0x20,0x20,
  0x20,0x20,0x69,0x64,0x3a,0x20,0x76,0x69,0x65,0x77,0x50,0x6c,0x61,0x63,0x65,0x68,
  0x6f,0x6c,0x64,0x65,0x72,0xa,0x20,0x20,0x20,0x20,0x20,0x20,0x20,0x20,0x7d,0xa,
  0xa,0x20,0x20,0x20,0x20,0x20,0x20,0x20,0x20,0x56,0x65,0x72,0x74,0x69,0x63,0x61,
  0x6c,0x53,0x63,0x72,0x6f,0x6c,0x6c,0x44,0x65,0x63,0x6f,0x72,0x61,0x74,0x6f,0x72,
  0x20,0x7b,0x20,0x66,0x6c,0x69,0x63,0x6b,0x61,0x62,0x6c,0x65,0x3a,0x20,0x6c,0x69,
  0x73,0x74,0x56,0x69,0x65,0x77,0x20,0x7d,0xa,0x20,0x20,0x20,0x20,0x7d,0xa,0xa,
  0x20,0x20,0x20,0x20,0x6f,0x6e,0x53,0x74,0x61,0x74,0x75,0x73,0x43,0x68,0x61,0x6e,
  0x67,0x65,0x64,0x3a,0x20,0x7b,0xa,0x20,0x20,0x20,0x20,0x20,0x20,0x20,0x20,0x69,
  0x66,0x20,0x28,0x70,0x61,0x67,0x65,0x2e,0x73,0x74,0x61,0x74,0x75,0x73,0x20,0x3d,
  0x3d,0x3d,0x20,0x50,0x61,0x67,0x65,0x53,0x74,0x61,0x74,0x75,0x73,0x2e,0x41,0x63,
  0x74,0x69,0x76,0x61,0x74,0x69,0x6e,0x67,0x29,0x20,0x70,0x61,0x67,0x65,0x53,0x74,
  0x61,0x74,0x75,0x73,0x41,0x63,0x74,0x69,0x76,0x61,0x74,0x69,0x6e,0x67,0x28,0x29,
  0x3b,0xa,0x20,0x20,0x20,0x20,0x20,0x20,0x20,0x20,0x65,0x6c,0x73,0x65,0x20,0x69,
  0x66,0x20,0x28,0x70,0x61,0x67,0x65,0x2e,0x73,0x74,0x61,0x74,0x75,0x73,0x20,0x3d,
  0x3d,0x3d,0x20,0x50,0x61,0x67,0x65,0x53,0x74,0x61,0x74,0x75,0x73,0x2e,0x41,0x63,
  0x74,0x69,0x76,0x65,0x29,0x20,0x70,0x61,0x67,0x65,0x53,0x74,0x61,0x74,0x75,0x73,
  0x41,0x63,0x74,0x69,0x76,0x65,0x28,0x29,0x3b,0xa,0x20,0x20,0x20,0x20,0x20,0x20,
  0x20,0x20,0x65,0x6c,0x73,0x65,0x20,0x69,0x66,0x20,0x28,0x70,0x61,0x67,0x65,0x2e,
  0x73,0x74,0x61,0x74,0x75,0x73,0x20,0x3d,0x3d,0x3d,0x20,0x50,0x61,0x67,0x65,0x53,
  0x74,0x61,0x74,0x75,0x73,0x2e,0x49,0x6e,0x61,0x63,0x74,0x69,0x76,0x65,0x29,0x20,
  0x70,0x61,0x67,0x65,0x53,0x74,0x61,0x74,0x75,0x73,0x49,0x6e,0x61,0x63,0x74,0x69,
  0x76,0x65,0x28,0x29,0xa,0x20,0x20,0x20,0x20,0x7d,0xa,0xa,0x20,0x20,0x20,0x20,
  0x66,0x75,0x6e,0x63,0x74,0x69,0x6f,0x6e,0x20,0x70,0x6f,0x73,0x69,0x74,0x69,0x6f,
  0x6e,0x56,0x69,0x65,0x77,0x41,0x74,0x49,0x6e,0x64,0x65,0x78,0x28,0x69,0x29,0x20,
  0x7b,0xa,0x20,0x20,0x20,0x20,0x20,0x20,0x20,0x20,0x6c,0x69,0x73,0x74,0x56,0x69,
  0x65,0x77,0x2e,0x70,0x6f,0x73,0x69,0x74,0x69,0x6f,0x6e,0x56,0x69,0x65,0x77,0x41,
  0x74,0x49,0x6e,0x64,0x65,0x78,0x28,0x69,0x2c,0x20,0x4c,0x69,0x73,0x74,0x56,0x69,
  0x65,0x77,0x2e,0x43,0x65,0x6e,0x74,0x65,0x72,0x29,0x3b,0xa,0x20,0x20,0x20,0x20,
  0x7d,0xa,0xa,0x7d,0xa,
    // /home/oles/sailfish/app-sources/harbour-amazfish/ui/qml/components/platform.silica/ContextMenuItemPL.qml
  0x0,0x0,0x3,0x93,
  0x2f,
  0x2a,0x20,0x2d,0x2a,0x2d,0x20,0x63,0x6f,0x64,0x69,0x6e,0x67,0x3a,0x20,0x75,0x74,
  0x66,0x2d,0x38,0x2d,0x75,0x6e,0x69,0x78,0x20,0x2d,0x2a,0x2d,0xa,0x20,0x2a,0xa,
  0x20,0x2a,0x20,0x43,0x6f,0x70,0x79,0x72,0x69,0x67,0x68,0x74,0x20,0x28,0x43,0x29,
  0x20,0x32,0x30,0x31,0x38,0x20,0x52,0x69,0x6e,0x69,0x67,0x75,0x73,0xa,0x20,0x2a,
  0xa,0x20,0x2a,0x20,0x54,0x68,0x69,0x73,0x20,0x70,0x72,0x6f,0x67,0x72,0x61,0x6d,
  0x20,0x69,0x73,0x20,0x66,0x72,0x65,0x65,0x20,0x73,0x6f,0x66,0x74,0x77,0x61,0x72,
  0x65,0x3a,0x20,0x79,0x6f,0x75,0x20,0x63,0x61,0x6e,0x20,0x72,0x65,0x64,0x69,0x73,
  0x74,0x72,0x69,0x62,0x75,0x74,0x65,0x20,0x69,0x74,0x20,0x61,0x6e,0x64,0x2f,0x6f,
  0x72,0x20,0x6d,0x6f,0x64,0x69,0x66,0x79,0xa,0x20,0x2a,0x20,0x69,0x74,0x20,0x75,
  0x6e,0x64,0x65,0x72,0x20,0x74,0x68,0x65,0x20,0x74,0x65,0x72,0x6d,0x73,0x20,0x6f,
  0x66,0x20,0x74,0x68,0x65,0x20,0x47,0x4e,0x55,0x20,0x47,0x65,0x6e,0x65,0x72,0x61,
  0x6c,0x20,0x50,0x75,0x62,0x6c,0x69,0x63,0x20,0x4c,0x69,0x63,0x65,0x6e,0x73,0x65,
  0x20,0x61,0x73,0x20,0x70,0x75,0x62,0x6c,0x69,0x73,0x68,0x65,0x64,0x20,0x62,0x79,
  0xa,0x20,0x2a,0x20,0x74,0x68,0x65,0x20,0x46,0x72,0x65,0x65,0x20,0x53,0x6f,0x66,
  0x74,0x77,0x61,0x72,0x65,0x20,0x46,0x6f,0x75,0x6e,0x64,0x61,0x74,0x69,0x6f,0x6e,
  0x2c,0x20,0x65,0x69,0x74,0x68,0x65,0x72,0x20,0x76,0x65,0x72,0x73,0x69,0x6f,0x6e,
  0x20,0x33,0x20,0x6f,0x66,0x20,0x74,0x68,0x65,0x20,0x4c,0x69,0x63,0x65,0x6e,0x73,
  0x65,0x2c,0x20,0x6f,0x72,0xa,0x20,0x2a,0x20,0x28,0x61,0x74,0x20,0x79,0x6f,0x75,
  0x72,0x20,0x6f,0x70,0x74,0x69,0x6f,0x6e,0x29,0x20,0x61,0x6e,0x79,0x20,0x6c,0x61,
  0x74,0x65,0x72,0x20,0x76,0x65,0x72,0x73,0x69,0x6f,0x6e,0x2e,0xa,0x20,0x2a,0xa,
  0x20,0x2a,0x20,0x54,0x68,0x69,0x73,0x20,0x70,0x72,0x6f,0x67,0x72,0x61,0x6d,0x20,
  0x69,0x73,0x20,0x64,0x69,0x73,0x74,0x72,0x69,0x62,0x75,0x74,0x65,0x64,0x20,0x69,
  0x6e,0x20,0x74,0x68,0x65,0x20,0x68,0x6f,0x70,0x65,0x20,0x74,0x68,0x61,0x74,0x20,
  0x69,0x74,0x20,0x77,0x69,0x6c,0x6c,0x20,0x62,0x65,0x20,0x75,0x73,0x65,0x66,0x75,
  0x6c,0x2c,0xa,0x20,0x2a,0x20,0x62,0x75,0x74,0x20,0x57,0x49,0x54,0x48,0x4f,0x55,
  0x54,0x20,0x41,0x4e,0x59,0x20,0x57,0x41,0x52,0x52,0x41,0x4e,0x54,0x59,0x3b,0x20,
  0x77,0x69,0x74,0x68,0x6f,0x75,0x74,0x20,0x65,0x76,0x65,0x6e,0x20,0x74,0x68,0x65,
  0x20,0x69,0x6d,0x70,0x6c,0x69,0x65,0x64,0x20,0x77,0x61,0x72,0x72,0x61,0x6e,0x74,
  0x79,0x20,0x6f,0x66,0xa,0x20,0x2a,0x20,0x4d,0x45,0x52,0x43,0x48,0x41,0x4e,0x54,
  0x41,0x42,0x49,0x4c,0x49,0x54,0x59,0x20,0x6f,0x72,0x20,0x46,0x49,0x54,0x4e,0x45,
  0x53,0x53,0x20,0x46,0x4f,0x52,0x20,0x41,0x20,0x50,0x41,0x52,0x54,0x49,0x43,0x55,
  0x4c,0x41,0x52,0x20,0x50,0x55,0x52,0x50,0x4f,0x53,0x45,0x2e,0x20,0x20,0x53,0x65,
  0x65,0x20,0x74,0x68,0x65,0xa,0x20,0x2a,0x20,0x47,0x4e,0x55,0x20,0x47,0x65,0x6e,
  0x65,0x72,0x61,0x6c,0x20,0x50,0x75,0x62,0x6c,0x69,0x63,0x20,0x4c,0x69,0x63,0x65,
  0x6e,0x73,0x65,0x20,0x66,0x6f,0x72,0x20,0x6d,0x6f,0x72,0x65,0x20,0x64,0x65,0x74,
  0x61,0x69,0x6c,0x73,0x2e,0xa,0x20,0x2a,0xa,0x20,0x2a,0x20,0x59,0x6f,0x75,0x20,
  0x73,0x68,0x6f,0x75,0x6c,0x64,0x20,0x68,0x61,0x76,0x65,0x20,0x72,0x65,0x63,0x65,
  0x69,0x76,0x65,0x64,0x20,0x61,0x20,0x63,0x6f,0x70,0x79,0x20,0x6f,0x66,0x20,0x74,
  0x68,0x65,0x20,0x47,0x4e,0x55,0x20,0x47,0x65,0x6e,0x65,0x72,0x61,0x6c,0x20,0x50,
  0x75,0x62,0x6c,0x69,0x63,0x20,0x4c,0x69,0x63,0x65,0x6e,0x73,0x65,0xa,0x20,0x2a,
  0x20,0x61,0x6c,0x6f,0x6e,0x67,0x20,0x77,0x69,0x74,0x68,0x20,0x74,0x68,0x69,0x73,
  0x20,0x70,0x72,0x6f,0x67,0x72,0x61,0x6d,0x2e,0x20,0x20,0x49,0x66,0x20,0x6e,0x6f,
  0x74,0x2c,0x20,0x73,0x65,0x65,0x20,0x3c,0x68,0x74,0x74,0x70,0x3a,0x2f,0x2f,0x77,
  0x77,0x77,0x2e,0x67,0x6e,0x75,0x2e,0x6f,0x72,0x67,0x2f,0x6c,0x69,0x63,0x65,0x6e,
  0x73,0x65,0x73,0x2f,0x3e,0x2e,0xa,0x20,0x2a,0x2f,0xa,0xa,0x69,0x6d,0x70,0x6f,
  0x72,0x74,0x20,0x51,0x74,0x51,0x75,0x69,0x63,0x6b,0x20,0x32,0x2e,0x30,0xa,0x69,
  0x6d,0x70,0x6f,0x72,0x74,0x20,0x53,0x61,0x69,0x6c,0x66,0x69,0x73,0x68,0x2e,0x53,
  0x69,0x6c,0x69,0x63,0x61,0x20,0x31,0x2e,0x30,0xa,0xa,0x4d,0x65,0x6e,0x75,0x49,
  0x74,0x65,0x6d,0x20,0x7b,0xa,0x20,0x20,0x20,0x20,0x70,0x72,0x6f,0x70,0x65,0x72,
  0x74,0x79,0x20,0x73,0x74,0x72,0x69,0x6e,0x67,0x20,0x69,0x63,0x6f,0x6e,0x4e,0x61,
  0x6d,0x65,0x20,0x20,0x2f,0x2f,0x20,0x63,0x6f,0x6d,0x70,0x61,0x74,0x69,0x62,0x69,
  0x6c,0x69,0x74,0x79,0x20,0x77,0x69,0x74,0x68,0x20,0x6f,0x74,0x68,0x65,0x72,0x20,
  0x70,0x6c,0x61,0x74,0x66,0x6f,0x72,0x6d,0x73,0xa,0x20,0x20,0x20,0x20,0x70,0x72,
  0x6f,0x70,0x65,0x72,0x74,0x79,0x20,0x73,0x74,0x72,0x69,0x6e,0x67,0x20,0x69,0x63,
  0x6f,0x6e,0x53,0x6f,0x75,0x72,0x63,0x65,0x20,0x20,0x2f,0x2f,0x20,0x63,0x6f,0x6d,
  0x70,0x61,0x74,0x69,0x62,0x69,0x6c,0x69,0x74,0x79,0x20,0x77,0x69,0x74,0x68,0x20,
  0x6f,0x74,0x68,0x65,0x72,0x20,0x70,0x6c,0x61,0x74,0x66,0x6f,0x72,0x6d,0x73,0xa,
  0x7d,0xa,
    // /home/oles/sailfish/app-sources/harbour-amazfish/ui/qml/components/platform.silica/Cover.qml
  0x0,0x0,0x6,0x90,
  0x2f,
  0x2a,0x20,0x2d,0x2a,0x2d,0x20,0x63,0x6f,0x64,0x69,0x6e,0x67,0x3a,0x20,0x75,0x74,
  0x66,0x2d,0x38,0x2d,0x75,0x6e,0x69,0x78,0x20,0x2d,0x2a,0x2d,0xa,0x20,0x2a,0xa,
  0x20,0x2a,0x20,0x43,0x6f,0x70,0x79,0x72,0x69,0x67,0x68,0x74,0x20,0x28,0x43,0x29,
  0x20,0x32,0x30,0x31,0x34,0x20,0x4f,0x73,0x6d,0x6f,0x20,0x53,0x61,0x6c,0x6f,0x6d,
  0x61,0x61,0x2c,0x20,0x32,0x30,0x31,0x38,0x20,0x52,0x69,0x6e,0x69,0x67,0x75,0x73,
  0xa,0x20,0x2a,0xa,0x20,0x2a,0x20,0x54,0x68,0x69,0x73,0x20,0x70,0x72,0x6f,0x67,
  0x72,0x61,0x6d,0x20,0x69,0x73,0x20,0x66,0x72,0x65,0x65,0x20,0x73,0x6f,0x66,0x74,
  0x77,0x61,0x72,0x65,0x3a,0x20,0x79,0x6f,0x75,0x20,0x63,0x61,0x6e,0x20,0x72,0x65,
  0x64,0x69,0x73,0x74,0x72,0x69,0x62,0x75,0x74,0x65,0x20,0x69,0x74,0x20,0x61,0x6e,
  0x64,0x2f,0x6f,0x72,0x20,0x6d,0x6f,0x64,0x69,0x66,0x79,0xa,0x20,0x2a,0x20,0x69,
  0x74,0x20,0x75,0x6e,0x64,0x65,0x72,0x20,0x74,0x68,0x65,0x20,0x74,0x65,0x72,0x6d,
  0x73,0x20,0x6f,0x66,0x20,0x74,0x68,0x65,0x20,0x47,0x4e,0x55,0x20,0x47,0x65,0x6e,
  0x65,0x72,0x61,0x6c,0x20,0x50,0x75,0x62,0x6c,0x69,0x63,0x20,0x4c,0x69,0x63,0x65,
  0x6e,0x73,0x65,0x20,0x61,0x73,0x20,0x70,0x75,0x62,0x6c,0x69,0x73,0x68,0x65,0x64,
  0x20,0x62,0x79,0xa,0x20,0x2a,0x20,0x74,0x68,0x65,0x20,0x46,0x72,0x65,0x65,0x20,
  0x53,0x6f,0x66,0x74,0x77,0x61,0x72,0x65,0x20,0x46,0x6f,0x75,0x6e,0x64,0x61,0x74,
  0x69,0x6f,0x6e,0x2c,0x20,0x65,0x69,0x74,0x68,0x65,0x72,0x20,0x76,0x65,0x72,0x73,
  0x69,0x6f,0x6e,0x20,0x33,0x20,0x6f,0x66,0x20,0x74,0x68,0x65,0x20,0x4c,0x69,0x63,
  0x65,0x6e,0x73,0x65,0x2c,0x20,0x6f,0x72,0xa,0x20,0x2a,0x20,0x28,0x61,0x74,0x20,
  0x79,0x6f,0x75,0x72,0x20,0x6f,0x70,0x74,0x69,0x6f,0x6e,0x29,0x20,0x61,0x6e,0x79,
  0x20,0x6c,0x61,0x74,0x65,0x72,0x20,0x76,0x65,0x72,0x73,0x69,0x6f,0x6e,0x2e,0xa,
  0x20,0x2a,0xa,0x20,0x2a,0x20,0x54,0x68,0x69,0x73,0x20,0x70,0x72,0x6f,0x67,0x72,
  0x61,0x6d,0x20,0x69,0x73,0x20,0x64,0x69,0x73,0x74,0x72,0x69,0x62,0x75,0x74,0x65,
  0x64,0x20,0x69,0x6e,0x20,0x74,0x68,0x65,0x20,0x68,0x6f,0x70,0x65,0x20,0x74,0x68,
  0x61,0x74,0x20,0x69,0x74,0x20,0x77,0x69,0x6c,0x6c,0x20,0x62,0x65,0x20,0x75,0x73,
  0x65,0x66,0x75,0x6c,0x2c,0xa,0x20,0x2a,0x20,0x62,0x75,0x74,0x20,0x57,0x49,0x54,
  0x48,0x4f,0x55,0x54,0x20,0x41,0x4e,0x59,0x20,0x57,0x41,0x52,0x52,0x41,0x4e,0x54,
  0x59,0x3b,0x20,0x77,0x69,0x74,0x68,0x6f,0x75,0x74,0x20,0x65,0x76,0x65,0x6e,0x20,
  0x74,0x68,0x65,0x20,0x69,0x6d,0x70,0x6c,0x69,0x65,0x64,0x20,0x77,0x61,0x72,0x72,
  0x61,0x6e,0x74,0x79,0x20,0x6f,0x66,0xa,0x20,0x2a,0x20,0x4d,0x45,0x52,0x43,0x48,
  0x41,0x4e,0x54,0x41,0x42,0x49,0x4c,0x49,0x54,0x59,0x20,0x6f,0x72,0x20,0x46,0x49,
  0x54,0x4e,0x45,0x53,0x53,0x20,0x46,0x4f,0x52,0x20,0x41,0x20,0x50,0x41,0x52,0x54,
  0x49,0x43,0x55,0x4c,0x41,0x52,0x20,0x50,0x55,0x52,0x50,0x4f,0x53,0x45,0x2e,0x20,
  0x20,0x53,0x65,0x65,0x20,0x74,0x68,0x65,0xa,0x20,0x2a,0x20,0x47,0x4e,0x55,0x20,
  0x47,0x65,0x6e,0x65,0x72,0x61,0x6c,0x20,0x50,0x75,0x62,0x6c,0x69,0x63,0x20,0x4c,
  0x69,0x63,0x65,0x6e,0x73,0x65,0x20,0x66,0x6f,0x72,0x20,0x6d,0x6f,0x72,0x65,0x20,
  0x64,0x65,0x74,0x61,0x69,0x6c,0x73,0x2e,0xa,0x20,0x2a,0xa,0x20,0x2a,0x20,0x59,
  0x6f,0x75,0x20,0x73,0x68,0x6f,0x75,0x6c,0x64,0x20,0x68,0x61,0x76,0x65,0x20,0x72,
  0x65,0x63,0x65,0x69,0x76,0x65,0x64,0x20,0x61,0x20,0x63,0x6f,0x70,0x79,0x20,0x6f,
  0x66,0x20,0x74,0x68,0x65,0x20,0x47,0x4e,0x55,0x20,0x47,0x65,0x6e,0x65,0x72,0x61,
  0x6c,0x20,0x50,0x75,0x62,0x6c,0x69,0x63,0x20,0x4c,0x69,0x63,0x65,0x6e,0x73,0x65,
  0xa,0x20,0x2a,0x20,0x61,0x6c,0x6f,0x6e,0x67,0x20,0x77,0x69,0x74,0x68,0x20,0x74,
  0x68,0x69,0x73,0x20,0x70,0x72,0x6f,0x67,0x72,0x61,0x6d,0x2e,0x20,0x20,0x49,0x66,
  0x20,0x6e,0x6f,0x74,0x2c,0x20,0x73,0x65,0x65,0x20,0x3c,0x68,0x74,0x74,0x70,0x3a,
  0x2f,0x2f,0x77,0x77,0x77,0x2e,0x67,0x6e,0x75,0x2e,0x6f,0x72,0x67,0x2f,0x6c,0x69,
  0x63,0x65,0x6e,0x73,0x65,0x73,0x2f,0x3e,0x2e,0xa,0x20,0x2a,0x2f,0xa,0xa,0x69,
  0x6d,0x70,0x6f,0x72,0x74,0x20,0x51,0x74,0x51,0x75,0x69,0x63,0x6b,0x20,0x32,0x2e,
  0x30,0xa,0x69,0x6d,0x70,0x6f,0x72,0x74,0x20,0x53,0x61,0x69,0x6c,0x66,0x69,0x73,
  0x68,0x2e,0x53,0x69,0x6c,0x69,0x63,0x61,0x20,0x31,0x2e,0x30,0xa,0xa,0x2f,0x2f,
  0x20,0x43,0x6f,0x76,0x65,0x72,0x20,0x69,0x73,0x20,0x53,0x61,0x69,0x6c,0x66,0x69,
  0x73,0x68,0x20,0x4f,0x53,0x20,0x73,0x70,0x65,0x63,0x69,0x66,0x69,0x63,0x20,0x61,
  0x6e,0x64,0x2c,0x20,0x61,0x73,0x20,0x61,0x20,0x72,0x65,0x73,0x75,0x6c,0x74,0x2c,
  0xa,0x2f,0x2f,0x20,0x69,0x73,0x20,0x69,0x6d,0x70,0x6c,0x65,0x6d,0x65,0x6e,0x74,
  0x65,0x64,0x20,0x68,0x65,0x72,0x65,0x2e,0xa,0xa,0x43,0x6f,0x76,0x65,0x72,0x42,
  0x61,0x63,0x6b,0x67,0x72,0x6f,0x75,0x6e,0x64,0x20,0x7b,0xa,0x20,0x20,0x20,0x20,
  0x69,0x64,0x3a,0x20,0x63,0x6f,0x76,0x65,0x72,0xa,0xa,0x20,0x20,0x20,0x20,0x70,
  0x72,0x6f,0x70,0x65,0x72,0x74,0x79,0x20,0x62,0x6f,0x6f,0x6c,0x20,0x61,0x63,0x74,
  0x69,0x76,0x65,0x3a,0x20,0x73,0x74,0x61,0x74,0x75,0x73,0x20,0x3d,0x3d,0x3d,0x20,
  0x43,0x6f,0x76,0x65,0x72,0x2e,0x41,0x63,0x74,0x69,0x76,0x65,0xa,0xa,0x20,0x20,
  0x20,0x20,0x49,0x6d,0x61,0x67,0x65,0x20,0x7b,0xa,0x20,0x20,0x20,0x20,0x20,0x20,
  0x20,0x20,0x2f,0x2f,0x20,0x42,0x61,0x63,0x6b,0x67,0x72,0x6f,0x75,0x6e,0x64,0x20,
  0x69,0x63,0x6f,0x6e,0xa,0x20,0x20,0x20,0x20,0x20,0x20,0x20,0x20,0x61,0x6e,0x63,
  0x68,0x6f,0x72,0x73,0x2e,0x63,0x65,0x6e,0x74,0x65,0x72,0x49,0x6e,0x3a,0x20,0x70,
  0x61,0x72,0x65,0x6e,0x74,0xa,0x20,0x20,0x20,0x20,0x20,0x20,0x20,0x20,0x68,0x65,
  0x69,0x67,0x68,0x74,0x3a,0x20,0x77,0x69,0x64,0x74,0x68,0x2f,0x73,0x6f,0x75,0x72,
  0x63,0x65,0x53,0x69,0x7a,0x65,0x2e,0x77,0x69,0x64,0x74,0x68,0x20,0x2a,0x20,0x73,
  0x6f,0x75,0x72,0x63,0x65,0x53,0x69,0x7a,0x65,0x2e,0x68,0x65,0x69,0x67,0x68,0x74,
  0xa,0x20,0x20,0x20,0x20,0x20,0x20,0x20,0x20,0x6f,0x70,0x61,0x63,0x69,0x74,0x79,
  0x3a,0x20,0x30,0x2e,0x31,0xa,0x20,0x20,0x20,0x20,0x20,0x20,0x20,0x20,0x73,0x6d,
  0x6f,0x6f,0x74,0x68,0x3a,0x20,0x74,0x72,0x75,0x65,0xa,0x20,0x20,0x20,0x20,0x20,
  0x20,0x20,0x20,0x73,0x6f,0x75,0x72,0x63,0x65,0x3a,0x20,0x22,0x69,0x6d,0x61,0x67,
  0x65,0x3a,0x2f,0x2f,0x74,0x68,0x65,0x6d,0x65,0x2f,0x69,0x63,0x6f,0x6e,0x2d,0x6d,
  0x2d,0x77,0x61,0x74,0x63,0x68,0x22,0xa,0x20,0x20,0x20,0x20,0x20,0x20,0x20,0x20,
  0x76,0x69,0x73,0x69,0x62,0x6c,0x65,0x3a,0x20,0x21,0x63,0x6f,0x76,0x65,0x72,0x2e,
  0x73,0x68,0x6f,0x77,0x4e,0x61,0x72,0x72,0x61,0x74,0x69,0x76,0x65,0xa,0x20,0x20,
  0x20,0x20,0x20,0x20,0x20,0x20,0x77,0x69,0x64,0x74,0x68,0x3a,0x20,0x31,0x2e,0x35,
  0x20,0x2a,0x20,0x70,0x61,0x72,0x65,0x6e,0x74,0x2e,0x77,0x69,0x64,0x74,0x68,0xa,
  0x20,0x20,0x20,0x20,0x7d,0xa,0xa,0x20,0x20,0x20,0x20,0x2f,0x2a,0xa,0x20,0x20,
  0x20,0x20,0x20,0x2a,0x20,0x44,0x65,0x66,0x61,0x75,0x6c,0x74,0x20,0x63,0x6f,0x76,
  0x65,0x72,0xa,0x20,0x20,0x20,0x20,0x20,0x2a,0x2f,0xa,0xa,0x20,0x20,0x20,0x20,
  0x4c,0x61,0x62,0x65,0x6c,0x20,0x7b,0xa,0x20,0x20,0x20,0x20,0x20,0x20,0x20,0x20,
  0x2f,0x2f,0x20,0x54,0x69,0x74,0x6c,0x65,0xa,0x20,0x20,0x20,0x20,0x20,0x20,0x20,
  0x20,0x61,0x6e,0x63,0x68,0x6f,0x72,0x73,0x2e,0x63,0x65,0x6e,0x74,0x65,0x72,0x49,
  0x6e,0x3a,0x20,0x70,0x61,0x72,0x65,0x6e,0x74,0xa,0x20,0x20,0x20,0x20,0x20,0x20,
  0x20,0x20,0x63,0x6f,0x6c,0x6f,0x72,0x3a,0x20,0x54,0x68,0x65,0x6d,0x65,0x2e,0x70,
  0x72,0x69,0x6d,0x61,0x72,0x79,0x43,0x6f,0x6c,0x6f,0x72,0xa,0x20,0x20,0x20,0x20,
  0x20,0x20,0x20,0x20,0x66,0x6f,0x6e,0x74,0x2e,0x70,0x69,0x78,0x65,0x6c,0x53,0x69,
  0x7a,0x65,0x3a,0x20,0x54,0x68,0x65,0x6d,0x65,0x2e,0x66,0x6f,0x6e,0x74,0x53,0x69,
  0x7a,0x65,0x4c,0x61,0x72,0x67,0x65,0xa,0x20,0x20,0x20,0x20,0x20,0x20,0x20,0x20,
  0x68,0x6f,0x72,0x69,0x7a,0x6f,0x6e,0x74,0x61,0x6c,0x41,0x6c,0x69,0x67,0x6e,0x6d,
  0x65,0x6e,0x74,0x3a,0x20,0x54,0x65,0x78,0x74,0x2e,0x41,0x6c,0x69,0x67,0x6e,0x48,
  0x43,0x65,0x6e,0x74,0x65,0x72,0xa,0x20,0x20,0x20,0x20,0x20,0x20,0x20,0x20,0x6c,
  0x69,0x6e,0x65,0x48,0x65,0x69,0x67,0x68,0x74,0x3a,0x20,0x31,0x2e,0x32,0x35,0xa,
  0x20,0x20,0x20,0x20,0x20,0x20,0x20,0x20,0x74,0x65,0x78,0x74,0x3a,0x20,0x22,0x41,
  0x6d,0x61,0x7a,0x66,0x69,0x73,0x68,0x22,0xa,0x20,0x20,0x20,0x20,0x20,0x20,0x20,
  0x20,0x76,0x69,0x73,0x69,0x62,0x6c,0x65,0x3a,0x20,0x21,0x63,0x6f,0x76,0x65,0x72,
  0x2e,0x73,0x68,0x6f,0x77,0x4e,0x61,0x72,0x72,0x61,0x74,0x69,0x76,0x65,0xa,0x20,
  0x20,0x20,0x20,0x7d,0xa,0xa,0x2f,0x2f,0x20,0x20,0x20,0x20,0x43,0x6f,0x76,0x65,
  0x72,0x41,0x63,0x74,0x69,0x6f,0x6e,0x4c,0x69,0x73,0x74,0x20,0x7b,0xa,0x2f,0x2f,
  0x20,0x20,0x20,0x20,0x20,0x20,0x20,0x20,0x65,0x6e,0x61,0x62,0x6c,0x65,0x64,0x3a,
  0x20,0x61,0x70,0x70,0x2e,0x69,0x6e,0x69,0x74,0x69,0x61,0x6c,0x69,0x7a,0x65,0x64,
  0x20,0x26,0x26,0x20,0x61,0x70,0x70,0x2e,0x63,0x6f,0x6e,0x66,0x2e,0x73,0x68,0x6f,
  0x77,0x4e,0x61,0x72,0x72,0x61,0x74,0x69,0x76,0x65,0x20,0x26,0x26,0x20,0x61,0x70,
  0x70,0x2e,0x6e,0x61,0x76,0x69,0x67,0x61,0x74,0x6f,0x72,0x2e,0x68,0x61,0x73,0x52,
  0x6f,0x75,0x74,0x65,0xa,0x2f,0x2f,0x20,0x20,0x20,0x20,0x7d,0xa,0x7d,0xa,
    // /home/oles/sailfish/app-sources/harbour-amazfish/ui/qml/components/platform.silica/PageEmptyPL.qml
  0x0,0x0,0x5,0x5e,
  0x2f,
  0x2a,0x20,0x2d,0x2a,0x2d,0x20,0x63,0x6f,0x64,0x69,0x6e,0x67,0x3a,0x20,0x75,0x74,
  0x66,0x2d,0x38,0x2d,0x75,0x6e,0x69,0x78,0x20,0x2d,0x2a,0x2d,0xa,0x20,0x2a,0xa,
  0x20,0x2a,0x20,0x43,0x6f,0x70,0x79,0x72,0x69,0x67,0x68,0x74,0x20,0x28,0x43,0x29,
  0x20,0x32,0x30,0x31,0x38,0x20,0x52,0x69,0x6e,0x69,0x67,0x75,0x73,0xa,0x20,0x2a,
  0xa,0x20,0x2a,0x20,0x54,0x68,0x69,0x73,0x20,0x70,0x72,0x6f,0x67,0x72,0x61,0x6d,
  0x20,0x69,0x73,0x20,0x66,0x72,0x65,0x65,0x20,0x73,0x6f,0x66,0x74,0x77,0x61,0x72,
  0x65,0x3a,0x20,0x79,0x6f,0x75,0x20,0x63,0x61,0x6e,0x20,0x72,0x65,0x64,0x69,0x73,
  0x74,0x72,0x69,0x62,0x75,0x74,0x65,0x20,0x69,0x74,0x20,0x61,0x6e,0x64,0x2f,0x6f,
  0x72,0x20,0x6d,0x6f,0x64,0x69,0x66,0x79,0xa,0x20,0x2a,0x20,0x69,0x74,0x20,0x75,
  0x6e,0x64,0x65,0x72,0x20,0x74,0x68,0x65,0x20,0x74,0x65,0x72,0x6d,0x73,0x20,0x6f,
  0x66,0x20,0x74,0x68,0x65,0x20,0x47,0x4e,0x55,0x20,0x47,0x65,0x6e,0x65,0x72,0x61,
  0x6c,0x20,0x50,0x75,0x62,0x6c,0x69,0x63,0x20,0x4c,0x69,0x63,0x65,0x6e,0x73,0x65,
  0x20,0x61,0x73,0x20,0x70,0x75,0x62,0x6c,0x69,0x73,0x68,0x65,0x64,0x20,0x62,0x79,
  0xa,0x20,0x2a,0x20,0x74,0x68,0x65,0x20,0x46,0x72,0x65,0x65,0x20,0x53,0x6f,0x66,
  0x74,0x77,0x61,0x72,0x65,0x20,0x46,0x6f,0x75,0x6e,0x64,0x61,0x74,0x69,0x6f,0x6e,
  0x2c,0x20,0x65,0x69,0x74,0x68,0x65,0x72,0x20,0x76,0x65,0x72,0x73,0x69,0x6f,0x6e,
  0x20,0x33,0x20,0x6f,0x66,0x20,0x74,0x68,0x65,0x20,0x4c,0x69,0x63,0x65,0x6e,0x73,
  0x65,0x2c,0x20,0x6f,0x72,0xa,0x20,0x2a,0x20,0x28,0x61,0x74,0x20,0x79,0x6f,0x75,
  0x72,0x20,0x6f,0x70,0x74,0x69,0x6f,0x6e,0x29,0x20,0x61,0x6e,0x79,0x20,0x6c,0x61,
  0x74,0x65,0x72,0x20,0x76,0x65,0x72,0x73,0x69,0x6f,0x6e,0x2e,0xa,0x20,0x2a,0xa,
  0x20,0x2a,0x20,0x54,0x68,0x69,0x73,0x20,0x70,0x72,0x6f,0x67,0x72,0x61,0x6d,0x20,
  0x69,0x73,0x20,0x64,0x69,0x73,0x74,0x72,0x69,0x62,0x75,0x74,0x65,0x64,0x20,0x69,
  0x6e,0x20,0x74,0x68,0x65,0x20,0x68,0x6f,0x70,0x65,0x20,0x74,0x68,0x61,0x74,0x20,
  0x69,0x74,0x20,0x77,0x69,0x6c,0x6c,0x20,0x62,0x65,0x20,0x75,0x73,0x65,0x66,0x75,
  0x6c,0x2c,0xa,0x20,0x2a,0x20,0x62,0x75,0x74,0x20,0x57,0x49,0x54,0x48,0x4f,0x55,
  0x54,0x20,0x41,0x4e,0x59,0x20,0x57,0x41,0x52,0x52,0x41,0x4e,0x54,0x59,0x3b,0x20,
  0x77,0x69,0x74,0x68,0x6f,0x75,0x74,0x20,0x65,0x76,0x65,0x6e,0x20,0x74,0x68,0x65,
  0x20,0x69,0x6d,0x70,0x6c,0x69,0x65,0x64,0x20,0x77,0x61,0x72,0x72,0x61,0x6e,0x74,
  0x79,0x20,0x6f,0x66,0xa,0x20,0x2a,0x20,0x4d,0x45,0x52,0x43,0x48,0x41,0x4e,0x54,
  0x41,0x42,0x49,0x4c,0x49,0x54,0x59,0x20,0x6f,0x72,0x20,0x46,0x49,0x54,0x4e,0x45,
  0x53,0x53,0x20,0x46,0x4f,0x52,0x20,0x41,0x20,0x50,0x41,0x52,0x54,0x49,0x43,0x55,
  0x4c,0x41,0x52,0x20,0x50,0x55,0x52,0x50,0x4f,0x53,0x45,0x2e,0x20,0x20,0x53,0x65,
  0x65,0x20,0x74,0x68,0x65,0xa,0x20,0x2a,0x20,0x47,0x4e,0x55,0x20,0x47,0x65,0x6e,
  0x65,0x72,0x61,0x6c,0x20,0x50,0x75,0x62,0x6c,0x69,0x63,0x20,0x4c,0x69,0x63,0x65,
  0x6e,0x73,0x65,0x20,0x66,0x6f,0x72,0x20,0x6d,0x6f,0x72,0x65,0x20,0x64,0x65,0x74,
  0x61,0x69,0x6c,0x73,0x2e,0xa,0x20,0x2a,0xa,0x20,0x2a,0x20,0x59,0x6f,0x75,0x20,
  0x73,0x68,0x6f,0x75,0x6c,0x64,0x20,0x68,0x61,0x76,0x65,0x20,0x72,0x65,0x63,0x65,
  0x69,0x76,0x65,0x64,0x20,0x61,0x20,0x63,0x6f,0x70,0x79,0x20,0x6f,0x66,0x20,0x74,
  0x68,0x65,0x20,0x47,0x4e,0x55,0x20,0x47,0x65,0x6e,0x65,0x72,0x61,0x6c,0x20,0x50,
  0x75,0x62,0x6c,0x69,0x63,0x20,0x4c,0x69,0x63,0x65,0x6e,0x73,0x65,0xa,0x20,0x2a,
  0x20,0x61,0x6c,0x6f,0x6e,0x67,0x20,0x77,0x69,0x74,0x68,0x20,0x74,0x68,0x69,0x73,
  0x20,0x70,0x72,0x6f,0x67,0x72,0x61,0x6d,0x2e,0x20,0x20,0x49,0x66,0x20,0x6e,0x6f,
  0x74,0x2c,0x20,0x73,0x65,0x65,0x20,0x3c,0x68,0x74,0x74,0x70,0x3a,0x2f,0x2f,0x77,
  0x77,0x77,0x2e,0x67,0x6e,0x75,0x2e,0x6f,0x72,0x67,0x2f,0x6c,0x69,0x63,0x65,0x6e,
  0x73,0x65,0x73,0x2f,0x3e,0x2e,0xa,0x20,0x2a,0x2f,0xa,0xa,0x69,0x6d,0x70,0x6f,
  0x72,0x74,0x20,0x51,0x74,0x51,0x75,0x69,0x63,0x6b,0x20,0x32,0x2e,0x30,0xa,0x69,
  0x6d,0x70,0x6f,0x72,0x74,0x20,0x53,0x61,0x69,0x6c,0x66,0x69,0x73,0x68,0x2e,0x53,
  0x69,0x6c,0x69,0x63,0x61,0x20,0x31,0x2e,0x30,0xa,0xa,0x50,0x61,0x67,0x65,0x20,
  0x7b,0xa,0x20,0x20,0x20,0x20,0x69,0x64,0x3a,0x20,0x70,0x61,0x67,0x65,0xa,0x20,
  0x20,0x20,0x20,0x61,0x6c,0x6c,0x6f,0x77,0x65,0x64,0x4f,0x72,0x69,0x65,0x6e,0x74,
  0x61,0x74,0x69,0x6f,0x6e,0x73,0x3a,0x20,0x61,0x70,0x70,0x2e,0x64,0x65,0x66,0x61,
  0x75,0x6c,0x74,0x41,0x6c,0x6c,0x6f,0x77,0x65,0x64,0x4f,0x72,0x69,0x65,0x6e,0x74,
  0x61,0x74,0x69,0x6f,0x6e,0x73,0xa,0xa,0x20,0x20,0x20,0x20,0x64,0x65,0x66,0x61,
  0x75,0x6c,0x74,0x20,0x70,0x72,0x6f,0x70,0x65,0x72,0x74,0x79,0x20,0x61,0x6c,0x69,
  0x61,0x73,0x20,0x63,0x6f,0x6e,0x74,0x65,0x6e,0x74,0x3a,0x20,0x69,0x74,0x65,0x6d,
  0x43,0x6f,0x6e,0x74,0x2e,0x64,0x61,0x74,0x61,0xa,0x20,0x20,0x20,0x20,0x72,0x65,
  0x61,0x64,0x6f,0x6e,0x6c,0x79,0x20,0x70,0x72,0x6f,0x70,0x65,0x72,0x74,0x79,0x20,
  0x62,0x6f,0x6f,0x6c,0x20,0x65,0x6d,0x70,0x74,0x79,0x3a,0x20,0x74,0x72,0x75,0x65,
  0xa,0x20,0x20,0x20,0x20,0x70,0x72,0x6f,0x70,0x65,0x72,0x74,0x79,0x20,0x73,0x74,
  0x72,0x69,0x6e,0x67,0x20,0x20,0x20,0x20,0x20,0x20,0x20,0x20,0x74,0x69,0x74,0x6c,
  0x65,0xa,0xa,0x20,0x20,0x20,0x20,0x73,0x69,0x67,0x6e,0x61,0x6c,0x20,0x70,0x61,
  0x67,0x65,0x53,0x74,0x61,0x74,0x75,0x73,0x41,0x63,0x74,0x69,0x76,0x61,0x74,0x69,
  0x6e,0x67,0xa,0x20,0x20,0x20,0x20,0x73,0x69,0x67,0x6e,0x61,0x6c,0x20,0x70,0x61,
  0x67,0x65,0x53,0x74,0x61,0x74,0x75,0x73,0x41,0x63,0x74,0x69,0x76,0x65,0xa,0x20,
  0x20,0x20,0x20,0x73,0x69,0x67,0x6e,0x61,0x6c,0x20,0x70,0x61,0x67,0x65,0x53,0x74,
  0x61,0x74,0x75,0x73,0x49,0x6e,0x61,0x63,0x74,0x69,0x76,0x65,0xa,0xa,0x20,0x20,
  0x20,0x20,0x49,0x74,0x65,0x6d,0x20,0x7b,0xa,0x20,0x20,0x20,0x20,0x20,0x20,0x20,
  0x20,0x69,0x64,0x3a,0x20,0x69,0x74,0x65,0x6d,0x43,0x6f,0x6e,0x74,0xa,0x20,0x20,
  0x20,0x20,0x20,0x20,0x20,0x20,0x61,0x6e,0x63,0x68,0x6f,0x72,0x73,0x2e,0x66,0x69,
  0x6c,0x6c,0x3a,0x20,0x70,0x61,0x67,0x65,0xa,0x20,0x20,0x20,0x20,0x7d,0xa,0xa,
  0x20,0x20,0x20,0x20,0x6f,0x6e,0x53,0x74,0x61,0x74,0x75,0x73,0x43,0x68,0x61,0x6e,
  0x67,0x65,0x64,0x3a,0x20,0x7b,0xa,0x20,0x20,0x20,0x20,0x20,0x20,0x20,0x20,0x69,
  0x66,0x20,0x28,0x70,0x61,0x67,0x65,0x2e,0x73,0x74,0x61,0x74,0x75,0x73,0x20,0x3d,
  0x3d,0x3d,0x20,0x50,0x61,0x67,0x65,0x53,0x74,0x61,0x74,0x75,0x73,0x2e,0x41,0x63,
  0x74,0x69,0x76,0x61,0x74,0x69,0x6e,0x67,0x29,0x20,0x70,0x61,0x67,0x65,0x53,0x74,
  0x61,0x74,0x75,0x73,0x41,0x63,0x74,0x69,0x76,0x61,0x74,0x69,0x6e,0x67,0x28,0x29,
  0x3b,0xa,0x20,0x20,0x20,0x20,0x20,0x20,0x20,0x20,0x65,0x6c,0x73,0x65,0x20,0x69,
  0x66,0x20,0x28,0x70,0x61,0x67,0x65,0x2e,0x73,0x74,0x61,0x74,0x75,0x73,0x20,0x3d,
  0x3d,0x3d,0x20,0x50,0x61,0x67,0x65,0x53,0x74,0x61,0x74,0x75,0x73,0x2e,0x41,0x63,
  0x74,0x69,0x76,0x65,0x29,0x20,0x70,0x61,0x67,0x65,0x53,0x74,0x61,0x74,0x75,0x73,
  0x41,0x63,0x74,0x69,0x76,0x65,0x28,0x29,0x3b,0xa,0x20,0x20,0x20,0x20,0x20,0x20,
  0x20,0x20,0x65,0x6c,0x73,0x65,0x20,0x69,0x66,0x20,0x28,0x70,0x61,0x67,0x65,0x2e,
  0x73,0x74,0x61,0x74,0x75,0x73,0x20,0x3d,0x3d,0x3d,0x20,0x50,0x61,0x67,0x65,0x53,
  0x74,0x61,0x74,0x75,0x73,0x2e,0x49,0x6e,0x61,0x63,0x74,0x69,0x76,0x65,0x29,0x20,
  0x70,0x61,0x67,0x65,0x53,0x74,0x61,0x74,0x75,0x73,0x49,0x6e,0x61,0x63,0x74,0x69,
  0x76,0x65,0x28,0x29,0xa,0x20,0x20,0x20,0x20,0x7d,0xa,0x7d,0xa,
    // /home/oles/sailfish/app-sources/harbour-amazfish/ui/qml/components/platform.silica/TextSwitchPL.qml
  0x0,0x0,0x3,0xb,
  0x2f,
  0x2a,0x20,0x2d,0x2a,0x2d,0x20,0x63,0x6f,0x64,0x69,0x6e,0x67,0x3a,0x20,0x75,0x74,
  0x66,0x2d,0x38,0x2d,0x75,0x6e,0x69,0x78,0x20,0x2d,0x2a,0x2d,0xa,0x20,0x2a,0xa,
  0x20,0x2a,0x20,0x43,0x6f,0x70,0x79,0x72,0x69,0x67,0x68,0x74,0x20,0x28,0x43,0x29,
  0x20,0x32,0x30,0x31,0x38,0x20,0x52,0x69,0x6e,0x69,0x67,0x75,0x73,0xa,0x20,0x2a,
  0xa,0x20,0x2a,0x20,0x54,0x68,0x69,0x73,0x20,0x70,0x72,0x6f,0x67,0x72,0x61,0x6d,
  0x20,0x69,0x73,0x20,0x66,0x72,0x65,0x65,0x20,0x73,0x6f,0x66,0x74,0x77,0x61,0x72,
  0x65,0x3a,0x20,0x79,0x6f,0x75,0x20,0x63,0x61,0x6e,0x20,0x72,0x65,0x64,0x69,0x73,
  0x74,0x72,0x69,0x62,0x75,0x74,0x65,0x20,0x69,0x74,0x20,0x61,0x6e,0x64,0x2f,0x6f,
  0x72,0x20,0x6d,0x6f,0x64,0x69,0x66,0x79,0xa,0x20,0x2a,0x20,0x69,0x74,0x20,0x75,
  0x6e,0x64,0x65,0x72,0x20,0x74,0x68,0x65,0x20,0x74,0x65,0x72,0x6d,0x73,0x20,0x6f,
  0x66,0x20,0x74,0x68,0x65,0x20,0x47,0x4e,0x55,0x20,0x47,0x65,0x6e,0x65,0x72,0x61,
  0x6c,0x20,0x50,0x75,0x62,0x6c,0x69,0x63,0x20,0x4c,0x69,0x63,0x65,0x6e,0x73,0x65,
  0x20,0x61,0x73,0x20,0x70,0x75,0x62,0x6c,0x69,0x73,0x68,0x65,0x64,0x20,0x62,0x79,
  0xa,0x20,0x2a,0x20,0x74,0x68,0x65,0x20,0x46,0x72,0x65,0x65,0x20,0x53,0x6f,0x66,
  0x74,0x77,0x61,0x72,0x65,0x20,0x46,0x6f,0x75,0x6e,0x64,0x61,0x74,0x69,0x6f,0x6e,
  0x2c,0x20,0x65,0x69,0x74,0x68,0x65,0x72,0x20,0x76,0x65,0x72,0x73,0x69,0x6f,0x6e,
  0x20,0x33,0x20,0x6f,0x66,0x20,0x74,0x68,0x65,0x20,0x4c,0x69,0x63,0x65,0x6e,0x73,
  0x65,0x2c,0x20,0x6f,0x72,0xa,0x20,0x2a,0x20,0x28,0x61,0x74,0x20,0x79,0x6f,0x75,
  0x72,0x20,0x6f,0x70,0x74,0x69,0x6f,0x6e,0x29,0x20,0x61,0x6e,0x79,0x20,0x6c,0x61,
  0x74,0x65,0x72,0x20,0x76,0x65,0x72,0x73,0x69,0x6f,0x6e,0x2e,0xa,0x20,0x2a,0xa,
  0x20,0x2a,0x20,0x54,0x68,0x69,0x73,0x20,0x70,0x72,0x6f,0x67,0x72,0x61,0x6d,0x20,
  0x69,0x73,0x20,0x64,0x69,0x73,0x74,0x72,0x69,0x62,0x75,0x74,0x65,0x64,0x20,0x69,
  0x6e,0x20,0x74,0x68,0x65,0x20,0x68,0x6f,0x70,0x65,0x20,0x74,0x68,0x61,0x74,0x20,
  0x69,0x74,0x20,0x77,0x69,0x6c,0x6c,0x20,0x62,0x65,0x20,0x75,0x73,0x65,0x66,0x75,
  0x6c,0x2c,0xa,0x20,0x2a,0x20,0x62,0x75,0x74,0x20,0x57,0x49,0x54,0x48,0x4f,0x55,
  0x54,0x20,0x41,0x4e,0x59,0x20,0x57,0x41,0x52,0x52,0x41,0x4e,0x54,0x59,0x3b,0x20,
  0x77,0x69,0x74,0x68,0x6f,0x75,0x74,0x20,0x65,0x76,0x65,0x6e,0x20,0x74,0x68,0x65,
  0x20,0x69,0x6d,0x70,0x6c,0x69,0x65,0x64,0x20,0x77,0x61,0x72,0x72,0x61,0x6e,0x74,
  0x79,0x20,0x6f,0x66,0xa,0x20,0x2a,0x20,0x4d,0x45,0x52,0x43,0x48,0x41,0x4e,0x54,
  0x41,0x42,0x49,0x4c,0x49,0x54,0x59,0x20,0x6f,0x72,0x20,0x46,0x49,0x54,0x4e,0x45,
  0x53,0x53,0x20,0x46,0x4f,0x52,0x20,0x41,0x20,0x50,0x41,0x52,0x54,0x49,0x43,0x55,
  0x4c,0x41,0x52,0x20,0x50,0x55,0x52,0x50,0x4f,0x53,0x45,0x2e,0x20,0x20,0x53,0x65,
  0x65,0x20,0x74,0x68,0x65,0xa,0x20,0x2a,0x20,0x47,0x4e,0x55,0x20,0x47,0x65,0x6e,
  0x65,0x72,0x61,0x6c,0x20,0x50,0x75,0x62,0x6c,0x69,0x63,0x20,0x4c,0x69,0x63,0x65,
  0x6e,0x73,0x65,0x20,0x66,0x6f,0x72,0x20,0x6d,0x6f,0x72,0x65,0x20,0x64,0x65,0x74,
  0x61,0x69,0x6c,0x73,0x2e,0xa,0x20,0x2a,0xa,0x20,0x2a,0x20,0x59,0x6f,0x75,0x20,
  0x73,0x68,0x6f,0x75,0x6c,0x64,0x20,0x68,0x61,0x76,0x65,0x20,0x72,0x65,0x63,0x65,
  0x69,0x76,0x65,0x64,0x20,0x61,0x20,0x63,0x6f,0x70,0x79,0x20,0x6f,0x66,0x20,0x74,
  0x68,0x65,0x20,0x47,0x4e,0x55,0x20,0x47,0x65,0x6e,0x65,0x72,0x61,0x6c,0x20,0x50,
  0x75,0x62,0x6c,0x69,0x63,0x20,0x4c,0x69,0x63,0x65,0x6e,0x73,0x65,0xa,0x20,0x2a,
  0x20,0x61,0x6c,0x6f,0x6e,0x67,0x20,0x77,0x69,0x74,0x68,0x20,0x74,0x68,0x69,0x73,
  0x20,0x70,0x72,0x6f,0x67,0x72,0x61,0x6d,0x2e,0x20,0x20,0x49,0x66,0x20,0x6e,0x6f,
  0x74,0x2c,0x20,0x73,0x65,0x65,0x20,0x3c,0x68,0x74,0x74,0x70,0x3a,0x2f,0x2f,0x77,
  0x77,0x77,0x2e,0x67,0x6e,0x75,0x2e,0x6f,0x72,0x67,0x2f,0x6c,0x69,0x63,0x65,0x6e,
  0x73,0x65,0x73,0x2f,0x3e,0x2e,0xa,0x20,0x2a,0x2f,0xa,0xa,0x69,0x6d,0x70,0x6f,
  0x72,0x74,0x20,0x51,0x74,0x51,0x75,0x69,0x63,0x6b,0x20,0x32,0x2e,0x30,0xa,0x69,
  0x6d,0x70,0x6f,0x72,0x74,0x20,0x53,0x61,0x69,0x6c,0x66,0x69,0x73,0x68,0x2e,0x53,
  0x69,0x6c,0x69,0x63,0x61,0x20,0x31,0x2e,0x30,0xa,0xa,0x54,0x65,0x78,0x74,0x53,
  0x77,0x69,0x74,0x63,0x68,0x20,0x7b,0xa,0x7d,0xa,
    // /home/oles/sailfish/app-sources/harbour-amazfish/ui/qml/components/platform.silica/BusyIndicatorPL.qml
  0x0,0x0,0x3,0x4e,
  0x2f,
  0x2a,0x20,0x2d,0x2a,0x2d,0x20,0x63,0x6f,0x64,0x69,0x6e,0x67,0x3a,0x20,0x75,0x74,
  0x66,0x2d,0x38,0x2d,0x75,0x6e,0x69,0x78,0x20,0x2d,0x2a,0x2d,0xa,0x20,0x2a,0xa,
  0x20,0x2a,0x20,0x43,0x6f,0x70,0x79,0x72,0x69,0x67,0x68,0x74,0x20,0x28,0x43,0x29,
  0x20,0x32,0x30,0x31,0x38,0x20,0x52,0x69,0x6e,0x69,0x67,0x75,0x73,0xa,0x20,0x2a,
  0xa,0x20,0x2a,0x20,0x54,0x68,0x69,0x73,0x20,0x70,0x72,0x6f,0x67,0x72,0x61,0x6d,
  0x20,0x69,0x73,0x20,0x66,0x72,0x65,0x65,0x20,0x73,0x6f,0x66,0x74,0x77,0x61,0x72,
  0x65,0x3a,0x20,0x79,0x6f,0x75,0x20,0x63,0x61,0x6e,0x20,0x72,0x65,0x64,0x69,0x73,
  0x74,0x72,0x69,0x62,0x75,0x74,0x65,0x20,0x69,0x74,0x20,0x61,0x6e,0x64,0x2f,0x6f,
  0x72,0x20,0x6d,0x6f,0x64,0x69,0x66,0x79,0xa,0x20,0x2a,0x20,0x69,0x74,0x20,0x75,
  0x6e,0x64,0x65,0x72,0x20,0x74,0x68,0x65,0x20,0x74,0x65,0x72,0x6d,0x73,0x20,0x6f,
  0x66,0x20,0x74,0x68,0x65,0x20,0x47,0x4e,0x55,0x20,0x47,0x65,0x6e,0x65,0x72,0x61,
  0x6c,0x20,0x50,0x75,0x62,0x6c,0x69,0x63,0x20,0x4c,0x69,0x63,0x65,0x6e,0x73,0x65,
  0x20,0x61,0x73,0x20,0x70,0x75,0x62,0x6c,0x69,0x73,0x68,0x65,0x64,0x20,0x62,0x79,
  0xa,0x20,0x2a,0x20,0x74,0x68,0x65,0x20,0x46,0x72,0x65,0x65,0x20,0x53,0x6f,0x66,
  0x74,0x77,0x61,0x72,0x65,0x20,0x46,0x6f,0x75,0x6e,0x64,0x61,0x74,0x69,0x6f,0x6e,
  0x2c,0x20,0x65,0x69,0x74,0x68,0x65,0x72,0x20,0x76,0x65,0x72,0x73,0x69,0x6f,0x6e,
  0x20,0x33,0x20,0x6f,0x66,0x20,0x74,0x68,0x65,0x20,0x4c,0x69,0x63,0x65,0x6e,0x73,
  0x65,0x2c,0x20,0x6f,0x72,0xa,0x20,0x2a,0x20,0x28,0x61,0x74,0x20,0x79,0x6f,0x75,
  0x72,0x20,0x6f,0x70,0x74,0x69,0x6f,0x6e,0x29,0x20,0x61,0x6e,0x79,0x20,0x6c,0x61,
  0x74,0x65,0x72,0x20,0x76,0x65,0x72,0x73,0x69,0x6f,0x6e,0x2e,0xa,0x20,0x2a,0xa,
  0x20,0x2a,0x20,0x54,0x68,0x69,0x73,0x20,0x70,0x72,0x6f,0x67,0x72,0x61,0x6d,0x20,
  0x69,0x73,0x20,0x64,0x69,0x73,0x74,0x72,0x69,0x62,0x75,0x74,0x65,0x64,0x20,0x69,
  0x6e,0x20,0x74,0x68,0x65,0x20,0x68,0x6f,0x70,0x65,0x20,0x74,0x68,0x61,0x74,0x20,
  0x69,0x74,0x20,0x77,0x69,0x6c,0x6c,0x20,0x62,0x65,0x20,0x75,0x73,0x65,0x66,0x75,
  0x6c,0x2c,0xa,0x20,0x2a,0x20,0x62,0x75,0x74,0x20,0x57,0x49,0x54,0x48,0x4f,0x55,
  0x54,0x20,0x41,0x4e,0x59,0x20,0x57,0x41,0x52,0x52,0x41,0x4e,0x54,0x59,0x3b,0x20,
  0x77,0x69,0x74,0x68,0x6f,0x75,0x74,0x20,0x65,0x76,0x65,0x6e,0x20,0x74,0x68,0x65,
  0x20,0x69,0x6d,0x70,0x6c,0x69,0x65,0x64,0x20,0x77,0x61,0x72,0x72,0x61,0x6e,0x74,
  0x79,0x20,0x6f,0x66,0xa,0x20,0x2a,0x20,0x4d,0x45,0x52,0x43,0x48,0x41,0x4e,0x54,
  0x41,0x42,0x49,0x4c,0x49,0x54,0x59,0x20,0x6f,0x72,0x20,0x46,0x49,0x54,0x4e,0x45,
  0x53,0x53,0x20,0x46,0x4f,0x52,0x20,0x41,0x20,0x50,0x41,0x52,0x54,0x49,0x43,0x55,
  0x4c,0x41,0x52,0x20,0x50,0x55,0x52,0x50,0x4f,0x53,0x45,0x2e,0x20,0x20,0x53,0x65,
  0x65,0x20,0x74,0x68,0x65,0xa,0x20,0x2a,0x20,0x47,0x4e,0x55,0x20,0x47,0x65,0x6e,
  0x65,0x72,0x61,0x6c,0x20,0x50,0x75,0x62,0x6c,0x69,0x63,0x20,0x4c,0x69,0x63,0x65,
  0x6e,0x73,0x65,0x20,0x66,0x6f,0x72,0x20,0x6d,0x6f,0x72,0x65,0x20,0x64,0x65,0x74,
  0x61,0x69,0x6c,0x73,0x2e,0xa,0x20,0x2a,0xa,0x20,0x2a,0x20,0x59,0x6f,0x75,0x20,
  0x73,0x68,0x6f,0x75,0x6c,0x64,0x20,0x68,0x61,0x76,0x65,0x20,0x72,0x65,0x63,0x65,
  0x69,0x76,0x65,0x64,0x20,0x61,0x20,0x63,0x6f,0x70,0x79,0x20,0x6f,0x66,0x20,0x74,
  0x68,0x65,0x20,0x47,0x4e,0x55,0x20,0x47,0x65,0x6e,0x65,0x72,0x61,0x6c,0x20,0x50,
  0x75,0x62,0x6c,0x69,0x63,0x20,0x4c,0x69,0x63,0x65,0x6e,0x73,0x65,0xa,0x20,0x2a,
  0x20,0x61,0x6c,0x6f,0x6e,0x67,0x20,0x77,0x69,0x74,0x68,0x20,0x74,0x68,0x69,0x73,
  0x20,0x70,0x72,0x6f,0x67,0x72,0x61,0x6d,0x2e,0x20,0x20,0x49,0x66,0x20,0x6e,0x6f,
  0x74,0x2c,0x20,0x73,0x65,0x65,0x20,0x3c,0x68,0x74,0x74,0x70,0x3a,0x2f,0x2f,0x77,
  0x77,0x77,0x2e,0x67,0x6e,0x75,0x2e,0x6f,0x72,0x67,0x2f,0x6c,0x69,0x63,0x65,0x6e,
  0x73,0x65,0x73,0x2f,0x3e,0x2e,0xa,0x20,0x2a,0x2f,0xa,0xa,0x69,0x6d,0x70,0x6f,
  0x72,0x74,0x20,0x51,0x74,0x51,0x75,0x69,0x63,0x6b,0x20,0x32,0x2e,0x30,0xa,0x69,
  0x6d,0x70,0x6f,0x72,0x74,0x20,0x53,0x61,0x69,0x6c,0x66,0x69,0x73,0x68,0x2e,0x53,
  0x69,0x6c,0x69,0x63,0x61,0x20,0x31,0x2e,0x30,0xa,0xa,0x42,0x75,0x73,0x79,0x49,
  0x6e,0x64,0x69,0x63,0x61,0x74,0x6f,0x72,0x20,0x7b,0xa,0x20,0x20,0x20,0x20,0x73,
  0x69,0x7a,0x65,0x3a,0x20,0x42,0x75,0x73,0x79,0x49,0x6e,0x64,0x69,0x63,0x61,0x74,
  0x6f,0x72,0x53,0x69,0x7a,0x65,0x2e,0x4c,0x61,0x72,0x67,0x65,0xa,0x20,0x20,0x20,
  0x20,0x61,0x6e,0x63,0x68,0x6f,0x72,0x73,0x2e,0x63,0x65,0x6e,0x74,0x65,0x72,0x49,
  0x6e,0x3a,0x20,0x70,0x61,0x72,0x65,0x6e,0x74,0xa,0x7d,0xa,0xa,
    // /home/oles/sailfish/app-sources/harbour-amazfish/ui/qml/components/platform.silica/StylerPL.qml
  0x0,0x0,0x5,0xcf,
  0x0,
  0x0,0x15,0xe4,0x78,0x9c,0xa5,0x58,0x6d,0x53,0xe3,0x36,0x10,0xfe,0x9e,0x5f,0xb1,
  0x93,0x7e,0xe1,0x6e,0x48,0xcc,0xd1,0x69,0x7b,0x93,0x76,0xda,0x9,0x29,0x1c,0x99,
  0x9,0x90,0x8b,0x43,0x19,0x3e,0xca,0xb6,0x6c,0xab,0xc8,0x96,0x4f,0x92,0x13,0x72,
  0xbd,0xfe,0xf7,0xae,0xe4,0x38,0x89,0x21,0xb2,0x69,0xcb,0x30,0x4c,0xb2,0xbb,0xcf,
  0xb3,0x2f,0x5a,0xad,0x24,0xbc,0xf7,0x30,0x78,0x3f,0x80,0x50,0x44,0x2c,0x4f,0x46,
  0x50,0xea,0x78,0xf0,0x71,0x50,0xe6,0xec,0xd9,0x88,0x7b,0xf0,0x1e,0x7f,0x61,0x22,
  0x8a,0x8d,0x64,0x49,0xaa,0xe1,0x64,0xf2,0xe,0xce,0xcf,0x3e,0x7c,0x84,0x5,0xcb,
  0x59,0x52,0xaa,0xad,0xc1,0x32,0x65,0xa,0xa,0x29,0x12,0x49,0x32,0xc0,0x8f,0xb1,
  0xa4,0x14,0x94,0x88,0xf5,0x9a,0x48,0x3a,0x82,0x8d,0x28,0x21,0x24,0x39,0x48,0x1a,
  0x31,0xa5,0x25,0xb,0x4a,0x4d,0x81,0x69,0x20,0x79,0xe4,0x9,0x9,0x19,0xfa,0x8e,
  0x37,0x86,0x7,0x65,0x65,0x1e,0x51,0x9,0x3a,0xa5,0xa0,0xa9,0xcc,0x14,0x88,0xd8,
  0x7e,0xf9,0x74,0x7b,0xf,0x9f,0x68,0x4e,0x25,0xe1,0x30,0x2f,0x3,0xce,0x42,0x98,
  0xb1,0x90,0xe6,0x8a,0x2,0x41,0xd7,0x46,0xa2,0x52,0x1a,0x41,0x60,0x79,0xc,0xe2,
  0xca,0xc4,0xe0,0x6f,0x63,0x80,0x2b,0x81,0xc4,0x44,0x33,0x91,0x9f,0x2,0x65,0xa8,
  0x97,0xb0,0xa2,0x52,0xe1,0x77,0xf8,0xbe,0xf6,0xb1,0x25,0x3c,0x5,0x21,0xd,0xc9,
  0x9,0xd1,0x26,0x72,0x9,0xa2,0x30,0xb8,0x77,0x18,0xee,0x6,0x38,0xd1,0x7b,0xe8,
  0xd0,0x91,0xfe,0x3e,0xcb,0x8,0x58,0x6e,0xb9,0x53,0x51,0x60,0x46,0x29,0x52,0x62,
  0x8e,0x6b,0xc6,0x39,0x4,0x14,0x4a,0x45,0xe3,0x92,0x9f,0x1a,0xa,0x34,0x86,0x87,
  0xe9,0xf2,0xfa,0xee,0x7e,0x9,0xe3,0xdb,0x47,0x78,0x18,0x2f,0x16,0xe3,0xdb,0xe5,
  0xe3,0xcf,0x68,0xac,0x53,0x81,0x5a,0xba,0xa2,0x15,0x15,0xcb,0xa,0xce,0x90,0x19,
  0xf3,0x92,0x24,0xd7,0x1b,0xc,0xdf,0x30,0xdc,0x5c,0x2e,0x26,0xd7,0x8,0x19,0x5f,
  0x4c,0x67,0xd3,0xe5,0x23,0x26,0x1,0x57,0xd3,0xe5,0xed,0xa5,0xef,0xc3,0xd5,0xdd,
  0x2,0xc6,0x30,0x1f,0x2f,0x96,0xd3,0xc9,0xfd,0x6c,0xbc,0x80,0xf9,0xfd,0x62,0x7e,
  0xe7,0x5f,0xe,0x1,0x7c,0x6a,0xc2,0xa2,0x86,0xa0,0xa5,0xc4,0xb1,0x5d,0x25,0x2c,
  0x63,0x44,0x35,0x61,0x5c,0xd5,0x89,0x3f,0xe2,0xc2,0x2a,0x8c,0x8e,0x47,0x90,0x92,
  0x15,0xc5,0x5,0xe,0x29,0x5b,0x61,0x6c,0x4,0x1b,0xaa,0xd8,0x74,0x2f,0x9e,0x21,
  0x21,0x5c,0xe4,0x89,0x4d,0x13,0x8d,0xf7,0x85,0xc4,0xe0,0xa6,0x31,0xe4,0x42,0x9f,
  0x82,0xc2,0x20,0x7f,0x49,0xb5,0x2e,0x46,0x9e,0xb7,0x5e,0xaf,0x87,0x49,0x5e,0xe,
  0x85,0x4c,0x3c,0x5e,0x91,0x28,0xef,0x57,0x13,0x90,0xd7,0xeb,0x61,0x69,0x84,0xd4,
  0xf0,0x59,0x7f,0x2e,0x59,0xf8,0x4,0xe7,0xc3,0xb3,0x5a,0xe4,0x63,0xd8,0x31,0xb6,
  0xc8,0xd0,0x67,0x88,0x22,0xf0,0x1,0x55,0xbd,0xcf,0xfa,0x2e,0xf8,0x93,0x86,0x1a,
  0xfe,0xea,0x1,0xfe,0x48,0x4a,0x22,0x91,0xf3,0x8d,0x89,0xa0,0xa0,0x12,0x2b,0x1b,
  0x8,0xc1,0x71,0x41,0x2b,0xcc,0x8,0xb4,0x2c,0xa9,0xb5,0xb4,0x7f,0x3c,0xf,0xeb,
  0x92,0x6b,0x50,0xec,0x2b,0x55,0xa6,0x97,0x21,0x26,0x19,0xe3,0x1b,0xab,0xdc,0x51,
  0x98,0x4e,0xc0,0xf4,0xb0,0xc,0x19,0xbd,0x42,0xf3,0x2b,0x6b,0x33,0xc2,0x9e,0x41,
  0xc1,0x30,0xde,0x49,0xde,0x82,0xba,0xc6,0x0,0xed,0x2e,0x7d,0x9,0xde,0x2a,0x9a,
  0x1c,0xc,0x63,0xdb,0x33,0xf8,0x18,0xe5,0x75,0x99,0xd0,0x43,0x70,0x2d,0xeb,0xc2,
  0x5d,0x3e,0x6b,0x49,0x66,0x44,0xbe,0x46,0xef,0x35,0x5d,0x1c,0x47,0xe1,0x6f,0x42,
  0xde,0xe0,0xd4,0x28,0xb3,0x97,0xd0,0x4a,0xda,0x85,0xf5,0x33,0xc2,0xf9,0x4b,0xa8,
  0x15,0xbe,0x29,0xe7,0xa3,0xf0,0xbd,0xa6,0xc9,0x81,0xed,0xc3,0x9b,0x1c,0x77,0xf9,
  0xd,0x29,0x46,0x2e,0x5e,0x6c,0xfd,0xb3,0xe1,0x4f,0x3f,0xf4,0xea,0x66,0xa,0x5,
  0x17,0x52,0xd5,0xdf,0x2,0x2e,0xb0,0x83,0x3,0x12,0x3e,0x25,0xd2,0xcc,0x2e,0x38,
  0xc9,0xc9,0x8a,0x25,0xdb,0x11,0x56,0x8,0x6,0x5,0xc9,0x29,0x3f,0xc5,0xc9,0x11,
  0x4,0x9c,0xbe,0x6b,0xc6,0x62,0xb9,0x2a,0x8e,0x8b,0x5d,0xbf,0x8,0x1c,0x5b,0x9c,
  0x6c,0x2e,0x76,0x9c,0x13,0x6b,0xf5,0xed,0x1b,0xf4,0xbf,0xa3,0x3f,0x9e,0xd9,0x9f,
  0x7e,0xed,0x7f,0x45,0x24,0xc3,0xe9,0x62,0xb6,0xf0,0xde,0x31,0xb0,0x50,0xe4,0xea,
  0x68,0xab,0xee,0x8d,0xa6,0xc6,0xe6,0x8f,0xa,0x5e,0xbb,0xb6,0xf1,0xf8,0xa1,0xf9,
  0xc,0xbf,0x41,0x3f,0xe0,0x18,0x43,0x1f,0x46,0xd0,0x5f,0xa7,0x4c,0xd3,0x9d,0xd3,
  0x88,0xaa,0x50,0x32,0x1c,0xb7,0x2b,0x73,0x3e,0xd0,0x4c,0x1d,0xcb,0xca,0x96,0xf3,
  0x1a,0x8f,0x23,0x6e,0x8e,0x24,0x9b,0x43,0xed,0x26,0x6d,0x48,0x6b,0xd6,0xc3,0xf8,
  0xd,0x29,0x9c,0x68,0x61,0xc6,0x6f,0x88,0xbb,0xfa,0x89,0x46,0x47,0x4b,0x67,0x9d,
  0xcc,0x25,0xcb,0x88,0xdc,0x34,0x5c,0x14,0x7,0x32,0x97,0x3,0x33,0xb1,0xb0,0x8,
  0x11,0xda,0x39,0xb9,0xfd,0xda,0xa2,0xc1,0xae,0x1a,0x52,0x67,0x59,0xfe,0x95,0x83,
  0xe3,0xa5,0x52,0xc7,0xd5,0xbb,0x6e,0xc4,0x3,0x49,0x63,0x3e,0x76,0xb8,0xb9,0xfa,
  0xfc,0xc2,0xda,0x3c,0xb0,0x48,0xa7,0x8d,0xed,0x1d,0xbc,0x90,0xbf,0x1,0xdf,0xdc,
  0xe4,0xc1,0x4b,0xc5,0x2e,0x2c,0xd3,0x80,0xed,0x41,0x99,0xf6,0x7b,0x35,0x70,0xd8,
  0xa1,0xb0,0xb,0xd9,0x8c,0x85,0x35,0xa4,0x5d,0xd8,0xc6,0xc4,0x60,0x87,0xc2,0x39,
  0xc7,0xeb,0x52,0x9d,0x6,0x9e,0xfc,0x51,0xcb,0x66,0x32,0x9a,0x71,0x80,0xa7,0x3e,
  0xee,0x10,0x6c,0x37,0xcc,0xc3,0xf3,0xac,0x1b,0xcf,0x68,0x6,0xd9,0x80,0x18,0x65,
  0xdf,0x89,0x35,0x5b,0xdc,0x5,0x35,0x23,0xc5,0x8d,0x9c,0x70,0x4a,0xa4,0xb,0x1a,
  0x1a,0x65,0x1b,0x56,0x28,0xea,0xc2,0xe2,0x9d,0x28,0x63,0x4a,0xb9,0xd1,0xbf,0x53,
  0x4e,0xb5,0x1b,0x6e,0xb5,0x6e,0xf4,0x65,0xc4,0x9c,0xc5,0xc2,0x85,0x6b,0xa9,0x95,
  0x41,0xfe,0x9f,0xac,0xaf,0xc8,0x4a,0x48,0xe6,0x8e,0x3c,0xde,0xea,0xdd,0xc,0x37,
  0x34,0x2f,0x5d,0xe8,0xc,0x75,0x6e,0xe4,0x9c,0x94,0xee,0x8a,0x17,0x46,0xd9,0x82,
  0x4d,0x45,0xee,0xc6,0x1a,0x65,0xb,0x56,0xd2,0x98,0x4a,0x9a,0x87,0x54,0xb9,0x17,
  0x6c,0x45,0xb9,0x41,0xe,0xf0,0x7a,0xdf,0x42,0xb5,0xa0,0xf8,0x58,0x50,0xa9,0x8b,
  0x46,0x56,0x6a,0x37,0xde,0xc7,0x7b,0xa7,0x73,0x97,0x84,0x4f,0xb9,0x58,0x73,0x1a,
  0x25,0x2d,0x1,0xf8,0xb8,0xba,0xa1,0xd3,0xbf,0xb2,0xda,0x16,0x74,0x6a,0x5f,0x38,
  0xe,0xb0,0x51,0xb6,0x60,0x35,0x91,0xce,0xa6,0x2d,0xf0,0xa4,0x6e,0x83,0x8a,0xe2,
  0x3f,0xf6,0xeb,0x3,0xd,0x66,0x2c,0x77,0x8e,0x7,0x8e,0xba,0x7e,0xcf,0xdd,0xed,
  0x42,0xe2,0xbb,0x23,0x72,0x36,0x7b,0xa5,0x6e,0x9f,0x4c,0x6d,0x4,0x1d,0xd3,0x9,
  0x2f,0x51,0x24,0x74,0xd6,0x2c,0xac,0xd4,0x2d,0xb9,0x13,0xed,0x5e,0xea,0xb5,0x51,
  0xba,0xb1,0x33,0xd3,0xd0,0xce,0x76,0xe7,0x56,0xeb,0x46,0x8f,0x39,0x91,0x99,0xb3,
  0x4f,0x8d,0xb2,0x6d,0xc5,0x88,0x79,0xb0,0x3a,0xe3,0xae,0xd4,0x83,0xe8,0xfc,0xc3,
  0xf9,0xc0,0x9e,0xe4,0x2d,0x43,0x96,0x91,0x24,0x17,0x4a,0xb3,0xd0,0x3d,0xa7,0x6b,
  0x8b,0xee,0x91,0xe7,0xe3,0x50,0xe,0xf1,0x91,0xdb,0x35,0xfa,0x70,0x17,0x55,0x86,
  0x6d,0x7d,0xa1,0xf1,0x61,0xbd,0x71,0xb7,0x85,0x55,0xb7,0xe0,0x79,0x49,0xb5,0x10,
  0xda,0xb9,0xba,0x41,0x6d,0x60,0x26,0x13,0xbe,0x1b,0xdb,0xf6,0x16,0x2d,0xcc,0x3a,
  0x7f,0x91,0x21,0x92,0x78,0x5f,0x32,0xee,0x85,0xa5,0xd2,0x22,0x1b,0xd8,0x3,0x7b,
  0xb7,0xb9,0x8d,0xd9,0xb0,0xc8,0x13,0x37,0x13,0x3e,0xcb,0x24,0xde,0xf6,0xed,0xd9,
  0xd0,0xc1,0x96,0xd6,0xa6,0xed,0x8c,0xf7,0xce,0x5d,0x5f,0x16,0x2d,0xab,0x2e,0xd6,
  0xb9,0x73,0xbd,0x51,0xd7,0xe6,0x6f,0x8b,0xed,0x8,0xbf,0x2c,0x2c,0x51,0x7b,0xf0,
  0x13,0xf3,0x1c,0x71,0x4f,0x2d,0xd1,0xb6,0xf3,0x67,0x22,0xb4,0x17,0x6c,0xe7,0xfe,
  0xdb,0xea,0xdb,0x96,0x55,0x92,0x15,0xe9,0x4a,0x45,0x59,0x2b,0x77,0x1e,0x38,0x5e,
  0xd8,0x8a,0xe9,0xcd,0x74,0x7b,0xa,0xb2,0xe7,0x26,0x63,0xad,0xdf,0x72,0x1e,0x27,
  0xa9,0xdc,0xba,0x28,0x1a,0x41,0x75,0x11,0xf8,0x65,0x5c,0x11,0x54,0x21,0xef,0xae,
  0xc9,0xf8,0x4a,0xe8,0xb8,0x26,0xa3,0xc5,0xeb,0x6b,0xf2,0xa1,0xb0,0xb,0xd9,0xbc,
  0xea,0x1e,0xa,0xbb,0x90,0xaf,0xdf,0xd6,0xec,0x95,0x66,0x97,0x4a,0x41,0x22,0xf3,
  0xbf,0x8d,0xea,0x3f,0x2c,0x5,0x2e,0x3d,0xe0,0xfb,0x2b,0x61,0x2f,0x6f,0xce,0x7b,
  0x2f,0xd7,0x38,0x73,0xbe,0x9a,0x93,0x80,0xcf,0xd1,0xfa,0xc6,0x1a,0xef,0x1e,0x88,
  0x47,0x74,0x2e,0x9e,0x79,0xe5,0xb8,0x51,0xa0,0xe2,0x40,0xd6,0x81,0x6b,0xbe,0x22,
  0x8a,0x43,0x61,0x7,0xb2,0x51,0x99,0xe2,0x40,0xd6,0x73,0x2,0xd9,0x33,0xe5,0xb,
  0xb3,0x1,0x76,0xb0,0x9d,0xa4,0xf7,0x77,0xef,0x1f,0xd0,0xef,0x8c,0x73,
    // /home/oles/sailfish/app-sources/harbour-amazfish/ui/qml/components/platform.silica/IconButtonPL.qml
  0x0,0x0,0x6,0x64,
  0x2f,
  0x2a,0x20,0x2d,0x2a,0x2d,0x20,0x63,0x6f,0x64,0x69,0x6e,0x67,0x3a,0x20,0x75,0x74,
  0x66,0x2d,0x38,0x2d,0x75,0x6e,0x69,0x78,0x20,0x2d,0x2a,0x2d,0xa,0x20,0x2a,0xa,
  0x20,0x2a,0x20,0x43,0x6f,0x70,0x79,0x72,0x69,0x67,0x68,0x74,0x20,0x28,0x43,0x29,
  0x20,0x32,0x30,0x31,0x38,0x2d,0x32,0x30,0x31,0x39,0x20,0x52,0x69,0x6e,0x69,0x67,
  0x75,0x73,0xa,0x20,0x2a,0xa,0x20,0x2a,0x20,0x54,0x68,0x69,0x73,0x20,0x70,0x72,
  0x6f,0x67,0x72,0x61,0x6d,0x20,0x69,0x73,0x20,0x66,0x72,0x65,0x65,0x20,0x73,0x6f,
  0x66,0x74,0x77,0x61,0x72,0x65,0x3a,0x20,0x79,0x6f,0x75,0x20,0x63,0x61,0x6e,0x20,
  0x72,0x65,0x64,0x69,0x73,0x74,0x72,0x69,0x62,0x75,0x74,0x65,0x20,0x69,0x74,0x20,
  0x61,0x6e,0x64,0x2f,0x6f,0x72,0x20,0x6d,0x6f,0x64,0x69,0x66,0x79,0xa,0x20,0x2a,
  0x20,0x69,0x74,0x20,0x75,0x6e,0x64,0x65,0x72,0x20,0x74,0x68,0x65,0x20,0x74,0x65,
  0x72,0x6d,0x73,0x20,0x6f,0x66,0x20,0x74,0x68,0x65,0x20,0x47,0x4e,0x55,0x20,0x47,
  0x65,0x6e,0x65,0x72,0x61,0x6c,0x20,0x50,0x75,0x62,0x6c,0x69,0x63,0x20,0x4c,0x69,
  0x63,0x65,0x6e,0x73,0x65,0x20,0x61,0x73,0x20,0x70,0x75,0x62,0x6c,0x69,0x73,0x68,
  0x65,0x64,0x20,0x62,0x79,0xa,0x20,0x2a,0x20,0x74,0x68,0x65,0x20,0x46,0x72,0x65,
  0x65,0x20,0x53,0x6f,0x66,0x74,0x77,0x61,0x72,0x65,0x20,0x46,0x6f,0x75,0x6e,0x64,
  0x61,0x74,0x69,0x6f,0x6e,0x2c,0x20,0x65,0x69,0x74,0x68,0x65,0x72,0x20,0x76,0x65,
  0x72,0x73,0x69,0x6f,0x6e,0x20,0x33,0x20,0x6f,0x66,0x20,0x74,0x68,0x65,0x20,0x4c,
  0x69,0x63,0x65,0x6e,0x73,0x65,0x2c,0x20,0x6f,0x72,0xa,0x20,0x2a,0x20,0x28,0x61,
  0x74,0x20,0x79,0x6f,0x75,0x72,0x20,0x6f,0x70,0x74,0x69,0x6f,0x6e,0x29,0x20,0x61,
  0x6e,0x79,0x20,0x6c,0x61,0x74,0x65,0x72,0x20,0x76,0x65,0x72,0x73,0x69,0x6f,0x6e,
  0x2e,0xa,0x20,0x2a,0xa,0x20,0x2a,0x20,0x54,0x68,0x69,0x73,0x20,0x70,0x72,0x6f,
  0x67,0x72,0x61,0x6d,0x20,0x69,0x73,0x20,0x64,0x69,0x73,0x74,0x72,0x69,0x62,0x75,
  0x74,0x65,0x64,0x20,0x69,0x6e,0x20,0x74,0x68,0x65,0x20,0x68,0x6f,0x70,0x65,0x20,
  0x74,0x68,0x61,0x74,0x20,0x69,0x74,0x20,0x77,0x69,0x6c,0x6c,0x20,0x62,0x65,0x20,
  0x75,0x73,0x65,0x66,0x75,0x6c,0x2c,0xa,0x20,0x2a,0x20,0x62,0x75,0x74,0x20,0x57,
  0x49,0x54,0x48,0x4f,0x55,0x54,0x20,0x41,0x4e,0x59,0x20,0x57,0x41,0x52,0x52,0x41,
  0x4e,0x54,0x59,0x3b,0x20,0x77,0x69,0x74,0x68,0x6f,0x75,0x74,0x20,0x65,0x76,0x65,
  0x6e,0x20,0x74,0x68,0x65,0x20,0x69,0x6d,0x70,0x6c,0x69,0x65,0x64,0x20,0x77,0x61,
  0x72,0x72,0x61,0x6e,0x74,0x79,0x20,0x6f,0x66,0xa,0x20,0x2a,0x20,0x4d,0x45,0x52,
  0x43,0x48,0x41,0x4e,0x54,0x41,0x42,0x49,0x4c,0x49,0x54,0x59,0x20,0x6f,0x72,0x20,
  0x46,0x49,0x54,0x4e,0x45,0x53,0x53,0x20,0x46,0x4f,0x52,0x20,0x41,0x20,0x50,0x41,
  0x52,0x54,0x49,0x43,0x55,0x4c,0x41,0x52,0x20,0x50,0x55,0x52,0x50,0x4f,0x53,0x45,
  0x2e,0x20,0x20,0x53,0x65,0x65,0x20,0x74,0x68,0x65,0xa,0x20,0x2a,0x20,0x47,0x4e,
  0x55,0x20,0x47,0x65,0x6e,0x65,0x72,0x61,0x6c,0x20,0x50,0x75,0x62,0x6c,0x69,0x63,
  0x20,0x4c,0x69,0x63,0x65,0x6e,0x73,0x65,0x20,0x66,0x6f,0x72,0x20,0x6d,0x6f,0x72,
  0x65,0x20,0x64,0x65,0x74,0x61,0x69,0x6c,0x73,0x2e,0xa,0x20,0x2a,0xa,0x20,0x2a,
  0x20,0x59,0x6f,0x75,0x20,0x73,0x68,0x6f,0x75,0x6c,0x64,0x20,0x68,0x61,0x76,0x65,
  0x20,0x72,0x65,0x63,0x65,0x69,0x76,0x65,0x64,0x20,0x61,0x20,0x63,0x6f,0x70,0x79,
  0x20,0x6f,0x66,0x20,0x74,0x68,0x65,0x20,0x47,0x4e,0x55,0x20,0x47,0x65,0x6e,0x65,
  0x72,0x61,0x6c,0x20,0x50,0x75,0x62,0x6c,0x69,0x63,0x20,0x4c,0x69,0x63,0x65,0x6e,
  0x73,0x65,0xa,0x20,0x2a,0x20,0x61,0x6c,0x6f,0x6e,0x67,0x20,0x77,0x69,0x74,0x68,
  0x20,0x74,0x68,0x69,0x73,0x20,0x70,0x72,0x6f,0x67,0x72,0x61,0x6d,0x2e,0x20,0x20,
  0x49,0x66,0x20,0x6e,0x6f,0x74,0x2c,0x20,0x73,0x65,0x65,0x20,0x3c,0x68,0x74,0x74,
  0x70,0x3a,0x2f,0x2f,0x77,0x77,0x77,0x2e,0x67,0x6e,0x75,0x2e,0x6f,0x72,0x67,0x2f,
  0x6c,0x69,0x63,0x65,0x6e,0x73,0x65,0x73,0x2f,0x3e,0x2e,0xa,0x20,0x2a,0x2f,0xa,
  0xa,0x69,0x6d,0x70,0x6f,0x72,0x74,0x20,0x51,0x74,0x51,0x75,0x69,0x63,0x6b,0x20,
  0x32,0x2e,0x30,0xa,0x69,0x6d,0x70,0x6f,0x72,0x74,0x20,0x53,0x61,0x69,0x6c,0x66,
  0x69,0x73,0x68,0x2e,0x53,0x69,0x6c,0x69,0x63,0x61,0x20,0x31,0x2e,0x30,0xa,0xa,
  0x49,0x74,0x65,0x6d,0x20,0x7b,0xa,0x20,0x20,0x20,0x20,0x69,0x64,0x3a,0x20,0x69,
  0x74,0x65,0x6d,0xa,0x20,0x20,0x20,0x20,0x68,0x65,0x69,0x67,0x68,0x74,0x3a,0x20,
  0x69,0x6d,0x61,0x67,0x65,0x2e,0x68,0x65,0x69,0x67,0x68,0x74,0x2a,0x28,0x31,0x20,
  0x2b,0x20,0x70,0x61,0x64,0x64,0x69,0x6e,0x67,0x29,0xa,0x20,0x20,0x20,0x20,0x77,
  0x69,0x64,0x74,0x68,0x3a,0x20,0x69,0x6d,0x61,0x67,0x65,0x2e,0x77,0x69,0x64,0x74,
  0x68,0x2a,0x28,0x31,0x20,0x2b,0x20,0x70,0x61,0x64,0x64,0x69,0x6e,0x67,0x29,0xa,
  0xa,0x20,0x20,0x20,0x20,0x70,0x72,0x6f,0x70,0x65,0x72,0x74,0x79,0x20,0x62,0x6f,
  0x6f,0x6c,0x20,0x20,0x20,0x69,0x63,0x6f,0x6e,0x43,0x6f,0x6c,0x6f,0x72,0x69,0x7a,
  0x65,0x3a,0x20,0x74,0x72,0x75,0x65,0x20,0x2f,0x2f,0x20,0x66,0x6f,0x72,0x20,0x63,
  0x6f,0x6d,0x70,0x61,0x74,0x69,0x62,0x69,0x6c,0x69,0x74,0x79,0x2c,0x20,0x6e,0x6f,
  0x74,0x20,0x75,0x73,0x65,0x64,0xa,0x20,0x20,0x20,0x20,0x70,0x72,0x6f,0x70,0x65,
  0x72,0x74,0x79,0x20,0x69,0x6e,0x74,0x20,0x20,0x20,0x20,0x69,0x63,0x6f,0x6e,0x48,
  0x65,0x69,0x67,0x68,0x74,0x3a,0x20,0x30,0xa,0x20,0x20,0x20,0x20,0x70,0x72,0x6f,
  0x70,0x65,0x72,0x74,0x79,0x20,0x73,0x74,0x72,0x69,0x6e,0x67,0x20,0x69,0x63,0x6f,
  0x6e,0x4e,0x61,0x6d,0x65,0xa,0x20,0x20,0x20,0x20,0x70,0x72,0x6f,0x70,0x65,0x72,
  0x74,0x79,0x20,0x72,0x65,0x61,0x6c,0x20,0x20,0x20,0x69,0x63,0x6f,0x6e,0x4f,0x70,
  0x61,0x63,0x69,0x74,0x79,0x3a,0x20,0x31,0x2e,0x30,0xa,0x20,0x20,0x20,0x20,0x70,
  0x72,0x6f,0x70,0x65,0x72,0x74,0x79,0x20,0x61,0x6c,0x69,0x61,0x73,0x20,0x20,0x69,
  0x63,0x6f,0x6e,0x52,0x6f,0x74,0x61,0x74,0x69,0x6f,0x6e,0x3a,0x20,0x69,0x6d,0x61,
  0x67,0x65,0x2e,0x72,0x6f,0x74,0x61,0x74,0x69,0x6f,0x6e,0xa,0x20,0x20,0x20,0x20,
  0x70,0x72,0x6f,0x70,0x65,0x72,0x74,0x79,0x20,0x73,0x74,0x72,0x69,0x6e,0x67,0x20,
  0x69,0x63,0x6f,0x6e,0x53,0x6f,0x75,0x72,0x63,0x65,0xa,0x20,0x20,0x20,0x20,0x70,
  0x72,0x6f,0x70,0x65,0x72,0x74,0x79,0x20,0x69,0x6e,0x74,0x20,0x20,0x20,0x20,0x69,
  0x63,0x6f,0x6e,0x57,0x69,0x64,0x74,0x68,0x3a,0x20,0x30,0xa,0x20,0x20,0x20,0x20,
  0x70,0x72,0x6f,0x70,0x65,0x72,0x74,0x79,0x20,0x72,0x65,0x61,0x6c,0x20,0x20,0x20,
  0x70,0x61,0x64,0x64,0x69,0x6e,0x67,0x3a,0x20,0x30,0x2e,0x32,0xa,0xa,0x20,0x20,
  0x20,0x20,0x73,0x69,0x67,0x6e,0x61,0x6c,0x20,0x63,0x6c,0x69,0x63,0x6b,0x65,0x64,
  0xa,0xa,0x20,0x20,0x20,0x20,0x49,0x6d,0x61,0x67,0x65,0x20,0x7b,0xa,0x20,0x20,
  0x20,0x20,0x20,0x20,0x20,0x20,0x69,0x64,0x3a,0x20,0x69,0x6d,0x61,0x67,0x65,0xa,
  0x20,0x20,0x20,0x20,0x20,0x20,0x20,0x20,0x61,0x6e,0x63,0x68,0x6f,0x72,0x73,0x2e,
  0x63,0x65,0x6e,0x74,0x65,0x72,0x49,0x6e,0x3a,0x20,0x70,0x61,0x72,0x65,0x6e,0x74,
  0xa,0x20,0x20,0x20,0x20,0x20,0x20,0x20,0x20,0x73,0x6f,0x75,0x72,0x63,0x65,0x3a,
  0x20,0x69,0x63,0x6f,0x6e,0x4e,0x61,0x6d,0x65,0x20,0x7c,0x7c,0x20,0x69,0x63,0x6f,
  0x6e,0x53,0x6f,0x75,0x72,0x63,0x65,0xa,0x20,0x20,0x20,0x20,0x20,0x20,0x20,0x20,
  0x73,0x6f,0x75,0x72,0x63,0x65,0x53,0x69,0x7a,0x65,0x2e,0x68,0x65,0x69,0x67,0x68,
  0x74,0x3a,0x20,0x69,0x63,0x6f,0x6e,0x48,0x65,0x69,0x67,0x68,0x74,0xa,0x20,0x20,
  0x20,0x20,0x20,0x20,0x20,0x20,0x73,0x6f,0x75,0x72,0x63,0x65,0x53,0x69,0x7a,0x65,
  0x2e,0x77,0x69,0x64,0x74,0x68,0x3a,0x20,0x69,0x63,0x6f,0x6e,0x57,0x69,0x64,0x74,
  0x68,0xa,0x20,0x20,0x20,0x20,0x7d,0xa,0xa,0x20,0x20,0x20,0x20,0x52,0x65,0x63,
  0x74,0x61,0x6e,0x67,0x6c,0x65,0x20,0x7b,0xa,0x20,0x20,0x20,0x20,0x20,0x20,0x20,
  0x20,0x61,0x6e,0x63,0x68,0x6f,0x72,0x73,0x2e,0x66,0x69,0x6c,0x6c,0x3a,0x20,0x70,
  0x61,0x72,0x65,0x6e,0x74,0xa,0x20,0x20,0x20,0x20,0x20,0x20,0x20,0x20,0x63,0x6f,
  0x6c,0x6f,0x72,0x3a,0x20,0x6d,0x6f,0x75,0x73,0x65,0x2e,0x70,0x72,0x65,0x73,0x73,
  0x65,0x64,0x20,0x3f,0x20,0x73,0x74,0x79,0x6c,0x65,0x72,0x2e,0x74,0x68,0x65,0x6d,
  0x65,0x50,0x72,0x69,0x6d,0x61,0x72,0x79,0x43,0x6f,0x6c,0x6f,0x72,0x20,0x3a,0x20,
  0x22,0x74,0x72,0x61,0x6e,0x73,0x70,0x61,0x72,0x65,0x6e,0x74,0x22,0xa,0x20,0x20,
  0x20,0x20,0x20,0x20,0x20,0x20,0x6f,0x70,0x61,0x63,0x69,0x74,0x79,0x3a,0x20,0x30,
  0x2e,0x32,0xa,0x20,0x20,0x20,0x20,0x7d,0xa,0xa,0x20,0x20,0x20,0x20,0x4d,0x6f,
  0x75,0x73,0x65,0x41,0x72,0x65,0x61,0x20,0x7b,0xa,0x20,0x20,0x20,0x20,0x20,0x20,
  0x20,0x20,0x69,0x64,0x3a,0x20,0x6d,0x6f,0x75,0x73,0x65,0xa,0x20,0x20,0x20,0x20,
  0x20,0x20,0x20,0x20,0x61,0x6e,0x63,0x68,0x6f,0x72,0x73,0x2e,0x66,0x69,0x6c,0x6c,
  0x3a,0x20,0x70,0x61,0x72,0x65,0x6e,0x74,0xa,0x20,0x20,0x20,0x20,0x20,0x20,0x20,
  0x20,0x6f,0x6e,0x43,0x6c,0x69,0x63,0x6b,0x65,0x64,0x3a,0x20,0x69,0x74,0x65,0x6d,
  0x2e,0x63,0x6c,0x69,0x63,0x6b,0x65,0x64,0x28,0x29,0xa,0x20,0x20,0x20,0x20,0x7d,
  0xa,0x7d,0xa,
    // /home/oles/sailfish/app-sources/harbour-amazfish/ui/qml/components/platform.silica/SearchFieldPL.qml
  0x0,0x0,0x3,0xa3,
  0x2f,
  0x2a,0x20,0x2d,0x2a,0x2d,0x20,0x63,0x6f,0x64,0x69,0x6e,0x67,0x3a,0x20,0x75,0x74,
  0x66,0x2d,0x38,0x2d,0x75,0x6e,0x69,0x78,0x20,0x2d,0x2a,0x2d,0xa,0x20,0x2a,0xa,
  0x20,0x2a,0x20,0x43,0x6f,0x70,0x79,0x72,0x69,0x67,0x68,0x74,0x20,0x28,0x43,0x29,
  0x20,0x32,0x30,0x31,0x38,0x20,0x52,0x69,0x6e,0x69,0x67,0x75,0x73,0xa,0x20,0x2a,
  0xa,0x20,0x2a,0x20,0x54,0x68,0x69,0x73,0x20,0x70,0x72,0x6f,0x67,0x72,0x61,0x6d,
  0x20,0x69,0x73,0x20,0x66,0x72,0x65,0x65,0x20,0x73,0x6f,0x66,0x74,0x77,0x61,0x72,
  0x65,0x3a,0x20,0x79,0x6f,0x75,0x20,0x63,0x61,0x6e,0x20,0x72,0x65,0x64,0x69,0x73,
  0x74,0x72,0x69,0x62,0x75,0x74,0x65,0x20,0x69,0x74,0x20,0x61,0x6e,0x64,0x2f,0x6f,
  0x72,0x20,0x6d,0x6f,0x64,0x69,0x66,0x79,0xa,0x20,0x2a,0x20,0x69,0x74,0x20,0x75,
  0x6e,0x64,0x65,0x72,0x20,0x74,0x68,0x65,0x20,0x74,0x65,0x72,0x6d,0x73,0x20,0x6f,
  0x66,0x20,0x74,0x68,0x65,0x20,0x47,0x4e,0x55,0x20,0x47,0x65,0x6e,0x65,0x72,0x61,
  0x6c,0x20,0x50,0x75,0x62,0x6c,0x69,0x63,0x20,0x4c,0x69,0x63,0x65,0x6e,0x73,0x65,
  0x20,0x61,0x73,0x20,0x70,0x75,0x62,0x6c,0x69,0x73,0x68,0x65,0x64,0x20,0x62,0x79,
  0xa,0x20,0x2a,0x20,0x74,0x68,0x65,0x20,0x46,0x72,0x65,0x65,0x20,0x53,0x6f,0x66,
  0x74,0x77,0x61,0x72,0x65,0x20,0x46,0x6f,0x75,0x6e,0x64,0x61,0x74,0x69,0x6f,0x6e,
  0x2c,0x20,0x65,0x69,0x74,0x68,0x65,0x72,0x20,0x76,0x65,0x72,0x73,0x69,0x6f,0x6e,
  0x20,0x33,0x20,0x6f,0x66,0x20,0x74,0x68,0x65,0x20,0x4c,0x69,0x63,0x65,0x6e,0x73,
  0x65,0x2c,0x20,0x6f,0x72,0xa,0x20,0x2a,0x20,0x28,0x61,0x74,0x20,0x79,0x6f,0x75,
  0x72,0x20,0x6f,0x70,0x74,0x69,0x6f,0x6e,0x29,0x20,0x61,0x6e,0x79,0x20,0x6c,0x61,
  0x74,0x65,0x72,0x20,0x76,0x65,0x72,0x73,0x69,0x6f,0x6e,0x2e,0xa,0x20,0x2a,0xa,
  0x20,0x2a,0x20,0x54,0x68,0x69,0x73,0x20,0x70,0x72,0x6f,0x67,0x72,0x61,0x6d,0x20,
  0x69,0x73,0x20,0x64,0x69,0x73,0x74,0x72,0x69,0x62,0x75,0x74,0x65,0x64,0x20,0x69,
  0x6e,0x20,0x74,0x68,0x65,0x20,0x68,0x6f,0x70,0x65,0x20,0x74,0x68,0x61,0x74,0x20,
  0x69,0x74,0x20,0x77,0x69,0x6c,0x6c,0x20,0x62,0x65,0x20,0x75,0x73,0x65,0x66,0x75,
  0x6c,0x2c,0xa,0x20,0x2a,0x20,0x62,0x75,0x74,0x20,0x57,0x49,0x54,0x48,0x4f,0x55,
  0x54,0x20,0x41,0x4e,0x59,0x20,0x57,0x41,0x52,0x52,0x41,0x4e,0x54,0x59,0x3b,0x20,
  0x77,0x69,0x74,0x68,0x6f,0x75,0x74,0x20,0x65,0x76,0x65,0x6e,0x20,0x74,0x68,0x65,
  0x20,0x69,0x6d,0x70,0x6c,0x69,0x65,0x64,0x20,0x77,0x61,0x72,0x72,0x61,0x6e,0x74,
  0x79,0x20,0x6f,0x66,0xa,0x20,0x2a,0x20,0x4d,0x45,0x52,0x43,0x48,0x41,0x4e,0x54,
  0x41,0x42,0x49,0x4c,0x49,0x54,0x59,0x20,0x6f,0x72,0x20,0x46,0x49,0x54,0x4e,0x45,
  0x53,0x53,0x20,0x46,0x4f,0x52,0x20,0x41,0x20,0x50,0x41,0x52,0x54,0x49,0x43,0x55,
  0x4c,0x41,0x52,0x20,0x50,0x55,0x52,0x50,0x4f,0x53,0x45,0x2e,0x20,0x20,0x53,0x65,
  0x65,0x20,0x74,0x68,0x65,0xa,0x20,0x2a,0x20,0x47,0x4e,0x55,0x20,0x47,0x65,0x6e,
  0x65,0x72,0x61,0x6c,0x20,0x50,0x75,0x62,0x6c,0x69,0x63,0x20,0x4c,0x69,0x63,0x65,
  0x6e,0x73,0x65,0x20,0x66,0x6f,0x72,0x20,0x6d,0x6f,0x72,0x65,0x20,0x64,0x65,0x74,
  0x61,0x69,0x6c,0x73,0x2e,0xa,0x20,0x2a,0xa,0x20,0x2a,0x20,0x59,0x6f,0x75,0x20,
  0x73,0x68,0x6f,0x75,0x6c,0x64,0x20,0x68,0x61,0x76,0x65,0x20,0x72,0x65,0x63,0x65,
  0x69,0x76,0x65,0x64,0x20,0x61,0x20,0x63,0x6f,0x70,0x79,0x20,0x6f,0x66,0x20,0x74,
  0x68,0x65,0x20,0x47,0x4e,0x55,0x20,0x47,0x65,0x6e,0x65,0x72,0x61,0x6c,0x20,0x50,
  0x75,0x62,0x6c,0x69,0x63,0x20,0x4c,0x69,0x63,0x65,0x6e,0x73,0x65,0xa,0x20,0x2a,
  0x20,0x61,0x6c,0x6f,0x6e,0x67,0x20,0x77,0x69,0x74,0x68,0x20,0x74,0x68,0x69,0x73,
  0x20,0x70,0x72,0x6f,0x67,0x72,0x61,0x6d,0x2e,0x20,0x20,0x49,0x66,0x20,0x6e,0x6f,
  0x74,0x2c,0x20,0x73,0x65,0x65,0x20,0x3c,0x68,0x74,0x74,0x70,0x3a,0x2f,0x2f,0x77,
  0x77,0x77,0x2e,0x67,0x6e,0x75,0x2e,0x6f,0x72,0x67,0x2f,0x6c,0x69,0x63,0x65,0x6e,
  0x73,0x65,0x73,0x2f,0x3e,0x2e,0xa,0x20,0x2a,0x2f,0xa,0xa,0x69,0x6d,0x70,0x6f,
  0x72,0x74,0x20,0x51,0x74,0x51,0x75,0x69,0x63,0x6b,0x20,0x32,0x2e,0x30,0xa,0x69,
  0x6d,0x70,0x6f,0x72,0x74,0x20,0x53,0x61,0x69,0x6c,0x66,0x69,0x73,0x68,0x2e,0x53,
  0x69,0x6c,0x69,0x63,0x61,0x20,0x31,0x2e,0x30,0xa,0xa,0x53,0x65,0x61,0x72,0x63,
  0x68,0x46,0x69,0x65,0x6c,0x64,0x20,0x7b,0xa,0x20,0x20,0x20,0x20,0x45,0x6e,0x74,
  0x65,0x72,0x4b,0x65,0x79,0x2e,0x65,0x6e,0x61,0x62,0x6c,0x65,0x64,0x3a,0x20,0x74,
  0x65,0x78,0x74,0x2e,0x6c,0x65,0x6e,0x67,0x74,0x68,0x20,0x3e,0x20,0x30,0xa,0x20,
  0x20,0x20,0x20,0x45,0x6e,0x74,0x65,0x72,0x4b,0x65,0x79,0x2e,0x69,0x63,0x6f,0x6e,
  0x53,0x6f,0x75,0x72,0x63,0x65,0x3a,0x20,0x22,0x69,0x6d,0x61,0x67,0x65,0x3a,0x2f,
  0x2f,0x74,0x68,0x65,0x6d,0x65,0x2f,0x69,0x63,0x6f,0x6e,0x2d,0x6d,0x2d,0x65,0x6e,
  0x74,0x65,0x72,0x2d,0x61,0x63,0x63,0x65,0x70,0x74,0x22,0xa,0x20,0x20,0x20,0x20,
  0x45,0x6e,0x74,0x65,0x72,0x4b,0x65,0x79,0x2e,0x6f,0x6e,0x43,0x6c,0x69,0x63,0x6b,
  0x65,0x64,0x3a,0x20,0x73,0x65,0x61,0x72,0x63,0x68,0x28,0x29,0xa,0xa,0x20,0x20,
  0x20,0x20,0x73,0x69,0x67,0x6e,0x61,0x6c,0x20,0x73,0x65,0x61,0x72,0x63,0x68,0xa,
  0x7d,0xa,
  
};

static const unsigned char qt_resource_name[] = {
  // qml
  0x0,0x3,
  0x0,0x0,0x78,0x3c,
  0x0,0x71,
  0x0,0x6d,0x0,0x6c,
    // components
  0x0,0xa,
  0x7,0x6a,0x9,0x33,
  0x0,0x63,
  0x0,0x6f,0x0,0x6d,0x0,0x70,0x0,0x6f,0x0,0x6e,0x0,0x65,0x0,0x6e,0x0,0x74,0x0,0x73,
    // PAITile.qml
  0x0,0xb,
  0x0,0x90,0xed,0x5c,
  0x0,0x50,
  0x0,0x41,0x0,0x49,0x0,0x54,0x0,0x69,0x0,0x6c,0x0,0x65,0x0,0x2e,0x0,0x71,0x0,0x6d,0x0,0x6c,
    // Translation.js
  0x0,0xe,
  0xc,0x11,0x46,0xf3,
  0x0,0x54,
  0x0,0x72,0x0,0x61,0x0,0x6e,0x0,0x73,0x0,0x6c,0x0,0x61,0x0,0x74,0x0,0x69,0x0,0x6f,0x0,0x6e,0x0,0x2e,0x0,0x6a,0x0,0x73,
    // DateNavigation.qml
  0x0,0x12,
  0xf,0x9c,0x50,0x7c,
  0x0,0x44,
  0x0,0x61,0x0,0x74,0x0,0x65,0x0,0x4e,0x0,0x61,0x0,0x76,0x0,0x69,0x0,0x67,0x0,0x61,0x0,0x74,0x0,0x69,0x0,0x6f,0x0,0x6e,0x0,0x2e,0x0,0x71,0x0,0x6d,
  0x0,0x6c,
    // DraggableItem.qml
  0x0,0x11,
  0x1,0x64,0x7,0x5c,
  0x0,0x44,
  0x0,0x72,0x0,0x61,0x0,0x67,0x0,0x67,0x0,0x61,0x0,0x62,0x0,0x6c,0x0,0x65,0x0,0x49,0x0,0x74,0x0,0x65,0x0,0x6d,0x0,0x2e,0x0,0x71,0x0,0x6d,0x0,0x6c,
  
    // Alarm.qml
  0x0,0x9,
  0x8,0x90,0xc8,0x7c,
  0x0,0x41,
  0x0,0x6c,0x0,0x61,0x0,0x72,0x0,0x6d,0x0,0x2e,0x0,0x71,0x0,0x6d,0x0,0x6c,
    // platform
  0x0,0x8,
  0x2,0x8a,0xd8,0x6d,
  0x0,0x70,
  0x0,0x6c,0x0,0x61,0x0,0x74,0x0,0x66,0x0,0x6f,0x0,0x72,0x0,0x6d,
    // Graph.qml
  0x0,0x9,
  0x8,0x6b,0xcd,0x3c,
  0x0,0x47,
  0x0,0x72,0x0,0x61,0x0,0x70,0x0,0x68,0x0,0x2e,0x0,0x71,0x0,0x6d,0x0,0x6c,
    // DraggableItemDropArea.qml
  0x0,0x19,
  0x3,0x68,0x5b,0x5c,
  0x0,0x44,
  0x0,0x72,0x0,0x61,0x0,0x67,0x0,0x67,0x0,0x61,0x0,0x62,0x0,0x6c,0x0,0x65,0x0,0x49,0x0,0x74,0x0,0x65,0x0,0x6d,0x0,0x44,0x0,0x72,0x0,0x6f,0x0,0x70,
  0x0,0x41,0x0,0x72,0x0,0x65,0x0,0x61,0x0,0x2e,0x0,0x71,0x0,0x6d,0x0,0x6c,
    // StepsTile.qml
  0x0,0xd,
  0xd,0x80,0xa8,0x1c,
  0x0,0x53,
  0x0,0x74,0x0,0x65,0x0,0x70,0x0,0x73,0x0,0x54,0x0,0x69,0x0,0x6c,0x0,0x65,0x0,0x2e,0x0,0x71,0x0,0x6d,0x0,0x6c,
    // Tile.qml
  0x0,0x8,
  0x0,0x28,0x5f,0x5c,
  0x0,0x54,
  0x0,0x69,0x0,0x6c,0x0,0x65,0x0,0x2e,0x0,0x71,0x0,0x6d,0x0,0x6c,
    // TruncationModes.qml
  0x0,0x13,
  0x1,0x3b,0x14,0x7c,
  0x0,0x54,
  0x0,0x72,0x0,0x75,0x0,0x6e,0x0,0x63,0x0,0x61,0x0,0x74,0x0,0x69,0x0,0x6f,0x0,0x6e,0x0,0x4d,0x0,0x6f,0x0,0x64,0x0,0x65,0x0,0x73,0x0,0x2e,0x0,0x71,
  0x0,0x6d,0x0,0x6c,
    // Axis.qml
  0x0,0x8,
  0xf,0x6,0x61,0x3c,
  0x0,0x41,
  0x0,0x78,0x0,0x69,0x0,0x73,0x0,0x2e,0x0,0x71,0x0,0x6d,0x0,0x6c,
    // DeviceListModel.qml
  0x0,0x13,
  0x7,0x99,0x94,0x5c,
  0x0,0x44,
  0x0,0x65,0x0,0x76,0x0,0x69,0x0,0x63,0x0,0x65,0x0,0x4c,0x0,0x69,0x0,0x73,0x0,0x74,0x0,0x4d,0x0,0x6f,0x0,0x64,0x0,0x65,0x0,0x6c,0x0,0x2e,0x0,0x71,
  0x0,0x6d,0x0,0x6c,
    // GraphData.qml
  0x0,0xd,
  0x5,0xb4,0x90,0x5c,
  0x0,0x47,
  0x0,0x72,0x0,0x61,0x0,0x70,0x0,0x68,0x0,0x44,0x0,0x61,0x0,0x74,0x0,0x61,0x0,0x2e,0x0,0x71,0x0,0x6d,0x0,0x6c,
    // DownloadDataMenuItem.qml
  0x0,0x18,
  0x6,0x9d,0x6b,0x5c,
  0x0,0x44,
  0x0,0x6f,0x0,0x77,0x0,0x6e,0x0,0x6c,0x0,0x6f,0x0,0x61,0x0,0x64,0x0,0x44,0x0,0x61,0x0,0x74,0x0,0x61,0x0,0x4d,0x0,0x65,0x0,0x6e,0x0,0x75,0x0,0x49,
  0x0,0x74,0x0,0x65,0x0,0x6d,0x0,0x2e,0x0,0x71,0x0,0x6d,0x0,0x6c,
    // PercentCircle.qml
  0x0,0x11,
  0x3,0xce,0x37,0x5c,
  0x0,0x50,
  0x0,0x65,0x0,0x72,0x0,0x63,0x0,0x65,0x0,0x6e,0x0,0x74,0x0,0x43,0x0,0x69,0x0,0x72,0x0,0x63,0x0,0x6c,0x0,0x65,0x0,0x2e,0x0,0x71,0x0,0x6d,0x0,0x6c,
  
    // ButtonPL.qml
  0x0,0xc,
  0xa,0x76,0x22,0xfc,
  0x0,0x42,
  0x0,0x75,0x0,0x74,0x0,0x74,0x0,0x6f,0x0,0x6e,0x0,0x50,0x0,0x4c,0x0,0x2e,0x0,0x71,0x0,0x6d,0x0,0x6c,
    // PagePL.qml
  0x0,0xa,
  0xa,0x45,0x9b,0x9c,
  0x0,0x50,
  0x0,0x61,0x0,0x67,0x0,0x65,0x0,0x50,0x0,0x4c,0x0,0x2e,0x0,0x71,0x0,0x6d,0x0,0x6c,
    // PageMenuItemPL.qml
  0x0,0x12,
  0x7,0x7c,0x2d,0xfc,
  0x0,0x50,
  0x0,0x61,0x0,0x67,0x0,0x65,0x0,0x4d,0x0,0x65,0x0,0x6e,0x0,0x75,0x0,0x49,0x0,0x74,0x0,0x65,0x0,0x6d,0x0,0x50,0x0,0x4c,0x0,0x2e,0x0,0x71,0x0,0x6d,
  0x0,0x6c,
    // TextAreaPL.qml
  0x0,0xe,
  0xf,0xbe,0x53,0xfc,
  0x0,0x54,
  0x0,0x65,0x0,0x78,0x0,0x74,0x0,0x41,0x0,0x72,0x0,0x65,0x0,0x61,0x0,0x50,0x0,0x4c,0x0,0x2e,0x0,0x71,0x0,0x6d,0x0,0x6c,
    // ExpandingSectionPL.qml
  0x0,0x16,
  0x1,0x34,0x71,0x1c,
  0x0,0x45,
  0x0,0x78,0x0,0x70,0x0,0x61,0x0,0x6e,0x0,0x64,0x0,0x69,0x0,0x6e,0x0,0x67,0x0,0x53,0x0,0x65,0x0,0x63,0x0,0x74,0x0,0x69,0x0,0x6f,0x0,0x6e,0x0,0x50,
  0x0,0x4c,0x0,0x2e,0x0,0x71,0x0,0x6d,0x0,0x6c,
    // StackPL.qml
  0x0,0xb,
  0x0,0xfa,0x1b,0x7c,
  0x0,0x53,
  0x0,0x74,0x0,0x61,0x0,0x63,0x0,0x6b,0x0,0x50,0x0,0x4c,0x0,0x2e,0x0,0x71,0x0,0x6d,0x0,0x6c,
    // FileSelectorPL.qml
  0x0,0x12,
  0xc,0x58,0xac,0xbc,
  0x0,0x46,
  0x0,0x69,0x0,0x6c,0x0,0x65,0x0,0x53,0x0,0x65,0x0,0x6c,0x0,0x65,0x0,0x63,0x0,0x74,0x0,0x6f,0x0,0x72,0x0,0x50,0x0,0x4c,0x0,0x2e,0x0,0x71,0x0,0x6d,
  0x0,0x6c,
    // LabelPL.qml
  0x0,0xb,
  0x1,0xeb,0xa9,0xbc,
  0x0,0x4c,
  0x0,0x61,0x0,0x62,0x0,0x65,0x0,0x6c,0x0,0x50,0x0,0x4c,0x0,0x2e,0x0,0x71,0x0,0x6d,0x0,0x6c,
    // ClipboardPL.qml
  0x0,0xf,
  0x9,0x9c,0xd1,0xfc,
  0x0,0x43,
  0x0,0x6c,0x0,0x69,0x0,0x70,0x0,0x62,0x0,0x6f,0x0,0x61,0x0,0x72,0x0,0x64,0x0,0x50,0x0,0x4c,0x0,0x2e,0x0,0x71,0x0,0x6d,0x0,0x6c,
    // MenuDrawerSubmenuItemPL.qml
  0x0,0x1b,
  0xf,0xc8,0xdf,0x7c,
  0x0,0x4d,
  0x0,0x65,0x0,0x6e,0x0,0x75,0x0,0x44,0x0,0x72,0x0,0x61,0x0,0x77,0x0,0x65,0x0,0x72,0x0,0x53,0x0,0x75,0x0,0x62,0x0,0x6d,0x0,0x65,0x0,0x6e,0x0,0x75,
  0x0,0x49,0x0,0x74,0x0,0x65,0x0,0x6d,0x0,0x50,0x0,0x4c,0x0,0x2e,0x0,0x71,0x0,0x6d,0x0,0x6c,
    // ContextMenuPL.qml
  0x0,0x11,
  0x2,0x94,0xb2,0x3c,
  0x0,0x43,
  0x0,0x6f,0x0,0x6e,0x0,0x74,0x0,0x65,0x0,0x78,0x0,0x74,0x0,0x4d,0x0,0x65,0x0,0x6e,0x0,0x75,0x0,0x50,0x0,0x4c,0x0,0x2e,0x0,0x71,0x0,0x6d,0x0,0x6c,
  
    // MenuDrawerPL.qml
  0x0,0x10,
  0x4,0x2a,0xbe,0xdc,
  0x0,0x4d,
  0x0,0x65,0x0,0x6e,0x0,0x75,0x0,0x44,0x0,0x72,0x0,0x61,0x0,0x77,0x0,0x65,0x0,0x72,0x0,0x50,0x0,0x4c,0x0,0x2e,0x0,0x71,0x0,0x6d,0x0,0x6c,
    // TextFieldPL.qml
  0x0,0xf,
  0x6,0x57,0xf7,0x5c,
  0x0,0x54,
  0x0,0x65,0x0,0x78,0x0,0x74,0x0,0x46,0x0,0x69,0x0,0x65,0x0,0x6c,0x0,0x64,0x0,0x50,0x0,0x4c,0x0,0x2e,0x0,0x71,0x0,0x6d,0x0,0x6c,
    // ComboBoxPL.qml
  0x0,0xe,
  0x1,0x3d,0x38,0x7c,
  0x0,0x43,
  0x0,0x6f,0x0,0x6d,0x0,0x62,0x0,0x6f,0x0,0x42,0x0,0x6f,0x0,0x78,0x0,0x50,0x0,0x4c,0x0,0x2e,0x0,0x71,0x0,0x6d,0x0,0x6c,
    // SliderPL.qml
  0x0,0xc,
  0xc,0xa,0xa5,0xbc,
  0x0,0x53,
  0x0,0x6c,0x0,0x69,0x0,0x64,0x0,0x65,0x0,0x72,0x0,0x50,0x0,0x4c,0x0,0x2e,0x0,0x71,0x0,0x6d,0x0,0x6c,
    // ExpandingSectionGroupPL.qml
  0x0,0x1b,
  0x7,0x5d,0x1e,0x9c,
  0x0,0x45,
  0x0,0x78,0x0,0x70,0x0,0x61,0x0,0x6e,0x0,0x64,0x0,0x69,0x0,0x6e,0x0,0x67,0x0,0x53,0x0,0x65,0x0,0x63,0x0,0x74,0x0,0x69,0x0,0x6f,0x0,0x6e,0x0,0x47,
  0x0,0x72,0x0,0x6f,0x0,0x75,0x0,0x70,0x0,0x50,0x0,0x4c,0x0,0x2e,0x0,0x71,0x0,0x6d,0x0,0x6c,
    // PopupPL.qml
  0x0,0xb,
  0x5,0xe1,0x9b,0xbc,
  0x0,0x50,
  0x0,0x6f,0x0,0x70,0x0,0x75,0x0,0x70,0x0,0x50,0x0,0x4c,0x0,0x2e,0x0,0x71,0x0,0x6d,0x0,0x6c,
    // ListItemPL.qml
  0x0,0xe,
  0x3,0x1d,0x59,0xfc,
  0x0,0x4c,
  0x0,0x69,0x0,0x73,0x0,0x74,0x0,0x49,0x0,0x74,0x0,0x65,0x0,0x6d,0x0,0x50,0x0,0x4c,0x0,0x2e,0x0,0x71,0x0,0x6d,0x0,0x6c,
    // SectionHeaderPL.qml
  0x0,0x13,
  0x4,0x73,0x69,0xfc,
  0x0,0x53,
  0x0,0x65,0x0,0x63,0x0,0x74,0x0,0x69,0x0,0x6f,0x0,0x6e,0x0,0x48,0x0,0x65,0x0,0x61,0x0,0x64,0x0,0x65,0x0,0x72,0x0,0x50,0x0,0x4c,0x0,0x2e,0x0,0x71,
  0x0,0x6d,0x0,0x6c,
    // PageMenuPL.qml
  0x0,0xe,
  0x5,0xfb,0x35,0x1c,
  0x0,0x50,
  0x0,0x61,0x0,0x67,0x0,0x65,0x0,0x4d,0x0,0x65,0x0,0x6e,0x0,0x75,0x0,0x50,0x0,0x4c,0x0,0x2e,0x0,0x71,0x0,0x6d,0x0,0x6c,
    // ListViewPL.qml
  0x0,0xe,
  0xd,0x1c,0xdf,0x7c,
  0x0,0x4c,
  0x0,0x69,0x0,0x73,0x0,0x74,0x0,0x56,0x0,0x69,0x0,0x65,0x0,0x77,0x0,0x50,0x0,0x4c,0x0,0x2e,0x0,0x71,0x0,0x6d,0x0,0x6c,
    // DialogPL.qml
  0x0,0xc,
  0x5,0x10,0x52,0x9c,
  0x0,0x44,
  0x0,0x69,0x0,0x61,0x0,0x6c,0x0,0x6f,0x0,0x67,0x0,0x50,0x0,0x4c,0x0,0x2e,0x0,0x71,0x0,0x6d,0x0,0x6c,
    // DialogAutoPL.qml
  0x0,0x10,
  0x2,0xea,0xf3,0x5c,
  0x0,0x44,
  0x0,0x69,0x0,0x61,0x0,0x6c,0x0,0x6f,0x0,0x67,0x0,0x41,0x0,0x75,0x0,0x74,0x0,0x6f,0x0,0x50,0x0,0x4c,0x0,0x2e,0x0,0x71,0x0,0x6d,0x0,0x6c,
    // IconPL.qml
  0x0,0xa,
  0x3,0x46,0xa4,0xfc,
  0x0,0x49,
  0x0,0x63,0x0,0x6f,0x0,0x6e,0x0,0x50,0x0,0x4c,0x0,0x2e,0x0,0x71,0x0,0x6d,0x0,0x6c,
    // ApplicationWindowPL.qml
  0x0,0x17,
  0x7,0xee,0xca,0x1c,
  0x0,0x41,
  0x0,0x70,0x0,0x70,0x0,0x6c,0x0,0x69,0x0,0x63,0x0,0x61,0x0,0x74,0x0,0x69,0x0,0x6f,0x0,0x6e,0x0,0x57,0x0,0x69,0x0,0x6e,0x0,0x64,0x0,0x6f,0x0,0x77,
  0x0,0x50,0x0,0x4c,0x0,0x2e,0x0,0x71,0x0,0x6d,0x0,0x6c,
    // TimePickerDialogPL.qml
  0x0,0x16,
  0x8,0x84,0x58,0x5c,
  0x0,0x54,
  0x0,0x69,0x0,0x6d,0x0,0x65,0x0,0x50,0x0,0x69,0x0,0x63,0x0,0x6b,0x0,0x65,0x0,0x72,0x0,0x44,0x0,0x69,0x0,0x61,0x0,0x6c,0x0,0x6f,0x0,0x67,0x0,0x50,
  0x0,0x4c,0x0,0x2e,0x0,0x71,0x0,0x6d,0x0,0x6c,
    // RemorsePopupPL.qml
  0x0,0x12,
  0x0,0x30,0x85,0xfc,
  0x0,0x52,
  0x0,0x65,0x0,0x6d,0x0,0x6f,0x0,0x72,0x0,0x73,0x0,0x65,0x0,0x50,0x0,0x6f,0x0,0x70,0x0,0x75,0x0,0x70,0x0,0x50,0x0,0x4c,0x0,0x2e,0x0,0x71,0x0,0x6d,
  0x0,0x6c,
    // BusyIndicatorSmallPL.qml
  0x0,0x18,
  0xb,0xe0,0xd6,0xfc,
  0x0,0x42,
  0x0,0x75,0x0,0x73,0x0,0x79,0x0,0x49,0x0,0x6e,0x0,0x64,0x0,0x69,0x0,0x63,0x0,0x61,0x0,0x74,0x0,0x6f,0x0,0x72,0x0,0x53,0x0,0x6d,0x0,0x61,0x0,0x6c,
  0x0,0x6c,0x0,0x50,0x0,0x4c,0x0,0x2e,0x0,0x71,0x0,0x6d,0x0,0x6c,
    // DialogListPL.qml
  0x0,0x10,
  0xf,0xe5,0x8b,0x7c,
  0x0,0x44,
  0x0,0x69,0x0,0x61,0x0,0x6c,0x0,0x6f,0x0,0x67,0x0,0x4c,0x0,0x69,0x0,0x73,0x0,0x74,0x0,0x50,0x0,0x4c,0x0,0x2e,0x0,0x71,0x0,0x6d,0x0,0x6c,
    // ToolItemPL.qml
  0x0,0xe,
  0xe,0x8d,0x57,0xfc,
  0x0,0x54,
  0x0,0x6f,0x0,0x6f,0x0,0x6c,0x0,0x49,0x0,0x74,0x0,0x65,0x0,0x6d,0x0,0x50,0x0,0x4c,0x0,0x2e,0x0,0x71,0x0,0x6d,0x0,0x6c,
    // ValueButtonPL.qml
  0x0,0x11,
  0x1,0x4,0x30,0x9c,
  0x0,0x56,
  0x0,0x61,0x0,0x6c,0x0,0x75,0x0,0x65,0x0,0x42,0x0,0x75,0x0,0x74,0x0,0x74,0x0,0x6f,0x0,0x6e,0x0,0x50,0x0,0x4c,0x0,0x2e,0x0,0x71,0x0,0x6d,0x0,0x6c,
  
    // FormLayoutPL.qml
  0x0,0x10,
  0xd,0xd,0x83,0xfc,
  0x0,0x46,
  0x0,0x6f,0x0,0x72,0x0,0x6d,0x0,0x4c,0x0,0x61,0x0,0x79,0x0,0x6f,0x0,0x75,0x0,0x74,0x0,0x50,0x0,0x4c,0x0,0x2e,0x0,0x71,0x0,0x6d,0x0,0x6c,
    // MenuDrawerItemPL.qml
  0x0,0x14,
  0x8,0xa7,0x8a,0xfc,
  0x0,0x4d,
  0x0,0x65,0x0,0x6e,0x0,0x75,0x0,0x44,0x0,0x72,0x0,0x61,0x0,0x77,0x0,0x65,0x0,0x72,0x0,0x49,0x0,0x74,0x0,0x65,0x0,0x6d,0x0,0x50,0x0,0x4c,0x0,0x2e,
  0x0,0x71,0x0,0x6d,0x0,0x6c,
    // MenuDrawerSubmenuPL.qml
  0x0,0x17,
  0x3,0x80,0x7d,0xbc,
  0x0,0x4d,
  0x0,0x65,0x0,0x6e,0x0,0x75,0x0,0x44,0x0,0x72,0x0,0x61,0x0,0x77,0x0,0x65,0x0,0x72,0x0,0x53,0x0,0x75,0x0,0x62,0x0,0x6d,0x0,0x65,0x0,0x6e,0x0,0x75,
  0x0,0x50,0x0,0x4c,0x0,0x2e,0x0,0x71,0x0,0x6d,0x0,0x6c,
    // DatePickerDialogPL.qml
  0x0,0x16,
  0x8,0x8a,0x14,0xdc,
  0x0,0x44,
  0x0,0x61,0x0,0x74,0x0,0x65,0x0,0x50,0x0,0x69,0x0,0x63,0x0,0x6b,0x0,0x65,0x0,0x72,0x0,0x44,0x0,0x69,0x0,0x61,0x0,0x6c,0x0,0x6f,0x0,0x67,0x0,0x50,
  0x0,0x4c,0x0,0x2e,0x0,0x71,0x0,0x6d,0x0,0x6c,
    // PageListPL.qml
  0x0,0xe,
  0x6,0xfb,0x24,0xfc,
  0x0,0x50,
  0x0,0x61,0x0,0x67,0x0,0x65,0x0,0x4c,0x0,0x69,0x0,0x73,0x0,0x74,0x0,0x50,0x0,0x4c,0x0,0x2e,0x0,0x71,0x0,0x6d,0x0,0x6c,
    // ContextMenuItemPL.qml
  0x0,0x15,
  0x4,0x4a,0xf6,0xfc,
  0x0,0x43,
  0x0,0x6f,0x0,0x6e,0x0,0x74,0x0,0x65,0x0,0x78,0x0,0x74,0x0,0x4d,0x0,0x65,0x0,0x6e,0x0,0x75,0x0,0x49,0x0,0x74,0x0,0x65,0x0,0x6d,0x0,0x50,0x0,0x4c,
  0x0,0x2e,0x0,0x71,0x0,0x6d,0x0,0x6c,
    // Cover.qml
  0x0,0x9,
  0xc,0xc5,0xc4,0xfc,
  0x0,0x43,
  0x0,0x6f,0x0,0x76,0x0,0x65,0x0,0x72,0x0,0x2e,0x0,0x71,0x0,0x6d,0x0,0x6c,
    // PageEmptyPL.qml
  0x0,0xf,
  0x5,0x76,0x82,0xbc,
  0x0,0x50,
  0x0,0x61,0x0,0x67,0x0,0x65,0x0,0x45,0x0,0x6d,0x0,0x70,0x0,0x74,0x0,0x79,0x0,0x50,0x0,0x4c,0x0,0x2e,0x0,0x71,0x0,0x6d,0x0,0x6c,
    // TextSwitchPL.qml
  0x0,0x10,
  0xe,0x1d,0xf2,0xfc,
  0x0,0x54,
  0x0,0x65,0x0,0x78,0x0,0x74,0x0,0x53,0x0,0x77,0x0,0x69,0x0,0x74,0x0,0x63,0x0,0x68,0x0,0x50,0x0,0x4c,0x0,0x2e,0x0,0x71,0x0,0x6d,0x0,0x6c,
    // BusyIndicatorPL.qml
  0x0,0x13,
  0x5,0x97,0xc5,0x9c,
  0x0,0x42,
  0x0,0x75,0x0,0x73,0x0,0x79,0x0,0x49,0x0,0x6e,0x0,0x64,0x0,0x69,0x0,0x63,0x0,0x61,0x0,0x74,0x0,0x6f,0x0,0x72,0x0,0x50,0x0,0x4c,0x0,0x2e,0x0,0x71,
  0x0,0x6d,0x0,0x6c,
    // StylerPL.qml
  0x0,0xc,
  0xc,0x17,0x55,0xbc,
  0x0,0x53,
  0x0,0x74,0x0,0x79,0x0,0x6c,0x0,0x65,0x0,0x72,0x0,0x50,0x0,0x4c,0x0,0x2e,0x0,0x71,0x0,0x6d,0x0,0x6c,
    // IconButtonPL.qml
  0x0,0x10,
  0x6,0x65,0xcb,0x7c,
  0x0,0x49,
  0x0,0x63,0x0,0x6f,0x0,0x6e,0x0,0x42,0x0,0x75,0x0,0x74,0x0,0x74,0x0,0x6f,0x0,0x6e,0x0,0x50,0x0,0x4c,0x0,0x2e,0x0,0x71,0x0,0x6d,0x0,0x6c,
    // SearchFieldPL.qml
  0x0,0x11,
  0xb,0xb0,0x4e,0x5c,
  0x0,0x53,
  0x0,0x65,0x0,0x61,0x0,0x72,0x0,0x63,0x0,0x68,0x0,0x46,0x0,0x69,0x0,0x65,0x0,0x6c,0x0,0x64,0x0,0x50,0x0,0x4c,0x0,0x2e,0x0,0x71,0x0,0x6d,0x0,0x6c,
  
  
};

static const unsigned char qt_resource_struct[] = {
  // :
  0x0,0x0,0x0,0x0,0x0,0x2,0x0,0x0,0x0,0x1,0x0,0x0,0x0,0x1,
  // :/qml
  0x0,0x0,0x0,0x0,0x0,0x2,0x0,0x0,0x0,0x1,0x0,0x0,0x0,0x2,
  // :/qml/components
  0x0,0x0,0x0,0xc,0x0,0x2,0x0,0x0,0x0,0x10,0x0,0x0,0x0,0x3,
  // :/qml/components/Tile.qml
  0x0,0x0,0x1,0x54,0x0,0x0,0x0,0x0,0x0,0x1,0x0,0x0,0x3a,0x1c,
  // :/qml/components/PAITile.qml
  0x0,0x0,0x0,0x26,0x0,0x0,0x0,0x0,0x0,0x1,0x0,0x0,0x0,0x0,
  // :/qml/components/TruncationModes.qml
  0x0,0x0,0x1,0x6a,0x0,0x0,0x0,0x0,0x0,0x1,0x0,0x0,0x40,0xba,
  // :/qml/components/DraggableItem.qml
  0x0,0x0,0x0,0x8e,0x0,0x0,0x0,0x0,0x0,0x1,0x0,0x0,0x1d,0xb5,
  // :/qml/components/platform
  0x0,0x0,0x0,0xce,0x0,0x2,0x0,0x0,0x0,0x2c,0x0,0x0,0x0,0x13,
  // :/qml/components/DraggableItemDropArea.qml
  0x0,0x0,0x0,0xfc,0x0,0x0,0x0,0x0,0x0,0x1,0x0,0x0,0x31,0x30,
  // :/qml/components/PercentCircle.qml
  0x0,0x0,0x2,0x2e,0x0,0x0,0x0,0x0,0x0,0x1,0x0,0x0,0x4f,0xfd,
  // :/qml/components/GraphData.qml
  0x0,0x0,0x1,0xd8,0x0,0x1,0x0,0x0,0x0,0x1,0x0,0x0,0x44,0x9e,
  // :/qml/components/DownloadDataMenuItem.qml
  0x0,0x0,0x1,0xf8,0x0,0x0,0x0,0x0,0x0,0x1,0x0,0x0,0x4e,0xc4,
  // :/qml/components/DeviceListModel.qml
  0x0,0x0,0x1,0xac,0x0,0x1,0x0,0x0,0x0,0x1,0x0,0x0,0x42,0x26,
  // :/qml/components/Graph.qml
  0x0,0x0,0x0,0xe4,0x0,0x0,0x0,0x0,0x0,0x1,0x0,0x0,0x2f,0x25,
  // :/qml/components/Alarm.qml
  0x0,0x0,0x0,0xb6,0x0,0x1,0x0,0x0,0x0,0x1,0x0,0x0,0x2b,0x34,
  // :/qml/components/Translation.js
  0x0,0x0,0x0,0x42,0x0,0x1,0x0,0x0,0x0,0x1,0x0,0x0,0x9,0x2f,
  // :/qml/components/StepsTile.qml
  0x0,0x0,0x1,0x34,0x0,0x0,0x0,0x0,0x0,0x1,0x0,0x0,0x33,0x7a,
  // :/qml/components/Axis.qml
  0x0,0x0,0x1,0x96,0x0,0x0,0x0,0x0,0x0,0x1,0x0,0x0,0x41,0x6c,
  // :/qml/components/DateNavigation.qml
  0x0,0x0,0x0,0x64,0x0,0x0,0x0,0x0,0x0,0x1,0x0,0x0,0x18,0x1b,
  // :/qml/components/platform/RemorsePopupPL.qml
  0x0,0x0,0x6,0x2e,0x0,0x0,0x0,0x0,0x0,0x1,0x0,0x0,0xcd,0x36,
  // :/qml/components/platform/StackPL.qml
  0x0,0x0,0x3,0xc,0x0,0x0,0x0,0x0,0x0,0x1,0x0,0x0,0x6b,0x2a,
  // :/qml/components/platform/ValueButtonPL.qml
  0x0,0x0,0x6,0xd6,0x0,0x0,0x0,0x0,0x0,0x1,0x0,0x0,0xe3,0x1,
  // :/qml/components/platform/ExpandingSectionPL.qml
  0x0,0x0,0x2,0xda,0x0,0x0,0x0,0x0,0x0,0x1,0x0,0x0,0x68,0x15,
  // :/qml/components/platform/ComboBoxPL.qml
  0x0,0x0,0x4,0x40,0x0,0x0,0x0,0x0,0x0,0x1,0x0,0x0,0x92,0x98,
  // :/qml/components/platform/LabelPL.qml
  0x0,0x0,0x3,0x52,0x0,0x0,0x0,0x0,0x0,0x1,0x0,0x0,0x76,0x9f,
  // :/qml/components/platform/ContextMenuPL.qml
  0x0,0x0,0x3,0xce,0x0,0x0,0x0,0x0,0x0,0x1,0x0,0x0,0x81,0x22,
  // :/qml/components/platform/DialogAutoPL.qml
  0x0,0x0,0x5,0x88,0x0,0x0,0x0,0x0,0x0,0x1,0x0,0x0,0xb4,0x73,
  // :/qml/components/platform/ListItemPL.qml
  0x0,0x0,0x4,0xd8,0x0,0x0,0x0,0x0,0x0,0x1,0x0,0x0,0xa1,0xbd,
  // :/qml/components/platform/IconPL.qml
  0x0,0x0,0x5,0xae,0x0,0x0,0x0,0x0,0x0,0x1,0x0,0x0,0xb8,0x6,
  // :/qml/components/platform/MenuDrawerSubmenuPL.qml
  0x0,0x0,0x7,0x52,0x0,0x0,0x0,0x0,0x0,0x1,0x0,0x0,0xec,0x73,
  // :/qml/components/platform/MenuDrawerPL.qml
  0x0,0x0,0x3,0xf6,0x0,0x0,0x0,0x0,0x0,0x1,0x0,0x0,0x84,0x73,
  // :/qml/components/platform/ContextMenuItemPL.qml
  0x0,0x0,0x7,0xda,0x0,0x0,0x0,0x0,0x0,0x1,0x0,0x1,0x5,0xc6,
  // :/qml/components/platform/SectionHeaderPL.qml
  0x0,0x0,0x4,0xfa,0x0,0x0,0x0,0x0,0x0,0x1,0x0,0x0,0xa5,0x69,
  // :/qml/components/platform/DialogPL.qml
  0x0,0x0,0x5,0x6a,0x0,0x0,0x0,0x0,0x0,0x1,0x0,0x0,0xab,0xd2,
  // :/qml/components/platform/PageEmptyPL.qml
  0x0,0x0,0x8,0x22,0x0,0x0,0x0,0x0,0x0,0x1,0x0,0x1,0xf,0xf1,
  // :/qml/components/platform/BusyIndicatorPL.qml
  0x0,0x0,0x8,0x6c,0x0,0x0,0x0,0x0,0x0,0x1,0x0,0x1,0x18,0x62,
  // :/qml/components/platform/PopupPL.qml
  0x0,0x0,0x4,0xbc,0x0,0x0,0x0,0x0,0x0,0x1,0x0,0x0,0xa0,0x6c,
  // :/qml/components/platform/PageMenuPL.qml
  0x0,0x0,0x5,0x26,0x0,0x0,0x0,0x0,0x0,0x1,0x0,0x0,0xa8,0x7b,
  // :/qml/components/platform/TextFieldPL.qml
  0x0,0x0,0x4,0x1c,0x0,0x0,0x0,0x0,0x0,0x1,0x0,0x0,0x88,0x85,
  // :/qml/components/platform/IconButtonPL.qml
  0x0,0x0,0x8,0xb6,0x0,0x0,0x0,0x0,0x0,0x1,0x0,0x1,0x21,0x87,
  // :/qml/components/platform/PageListPL.qml
  0x0,0x0,0x7,0xb8,0x0,0x0,0x0,0x0,0x0,0x1,0x0,0x0,0xfa,0x3c,
  // :/qml/components/platform/ExpandingSectionGroupPL.qml
  0x0,0x0,0x4,0x80,0x0,0x0,0x0,0x0,0x0,0x1,0x0,0x0,0x9d,0x52,
  // :/qml/components/platform/PageMenuItemPL.qml
  0x0,0x0,0x2,0x8e,0x0,0x0,0x0,0x0,0x0,0x1,0x0,0x0,0x61,0x33,
  // :/qml/components/platform/ApplicationWindowPL.qml
  0x0,0x0,0x5,0xc8,0x0,0x0,0x0,0x0,0x0,0x1,0x0,0x0,0xbc,0x49,
  // :/qml/components/platform/TimePickerDialogPL.qml
  0x0,0x0,0x5,0xfc,0x0,0x0,0x0,0x0,0x0,0x1,0x0,0x0,0xca,0x21,
  // :/qml/components/platform/DatePickerDialogPL.qml
  0x0,0x0,0x7,0x86,0x0,0x0,0x0,0x0,0x0,0x1,0x0,0x0,0xf7,0x27,
  // :/qml/components/platform/MenuDrawerItemPL.qml
  0x0,0x0,0x7,0x24,0x0,0x0,0x0,0x0,0x0,0x1,0x0,0x0,0xe9,0x19,
  // :/qml/components/platform/ClipboardPL.qml
  0x0,0x0,0x3,0x6e,0x0,0x0,0x0,0x0,0x0,0x1,0x0,0x0,0x7a,0xa6,
  // :/qml/components/platform/PagePL.qml
  0x0,0x0,0x2,0x74,0x0,0x0,0x0,0x0,0x0,0x1,0x0,0x0,0x58,0x2e,
  // :/qml/components/platform/ButtonPL.qml
  0x0,0x0,0x2,0x56,0x0,0x0,0x0,0x0,0x0,0x1,0x0,0x0,0x55,0x23,
  // :/qml/components/platform/SearchFieldPL.qml
  0x0,0x0,0x8,0xdc,0x0,0x0,0x0,0x0,0x0,0x1,0x0,0x1,0x27,0xef,
  // :/qml/components/platform/BusyIndicatorSmallPL.qml
  0x0,0x0,0x6,0x58,0x0,0x0,0x0,0x0,0x0,0x1,0x0,0x0,0xd0,0x47,
  // :/qml/components/platform/SliderPL.qml
  0x0,0x0,0x4,0x62,0x0,0x0,0x0,0x0,0x0,0x1,0x0,0x0,0x96,0xd8,
  // :/qml/components/platform/StylerPL.qml
  0x0,0x0,0x8,0x98,0x0,0x1,0x0,0x0,0x0,0x1,0x0,0x1,0x1b,0xb4,
  // :/qml/components/platform/FileSelectorPL.qml
  0x0,0x0,0x3,0x28,0x0,0x0,0x0,0x0,0x0,0x1,0x0,0x0,0x72,0xa5,
  // :/qml/components/platform/Cover.qml
  0x0,0x0,0x8,0xa,0x0,0x0,0x0,0x0,0x0,0x1,0x0,0x1,0x9,0x5d,
  // :/qml/components/platform/FormLayoutPL.qml
  0x0,0x0,0x6,0xfe,0x0,0x0,0x0,0x0,0x0,0x1,0x0,0x0,0xe6,0x11,
  // :/qml/components/platform/ListViewPL.qml
  0x0,0x0,0x5,0x48,0x0,0x0,0x0,0x0,0x0,0x1,0x0,0x0,0xab,0x8c,
  // :/qml/components/platform/TextSwitchPL.qml
  0x0,0x0,0x8,0x46,0x0,0x0,0x0,0x0,0x0,0x1,0x0,0x1,0x15,0x53,
  // :/qml/components/platform/ToolItemPL.qml
  0x0,0x0,0x6,0xb4,0x0,0x0,0x0,0x0,0x0,0x1,0x0,0x0,0xdc,0x87,
  // :/qml/components/platform/TextAreaPL.qml
  0x0,0x0,0x2,0xb8,0x0,0x0,0x0,0x0,0x0,0x1,0x0,0x0,0x64,0xca,
  // :/qml/components/platform/MenuDrawerSubmenuItemPL.qml
  0x0,0x0,0x3,0x92,0x0,0x0,0x0,0x0,0x0,0x1,0x0,0x0,0x7d,0xec,
  // :/qml/components/platform/DialogListPL.qml
  0x0,0x0,0x6,0x8e,0x0,0x0,0x0,0x0,0x0,0x1,0x0,0x0,0xd3,0x7c,

};

#ifdef QT_NAMESPACE
#  define QT_RCC_PREPEND_NAMESPACE(name) ::QT_NAMESPACE::name
#  define QT_RCC_MANGLE_NAMESPACE0(x) x
#  define QT_RCC_MANGLE_NAMESPACE1(a, b) a##_##b
#  define QT_RCC_MANGLE_NAMESPACE2(a, b) QT_RCC_MANGLE_NAMESPACE1(a,b)
#  define QT_RCC_MANGLE_NAMESPACE(name) QT_RCC_MANGLE_NAMESPACE2( \
        QT_RCC_MANGLE_NAMESPACE0(name), QT_RCC_MANGLE_NAMESPACE0(QT_NAMESPACE))
#else
#   define QT_RCC_PREPEND_NAMESPACE(name) name
#   define QT_RCC_MANGLE_NAMESPACE(name) name
#endif

#ifdef QT_NAMESPACE
namespace QT_NAMESPACE {
#endif

bool qRegisterResourceData(int, const unsigned char *, const unsigned char *, const unsigned char *);

bool qUnregisterResourceData(int, const unsigned char *, const unsigned char *, const unsigned char *);

#ifdef QT_NAMESPACE
}
#endif

int QT_RCC_MANGLE_NAMESPACE(qInitResources_platform_silica)();
int QT_RCC_MANGLE_NAMESPACE(qInitResources_platform_silica)()
{
    QT_RCC_PREPEND_NAMESPACE(qRegisterResourceData)
        (0x01, qt_resource_struct, qt_resource_name, qt_resource_data);
    return 1;
}

int QT_RCC_MANGLE_NAMESPACE(qCleanupResources_platform_silica)();
int QT_RCC_MANGLE_NAMESPACE(qCleanupResources_platform_silica)()
{
    QT_RCC_PREPEND_NAMESPACE(qUnregisterResourceData)
       (0x01, qt_resource_struct, qt_resource_name, qt_resource_data);
    return 1;
}

namespace {
   struct initializer {
       initializer() { QT_RCC_MANGLE_NAMESPACE(qInitResources_platform_silica)(); }
       ~initializer() { QT_RCC_MANGLE_NAMESPACE(qCleanupResources_platform_silica)(); }
   } dummy;
}
